Ensembl_ID,logrank_p,fdr,gene
ENSG00000168484.12,0.7617645403274955,0.9546135016627755,SFTPC
ENSG00000198183.12,0.20179897025355842,0.7190224570746158,BPIFA1
ENSG00000096088.16,0.21750115311791,0.7309888538220416,PGC
ENSG00000129824.16,0.17491302492136174,0.6927142473482991,RPS4Y1
ENSG00000176153.12,0.10135487072547955,0.6253398336816275,GPX2
ENSG00000171557.17,0.14182349844249711,0.6696621171687488,FGG
ENSG00000226278.1,0.9393844641564107,0.9885797730536688,PSPHP1
ENSG00000122133.17,0.4792044877356869,0.8719141432457757,PAEP
ENSG00000151632.17,0.4916451482541976,0.8745026136025867,AKR1C2
ENSG00000160182.3,0.16033985498533837,0.6838929581569986,TFF1
ENSG00000164266.11,0.6372678566426394,0.9258940903840456,SPINK1
ENSG00000149021.7,0.9439416163509472,0.9892711336977343,SCGB1A1
ENSG00000122852.15,0.8729456345917759,0.9783838026122388,SFTPA1
ENSG00000171564.12,0.22968377106338508,0.7430266615775709,FGB
ENSG00000171560.16,0.497292148972699,0.8772374019153003,FGA
ENSG00000102854.16,0.035953168004275754,0.4907711046618811,MSLN
ENSG00000161055.4,0.5310364262527922,0.8938816911342454,SCGB3A1
ENSG00000110680.13,0.935942186631761,0.9877707876523755,CALCA
ENSG00000198074.10,0.5643123850272616,0.9035268196516303,AKR1B10
ENSG00000185303.17,0.859082094211098,0.9767825170272918,SFTPA2
ENSG00000164265.9,0.4984286737433119,0.8776853691041558,SCGB3A2
ENSG00000163993.7,0.24047854725130574,0.7485579798110306,S100P
ENSG00000105388.16,0.9670574049075105,0.995099148131809,CEACAM5
ENSG00000263639.7,0.3499325422354467,0.8131787406907613,MSMB
ENSG00000282651.2,0.7435688741157676,0.9497408601738444,IGHV5-10-1
ENSG00000117983.17,0.31806436529782667,0.7999647470606707,MUC5B
ENSG00000161798.7,0.6593625457290504,0.9331066559292748,AQP5
ENSG00000125999.11,0.15407660092311948,0.6787988386535309,BPIFB1
ENSG00000281990.1,0.019244413642494122,0.4534808673388542,IGHV1-69-2
ENSG00000160180.15,0.6518006908898881,0.9303376608044333,TFF3
ENSG00000021826.17,0.5187481130374136,0.8872231470245763,CPS1
ENSG00000169903.7,0.41100828649429033,0.8492898390659616,TM4SF4
ENSG00000211935.3,0.6818523840126633,0.9385116734699985,IGHV1-3
ENSG00000171747.9,0.9578006700949134,0.9915960002124418,LGALS4
ENSG00000187134.14,0.2728272923643834,0.7707710556231608,AKR1C1
ENSG00000173702.7,0.15036358407828776,0.674538134352904,MUC13
ENSG00000168878.19,0.01099736877843078,0.42260216119490046,SFTPB
ENSG00000134827.8,0.024841594115683055,0.4600429957364149,TCN1
ENSG00000162896.6,0.8378521393764333,0.9720487404827665,PIGR
ENSG00000160862.13,0.545564713968422,0.8994501775504316,AZGP1
ENSG00000205420.11,0.009854505361792908,0.422343717894382,KRT6A
ENSG00000006016.11,0.8973210857089629,0.9849234764572464,CRLF1
ENSG00000105825.14,0.293328950147568,0.7841917201970101,TFPI2
ENSG00000282122.1,0.8101254971887181,0.9656559196447799,IGHV7-4-1
ENSG00000204544.5,0.6825857957439804,0.9385116734699985,MUC21
ENSG00000101210.13,0.5384258933112226,0.8962436233575649,EEF1A2
ENSG00000196188.12,0.5712750651006316,0.9044064082612355,CTSE
ENSG00000066405.13,0.8328457426001697,0.971080457542356,CLDN18
ENSG00000204019.5,0.07426105883262908,0.5697943248310305,CT83
ENSG00000211898.7,0.06653467664866901,0.5565737045693097,IGHD
ENSG00000104760.17,0.36991285337714286,0.8272577523927622,FGL1
ENSG00000125571.9,0.9891473019056957,0.9990212309346693,IL37
ENSG00000131668.14,0.10774752237434447,0.6356580952687706,BARX1
ENSG00000165376.11,0.16420165777807172,0.6876654434879745,CLDN2
ENSG00000170373.8,0.6440168702989648,0.9288737868649792,CST1
ENSG00000187908.20,0.6285215716173941,0.923570100785026,DMBT1
ENSG00000145824.13,0.23094888439467273,0.7432429779078834,CXCL14
ENSG00000183036.11,0.7469997401891408,0.9499217968867156,PCP4
ENSG00000139352.4,0.7645253311193783,0.9550529641747129,ASCL1
ENSG00000215182.8,0.13422934066893671,0.6652029639429288,MUC5AC
ENSG00000243955.6,0.6093640508777218,0.9199918031108124,GSTA1
ENSG00000169469.9,0.00030550485120934754,0.2685048192295488,SPRR1B
ENSG00000108602.18,0.864326948641079,0.9770556622605978,ALDH3A1
ENSG00000160181.9,0.3357316155809605,0.8056792621358324,TFF2
ENSG00000114455.13,0.7154646384795502,0.9441033806141912,HHLA2
ENSG00000078898.7,0.04476059760330019,0.5099223044203635,BPIFB2
ENSG00000124237.6,0.6837189926972398,0.9390447601421359,C20orf85
ENSG00000257017.9,0.21891332622946938,0.7318699959742615,HP
ENSG00000247627.2,0.8620862787664498,0.9767825170272918,MTND4P12
ENSG00000282639.1,0.2971130079482873,0.7854825845156927,IGHV3-64D
ENSG00000156076.10,0.700984078966975,0.943251437638336,WIF1
ENSG00000184697.7,0.10484874638742454,0.6301253749973149,CLDN6
ENSG00000253998.3,0.07096013169573302,0.5675375548162267,IGKV2-29
ENSG00000185686.18,0.23169573472695248,0.74419349195278,PRAME
ENSG00000164825.4,0.0562332370820629,0.5370653141972119,DEFB1
ENSG00000186474.15,0.2170589928674554,0.7306113334389669,KLK12
ENSG00000153446.16,0.7152611603864556,0.9441033806141912,C16orf89
ENSG00000019186.10,0.9011400301536855,0.9849234764572464,CYP24A1
ENSG00000221867.9,0.720119233670472,0.9441033806141912,MAGEA3
ENSG00000101842.14,0.03906365562753491,0.49106991772126546,VSIG1
ENSG00000166143.10,0.7460095411709349,0.9499217968867156,PPP1R14D
ENSG00000167757.14,0.04931520800160642,0.5201110603902758,KLK11
ENSG00000275896.6,0.7904227979867874,0.9608714494139055,PRSS2
ENSG00000142973.14,0.12886345321508866,0.6620855760341555,CYP4B1
ENSG00000088992.18,0.4447301747618224,0.8598988221012636,TESC
ENSG00000276775.1,0.7346010735038515,0.946497911303388,IGHV4-4
ENSG00000133636.11,0.9921682501588612,0.9995597017000601,NTS
ENSG00000131400.8,0.25347786203376077,0.7566075051649237,NAPSA
ENSG00000143320.9,0.3358185243061744,0.8056792621358324,CRABP2
ENSG00000146013.11,0.47701627931617285,0.8719141432457757,GFRA3
ENSG00000127324.9,0.10078591990813773,0.6247779204336752,TSPAN8
ENSG00000123838.11,0.8548708390738073,0.9764661858590349,C4BPA
ENSG00000196139.14,0.9791036511344703,0.9969839627241234,AKR1C3
ENSG00000211900.2,0.06129873197949051,0.5497425963240022,IGHJ6
ENSG00000213058.3,0.7273521388754007,0.944721743596785,AL365357.1
ENSG00000248144.6,0.07307009579321445,0.5697943248310305,ADH1C
ENSG00000105048.17,0.060768030123074836,0.5493930815422854,TNNT1
ENSG00000107159.13,0.0019543214144263086,0.3436589480009844,CA9
ENSG00000227097.5,0.17511317040728652,0.6927142473482991,RPS28P7
ENSG00000211950.2,0.025965906902217006,0.4654252977694876,IGHV1-24
ENSG00000196611.5,0.24635830054163912,0.7520003855537587,MMP1
ENSG00000154277.13,0.43629736550294773,0.8580587173367271,UCHL1
ENSG00000133661.17,0.1849120344732591,0.7067683164022746,SFTPD
ENSG00000173432.12,0.9353824211516913,0.9877707876523755,SAA1
ENSG00000149435.12,0.8900158656444772,0.9849234764572464,GGTLC1
ENSG00000211669.3,0.9314599191410041,0.9876697076255315,IGLV3-10
ENSG00000130600.19,0.10627495936338613,0.6324171007519722,H19
ENSG00000166961.15,0.06949783226367844,0.5642095455736198,MS4A15
ENSG00000137745.12,0.26551987950285266,0.7669445884328739,MMP13
ENSG00000211976.2,0.0825454101965767,0.5887594180837887,IGHV3-73
ENSG00000128422.17,0.05920511187914857,0.5471992480531572,KRT17
ENSG00000067048.17,0.27033207844031615,0.7699844721063297,DDX3Y
ENSG00000225972.1,0.4093780770850308,0.8487025625193162,MTND1P23
ENSG00000211974.3,0.15172771183430048,0.6755326522433247,IGHV2-70D
ENSG00000002726.21,0.7633364132909427,0.955025138659946,AOC1
ENSG00000211973.2,0.45970149199941823,0.8639198863662148,IGHV1-69
ENSG00000183607.10,0.631298108140051,0.92367383691023,GKN2
ENSG00000242265.6,0.4043978991992069,0.8462583743948848,PEG10
ENSG00000198488.10,0.7812471004674489,0.9591284440008568,B3GNT6
ENSG00000167653.5,0.21149656641830097,0.7273642784212003,PSCA
ENSG00000087128.10,0.03844536411926335,0.49106991772126546,TMPRSS11E
ENSG00000124882.4,0.0067570000790206615,0.41653625199180777,EREG
ENSG00000105696.9,0.5395673860645813,0.8964298505394434,TMEM59L
ENSG00000173467.9,0.398692975862038,0.8428343303324465,AGR3
ENSG00000134020.8,0.4872748750388266,0.8726616319647593,PEBP4
ENSG00000125851.10,0.7984413108307211,0.961891359147811,PCSK2
ENSG00000131771.14,0.7810879167882926,0.9591284440008568,PPP1R1B
ENSG00000227300.12,0.10571225347296404,0.6315588557183879,KRT16P2
ENSG00000012223.13,0.6957960295178225,0.9424247357938722,LTF
ENSG00000211638.2,0.17396760313440718,0.6927142473482991,IGLV8-61
ENSG00000162383.13,0.477013186374899,0.8719141432457757,SLC1A7
ENSG00000248485.2,0.7196265465008642,0.9441033806141912,PCP4L1
ENSG00000101470.10,0.10288338751683422,0.6275570473883878,TNNC2
ENSG00000286042.1,0.06591697495586603,0.5565737045693097,LCAL1
ENSG00000211639.2,0.2847439136541041,0.778045611914473,IGLV4-60
ENSG00000274576.2,0.6325589348347302,0.92367383691023,IGHV2-70
ENSG00000134873.10,0.048411168809154005,0.5163818598736397,CLDN10
ENSG00000163207.7,0.5072512991726444,0.8815308045340889,IVL
ENSG00000256612.7,0.15367903722568568,0.6783488752540032,CYP2B7P
ENSG00000237643.2,0.8714294077043618,0.9783838026122388,AL365226.1
ENSG00000081277.13,0.4991258616203471,0.8784698689258158,PKP1
ENSG00000211658.2,0.7526090403494438,0.9516017937839363,IGLV3-27
ENSG00000243264.2,0.4119690812684026,0.8492898390659616,IGKV2D-29
ENSG00000181449.4,0.4571689010154163,0.8618222133059921,SOX2
ENSG00000230076.1,0.5372914229196573,0.895490331394605,RPL10P6
ENSG00000127831.11,0.36957643390942785,0.8271497146862344,VIL1
ENSG00000109321.11,0.02523762851676144,0.46468728909676743,AREG
ENSG00000134398.15,0.5746747958244882,0.9063960057339171,ERN2
ENSG00000280411.1,0.12092424118163107,0.6574794830232176,IGHV1-69D
ENSG00000107984.10,0.004189925888491843,0.3642012503073679,DKK1
ENSG00000206075.14,0.011015727669204507,0.42260216119490046,SERPINB5
ENSG00000171885.18,0.6949131429298111,0.9424247357938722,AQP4
ENSG00000211642.3,0.6788162340232513,0.9385116734699985,IGLV10-54
ENSG00000266968.2,0.29513653619507885,0.7841917201970101,AC023421.1
ENSG00000211662.2,0.3495948884088611,0.8131787406907613,IGLV3-21
ENSG00000065618.21,0.1011247258697588,0.6253398336816275,COL17A1
ENSG00000211670.2,0.8163324852838695,0.9678725546419633,IGLV3-9
ENSG00000178343.5,0.31684743599227594,0.798715180800932,SHISA3
ENSG00000113924.12,0.44930779936329746,0.8598988221012636,HGD
ENSG00000211959.2,0.13374179717724227,0.664923805199414,IGHV4-39
ENSG00000211934.3,0.6890578226173857,0.9398816825207783,IGHV1-2
ENSG00000099994.11,0.1693249750886907,0.6919855240272451,SUSD2
ENSG00000251039.2,0.6558653373028991,0.9325338476798936,IGKV2D-40
ENSG00000262406.3,0.945827040564324,0.9892711336977343,MMP12
ENSG00000211685.3,0.13196279690476617,0.6644572316236499,IGLC7
ENSG00000253755.1,0.261929751468153,0.7643131248871688,IGHGP
ENSG00000211942.3,0.04909386752238642,0.5198560804579339,IGHV3-13
ENSG00000211951.2,0.6842774884892298,0.9390447601421359,IGHV2-26
ENSG00000162482.5,0.7698187455293255,0.9563717850694351,AKR7A3
ENSG00000223350.2,0.9175004592734588,0.9874506284859019,IGLV9-49
ENSG00000211637.2,0.47120078439165547,0.8691544825147289,IGLV4-69
ENSG00000060718.22,0.007250528874392379,0.417071814080062,COL11A1
ENSG00000229314.5,0.9277851855128982,0.9876697076255315,ORM1
ENSG00000110195.14,0.4199194851702135,0.8517252310869954,FOLR1
ENSG00000240864.3,0.24274488850535259,0.7494582623252689,IGKV1-16
ENSG00000148346.12,0.22149738058678597,0.734906925513331,LCN2
ENSG00000211892.4,0.02864591939796409,0.46736965671443764,IGHG4
ENSG00000211611.2,0.048544067934496664,0.5163818598736397,IGKV6-21
ENSG00000211968.3,0.33960025826062934,0.8069204093846735,IGHV1-58
ENSG00000287627.1,0.460963339559062,0.8648756117804991,AL359704.2
ENSG00000137673.9,0.5722261318740284,0.9052420200323988,MMP7
ENSG00000132840.10,0.9246331523591428,0.9876697076255315,BHMT2
ENSG00000231475.3,0.31085002701392833,0.7955355439635531,IGHV4-31
ENSG00000198930.13,0.04113736444678516,0.49678863018942077,CSAG1
ENSG00000153292.16,0.2802238075943945,0.7766539306487948,ADGRF1
ENSG00000211655.3,0.8698206256522213,0.9783838026122388,IGLV1-36
ENSG00000231106.2,0.03919619927828667,0.49106991772126546,LINC01436
ENSG00000211955.2,0.09969010234875834,0.6244867620898755,IGHV3-33
ENSG00000125740.14,0.6426868154931094,0.9288737868649792,FOSB
ENSG00000170689.10,0.0352868484371467,0.4905430072721097,HOXB9
ENSG00000099937.11,0.9012724307715219,0.9849234764572464,SERPIND1
ENSG00000259803.7,0.41767749879193183,0.8508898477243562,SLC22A31
ENSG00000255026.1,0.7107164641726982,0.9437001604195177,AC136475.3
ENSG00000137440.5,0.00078074760659,0.3251137189732896,FGFBP1
ENSG00000124107.5,0.7028177566568765,0.9433377204586122,SLPI
ENSG00000211899.10,0.1694375806513969,0.6919855240272451,IGHM
ENSG00000170561.13,0.14629145727084958,0.6702993118382483,IRX2
ENSG00000137285.10,0.8919762938345452,0.9849234764572464,TUBB2B
ENSG00000211640.4,0.902955309530489,0.9855631983422337,IGLV6-57
ENSG00000181617.6,0.044567410604945006,0.5099223044203635,FDCSP
ENSG00000249628.3,0.0043887544779088634,0.37733747739412077,LINC00942
ENSG00000116031.9,0.19836066489110496,0.7167313718939021,CD207
ENSG00000186081.12,0.37457423371298204,0.8310993198252902,KRT5
ENSG00000211663.2,0.7001061957553532,0.9431477051501473,IGLV3-19
ENSG00000200033.1,0.7299359494336313,0.9449985659619017,RNU6-403P
ENSG00000211966.2,0.14029130576867999,0.6695943601910094,IGHV5-51
ENSG00000211896.7,0.02351096942837065,0.45446155147114187,IGHG1
ENSG00000204305.14,0.11592792851521794,0.6527875549963761,AGER
ENSG00000174502.19,0.21200414660710773,0.7276690192202778,SLC26A9
ENSG00000123999.5,0.2542899018481556,0.7572932772190727,INHA
ENSG00000086548.9,0.4411821994637688,0.858229591755151,CEACAM6
ENSG00000240041.1,0.0997614312020156,0.6244867620898755,IGHJ4
ENSG00000211937.3,0.12032012361866325,0.6573930488935716,IGHV2-5
ENSG00000237111.1,0.15709985276226227,0.6806689919609344,IGHJ3P
ENSG00000189058.9,0.6406345627616509,0.9284388771426637,APOD
ENSG00000118785.14,0.0821949484018818,0.5873189176683694,SPP1
ENSG00000105664.11,0.7293005384647446,0.9449985659619017,COMP
ENSG00000175426.11,0.13242020085366846,0.6644572316236499,PCSK1
ENSG00000102109.9,0.4860082426195693,0.8726616319647593,PCSK1N
ENSG00000091583.11,0.2670177469537619,0.7678582761200466,APOH
ENSG00000157765.13,0.1278707176242566,0.6620855760341555,SLC34A2
ENSG00000211965.4,0.5548942496876808,0.9035268196516303,IGHV3-49
ENSG00000148702.15,0.19773245154155866,0.7167313718939021,HABP2
ENSG00000211946.3,0.12355023544085318,0.6575903912309904,IGHV3-20
ENSG00000007062.12,0.9871299985513401,0.9979803538523901,PROM1
ENSG00000198732.11,0.3913242581602121,0.8409678168383927,SMOC1
ENSG00000115009.13,0.024337344774047087,0.45658522574720506,CCL20
ENSG00000205426.10,0.009617890711288019,0.422343717894382,KRT81
ENSG00000223648.4,0.4094372918550835,0.8487025625193162,IGHV3-64
ENSG00000237541.4,0.20508033063294953,0.7222714121811048,HLA-DQA2
ENSG00000175315.3,0.011796078252310981,0.42500769577816633,CST6
ENSG00000164379.7,0.4815964031121449,0.8719141432457757,FOXQ1
ENSG00000073756.12,0.6176707629832978,0.9208522890139409,PTGS2
ENSG00000162551.14,0.9166484838891165,0.9874506284859019,ALPL
ENSG00000244067.3,0.3285743845469873,0.8052370663303848,GSTA2
ENSG00000198848.13,0.11264461854487279,0.6442653164786288,CES1
ENSG00000240382.3,0.8232721630082834,0.9683758068252137,IGKV1-17
ENSG00000211654.2,0.938663466597281,0.9885797730536688,IGLV5-37
ENSG00000124102.5,0.18199693876181755,0.7032962985541095,PI3
ENSG00000211941.3,0.7164453394910452,0.9441033806141912,IGHV3-11
ENSG00000167656.5,0.3647924473546855,0.8235807736994303,LY6D
ENSG00000211945.2,0.5967441576712866,0.9119486644474261,IGHV1-18
ENSG00000019102.12,0.39743072604982566,0.8418423607478821,VSIG2
ENSG00000211947.2,0.3548773982759512,0.8181522064595669,IGHV3-21
ENSG00000170890.14,0.38960555654306495,0.8405882353937303,PLA2G1B
ENSG00000211598.2,0.606701342292898,0.9177315224305147,IGKV4-1
ENSG00000180818.5,0.7715350748832542,0.9563961752089646,HOXC10
ENSG00000124939.6,0.8950266759022482,0.9849234764572464,SCGB2A1
ENSG00000003989.18,0.6723001676413305,0.9380611862158953,SLC7A2
ENSG00000211659.2,0.9347107124682574,0.9877707876523755,IGLV3-25
ENSG00000172927.8,0.052028793607195076,0.5249333640725932,MYEOV
ENSG00000287770.1,0.5913929918284915,0.9099406358722543,AC107385.2
ENSG00000211904.2,0.05916093816582892,0.5471992480531572,IGHJ2
ENSG00000211905.1,0.06647358060224534,0.5565737045693097,IGHJ1
ENSG00000253665.1,0.0616003073120918,0.5501206033923762,LINC02866
ENSG00000211666.2,0.53398573045221,0.8938816911342454,IGLV2-14
ENSG00000169562.13,0.9426420203474889,0.98888717134306,GJB1
ENSG00000264175.1,0.8946209953368512,0.9849234764572464,MIR3189
ENSG00000158825.6,0.11192981406680971,0.6406402527268197,CDA
ENSG00000202538.1,0.695194588108863,0.9424247357938722,RNU4-2
ENSG00000108176.15,0.9780305480230158,0.9969839627241234,DNAJC12
ENSG00000159212.13,0.4564106433390419,0.8612137854990033,CLIC6
ENSG00000136110.13,0.9413892520977286,0.98888717134306,CNMD
ENSG00000125872.8,0.7714827983148893,0.9563961752089646,LRRN4
ENSG00000244575.3,0.42543915307744284,0.8539009644360753,IGKV1-27
ENSG00000276566.1,0.0827149484436754,0.5894371551256508,IGKV1D-13
ENSG00000211664.3,0.4464707925365087,0.8598988221012636,IGLV2-18
ENSG00000132821.12,0.06538458017711435,0.5565737045693097,VSTM2L
ENSG00000211933.2,0.24141983897720307,0.7485579798110306,IGHV6-1
ENSG00000159763.4,0.9509141820197504,0.9901922126434592,PIP
ENSG00000131910.5,0.02749026022307548,0.4666265200955516,NR0B2
ENSG00000047457.14,0.5407656358545478,0.896741337444334,CP
ENSG00000213401.10,0.2749319009226774,0.7718333667520658,MAGEA12
ENSG00000140297.13,0.6862178411669495,0.9392997169882443,GCNT3
ENSG00000211964.3,0.3043055873516951,0.7901040446884374,IGHV3-48
ENSG00000022556.16,0.044792765321391245,0.5099223044203635,NLRP2
ENSG00000211962.2,0.17913035522349186,0.6979906944915373,IGHV1-46
ENSG00000228278.5,0.9676114149351438,0.9952934059996082,ORM2
ENSG00000243290.3,0.2635524173555317,0.7654507827544474,IGKV1-12
ENSG00000164120.14,0.07483236889004222,0.5697943248310305,HPGD
ENSG00000131746.13,0.0316352664173399,0.4756355531207096,TNS4
ENSG00000253818.1,0.413401826200559,0.849345677191902,IGLV1-41
ENSG00000116299.17,0.009941971427831394,0.422343717894382,ELAPOR1
ENSG00000241294.1,0.800070333416803,0.961891359147811,IGKV2-24
ENSG00000211668.2,0.6670582015381947,0.9354155514271939,IGLV2-11
ENSG00000186832.9,0.018177342813617915,0.4534808673388542,KRT16
ENSG00000171246.6,0.9846580975423072,0.997869636488817,NPTX1
ENSG00000241755.1,0.7638614250090109,0.955025138659946,IGKV1-9
ENSG00000163220.11,0.044075414974507184,0.5099223044203635,S100A9
ENSG00000243466.1,0.03806946849176887,0.49106991772126546,IGKV1-5
ENSG00000211650.2,0.5518981148162914,0.9028106760495546,IGLV5-45
ENSG00000163735.7,0.2625007414549732,0.764495819167249,CXCL5
ENSG00000211956.2,0.06886421420594188,0.5642095455736198,IGHV4-34
ENSG00000274002.1,0.4321611111962802,0.855072204492913,AL135999.3
ENSG00000232216.1,0.41208887024229024,0.8492898390659616,IGHV3-43
ENSG00000171903.16,0.23294016704942583,0.744733634506012,CYP4F11
ENSG00000224373.3,0.12913436425601516,0.6620855760341555,IGHV4-59
ENSG00000103316.12,0.7992593710571262,0.961891359147811,CRYM
ENSG00000173267.14,0.1230733850708928,0.6575903912309904,SNCG
ENSG00000108551.5,0.20814851266370069,0.7244173771688763,RASD1
ENSG00000166959.8,0.30482832471530685,0.7905398218293899,MS4A8
ENSG00000106927.12,0.5896468850383176,0.9086512489096226,AMBP
ENSG00000272620.2,0.4323285456550694,0.855072204492913,AFAP1-AS1
ENSG00000150201.15,0.8895575621914661,0.9849234764572464,FXYD4
ENSG00000137825.11,0.026455731125927365,0.4654252977694876,ITPKA
ENSG00000225523.2,0.16508796966084544,0.6881376801089658,IGKV6D-21
ENSG00000211660.3,0.2191504960087317,0.7320842509942724,IGLV2-23
ENSG00000244437.1,0.1519092060288094,0.6758165465061206,IGKV3-15
ENSG00000242472.1,0.01225360911313256,0.42500769577816633,IGHJ5
ENSG00000133710.16,0.544685570864872,0.8994501775504316,SPINK5
ENSG00000251532.1,0.16847434559497532,0.6911992083279329,AC091849.2
ENSG00000179593.16,0.679076472530654,0.9385116734699985,ALOX15B
ENSG00000178473.7,0.9880174220421761,0.9986222602036307,UCN3
ENSG00000133063.16,0.05991674000083709,0.5485465594748047,CHIT1
ENSG00000241244.1,0.43836772618565034,0.8582249401666611,IGKV1D-16
ENSG00000242887.1,0.08798976777371577,0.6015457757754022,IGHJ3
ENSG00000135744.8,0.3806214711396998,0.8368375148908733,AGT
ENSG00000287673.1,0.5509788315785402,0.9023276517155804,AC051635.1
ENSG00000211673.2,0.3986856620343615,0.8428343303324465,IGLV3-1
ENSG00000134258.17,0.9712456170679351,0.9954557710227082,VTCN1
ENSG00000253451.1,0.585722375848864,0.9076064088245793,IGLV2-28
ENSG00000189377.9,0.4177552678269829,0.8508898477243562,CXCL17
ENSG00000211652.2,0.8347647428725486,0.9715926353890115,IGLV7-43
ENSG00000196260.5,0.29868375512555606,0.7873501442511079,SFTA2
ENSG00000019169.10,0.7868731684527449,0.9608714494139055,MARCO
ENSG00000099953.10,0.4470326383198724,0.8598988221012636,MMP11
ENSG00000019505.8,0.4362551768970673,0.8580587173367271,SYT13
ENSG00000271447.6,0.3282498959888121,0.8052370663303848,MMP28
ENSG00000211653.2,0.5690428268093335,0.9041905959309144,IGLV1-40
ENSG00000080293.10,0.782546258771689,0.9595440264603029,SCTR
ENSG00000007402.12,0.036704967112253156,0.49106991772126546,CACNA2D2
ENSG00000239855.1,0.49544176976552123,0.8768203004666563,IGKV1-6
ENSG00000218048.2,0.3677970650470386,0.825237396974905,AL121949.1
ENSG00000138755.6,0.579583414255979,0.9070406342289169,CXCL9
ENSG00000244734.4,0.79703181335154,0.961891359147811,HBB
ENSG00000211593.2,0.34083558282389836,0.8074302066897383,IGKJ5
ENSG00000143452.16,0.07271319645355794,0.5697943248310305,HORMAD1
ENSG00000211943.2,0.4817842745444565,0.8719141432457757,IGHV3-15
ENSG00000254143.1,0.15745193748469774,0.6806689919609344,AC022733.1
ENSG00000278196.3,0.8620517156900591,0.9767825170272918,IGLV2-8
ENSG00000270550.1,0.8481933529521878,0.9746438889486686,IGHV3-30
ENSG00000169297.8,0.8718732208524742,0.9783838026122388,NR0B1
ENSG00000145423.5,0.2341295102672789,0.7455573374453205,SFRP2
ENSG00000198692.10,0.2579614971187433,0.7617430548697861,EIF1AY
ENSG00000125798.15,0.7103570001469534,0.9437001604195177,FOXA2
ENSG00000211649.3,0.9396274036225656,0.9885797730536688,IGLV7-46
ENSG00000243238.1,0.4693645914815633,0.8686029686938693,IGKV2-30
ENSG00000158477.7,0.6977564933701386,0.9424803011200346,CD1A
ENSG00000188910.8,0.0008544733520844122,0.3251137189732896,GJB3
ENSG00000156234.7,0.07246758783687568,0.5697943248310305,CXCL13
ENSG00000242371.1,0.8219378012062692,0.9683758068252137,IGKV1-39
ENSG00000211970.3,0.05768465865253426,0.5397820636960805,IGHV4-61
ENSG00000079112.10,0.12210333256145468,0.6574794830232176,CDH17
ENSG00000157399.16,0.6908968216776407,0.9401331256614722,ARSL
ENSG00000178372.8,0.6905385313870229,0.9398816825207783,CALML5
ENSG00000134184.13,0.5027792946367873,0.8797335313263187,GSTM1
ENSG00000089199.10,0.7250579940095239,0.9442459796555969,CHGB
ENSG00000165272.16,0.45597661290782465,0.8611446432295087,AQP3
ENSG00000286818.1,0.9466869423350105,0.9892711336977343,AC008496.3
ENSG00000109511.12,0.48173368457585153,0.8719141432457757,ANXA10
ENSG00000211599.2,0.09920304180380995,0.6244867620898755,IGKV5-2
ENSG00000074410.14,0.7610159206479138,0.9546114685332002,CA12
ENSG00000211938.2,0.1360565753332747,0.6672073909128985,IGHV3-7
ENSG00000224041.3,0.22998184308181452,0.7430266615775709,IGKV3D-15
ENSG00000211651.3,0.43231357111568314,0.855072204492913,IGLV1-44
ENSG00000147689.16,0.10060035431855521,0.6244867620898755,FAM83A
ENSG00000012817.16,0.7457554129069383,0.9499217968867156,KDM5D
ENSG00000166105.16,0.7811964719014503,0.9591284440008568,GLB1L3
ENSG00000137699.17,0.3452100439470499,0.8117156503035566,TRIM29
ENSG00000117472.10,0.4959612363378383,0.8768203004666563,TSPAN1
ENSG00000211890.4,0.8611325430358561,0.9767825170272918,IGHA2
ENSG00000211961.3,0.2638415002667236,0.7658665200402875,IGHV1-45
ENSG00000268104.3,0.0650633680028639,0.5565737045693097,SLC6A14
ENSG00000176532.4,0.1588351991225359,0.6838929581569986,PRR15
ENSG00000041982.16,0.21632735138929832,0.7293901745478899,TNC
ENSG00000239951.1,0.48034308835038086,0.8719141432457757,IGKV3-20
ENSG00000075461.6,0.9263828056710851,0.9876697076255315,CACNG4
ENSG00000145920.15,0.31229661052844593,0.7959477258037949,CPLX2
ENSG00000282431.1,0.4036535018788949,0.8458011125462408,TRBD1
ENSG00000240671.4,0.1904829647884859,0.7103139405117631,IGKV1-8
ENSG00000197249.14,0.6308276581707184,0.92367383691023,SERPINA1
ENSG00000211895.5,0.44034499902086377,0.8582249401666611,IGHA1
ENSG00000165449.11,0.031500747010390094,0.4756355531207096,SLC16A9
ENSG00000211648.2,0.9200498999787015,0.9874506284859019,IGLV1-47
ENSG00000023839.12,0.02164382919115233,0.45446155147114187,ABCC2
ENSG00000165973.19,0.25200366345925557,0.7550564310464816,NELL1
ENSG00000148735.15,0.41584621422720447,0.8508898477243562,PLEKHS1
ENSG00000169894.18,0.9924140894573884,0.9995597017000601,MUC3A
ENSG00000211897.9,0.648322848326256,0.9298185784418065,IGHG3
ENSG00000007038.11,0.9498001974530923,0.9900147107195209,PRSS21
ENSG00000143512.13,0.007305244149640526,0.417071814080062,HHIPL2
ENSG00000069764.10,0.9822460059094525,0.9973768814818703,PLA2G10
ENSG00000115457.10,0.8307410008855813,0.9709332612582274,IGFBP2
ENSG00000262902.1,0.8922348403539686,0.9849234764572464,MTCO1P40
ENSG00000229391.7,0.4060114451110731,0.8462583743948848,HLA-DRB6
ENSG00000130294.17,0.22669646237624436,0.7404427847421226,KIF1A
ENSG00000242766.1,0.2332253158401362,0.744733634506012,IGKV1D-17
ENSG00000235584.3,0.6865722787037122,0.9392997169882443,AC008268.1
ENSG00000241351.3,0.031390517975193724,0.4756355531207096,IGKV3-11
ENSG00000224650.2,0.27464415514487583,0.7717354412774308,IGHV3-74
ENSG00000211625.2,0.20705769369110175,0.7244173771688763,IGKV3D-20
ENSG00000213937.4,0.2175408042853459,0.7309888538220416,CLDN9
ENSG00000233913.7,0.7879585177322418,0.9608714494139055,RPL10P9
ENSG00000057149.16,0.3373754221311298,0.8065126189054084,SERPINB3
ENSG00000211949.3,0.18533572262603148,0.7067683164022746,IGHV3-23
ENSG00000145113.22,0.4473921616122375,0.8598988221012636,MUC4
ENSG00000129437.11,0.7264853926585574,0.9442459796555969,KLK14
ENSG00000115828.17,0.9652834452809644,0.9943598867954815,QPCT
ENSG00000070526.15,0.8941139777525158,0.9849234764572464,ST6GALNAC1
ENSG00000251546.1,0.979731259934337,0.9969839627241234,IGKV1D-39
ENSG00000155622.7,0.1703714662065154,0.692517110839433,XAGE2
ENSG00000196754.13,0.11680838590945715,0.6537678536470838,S100A2
ENSG00000227066.2,0.31747693640558006,0.7992497030452382,Z98257.1
ENSG00000147889.18,0.6355693872820896,0.925087316550597,CDKN2A
ENSG00000211594.2,0.2903556310636747,0.7833264125899273,IGKJ4
ENSG00000169474.4,0.208066777431858,0.7244173771688763,SPRR1A
ENSG00000163216.7,0.022470412467976486,0.45446155147114187,SPRR2D
ENSG00000129654.8,0.3110800360947522,0.7955355439635531,FOXJ1
ENSG00000211967.3,0.1422146905479255,0.6696621171687488,IGHV3-53
ENSG00000109255.11,0.27419955703844445,0.7713081423094224,NMU
ENSG00000163631.17,0.31715220985972664,0.7991558462261232,ALB
ENSG00000239975.2,0.724664991086831,0.9442459796555969,IGKV1D-33
ENSG00000174514.13,0.6185433903631384,0.9208522890139409,MFSD4A
ENSG00000272405.1,0.018916717741579322,0.4534808673388542,AL365181.3
ENSG00000229807.12,0.6512520944135507,0.9303376608044333,XIST
ENSG00000114638.8,0.02062557533377652,0.4534808673388542,UPK1B
ENSG00000131050.11,0.9868149469090659,0.9979803538523901,BPIFA2
ENSG00000167741.11,0.03425256667188028,0.4866736317915008,GGT6
ENSG00000185269.12,0.045149686252811856,0.5099223044203635,NOTUM
ENSG00000104368.19,0.5874935778968506,0.9076064088245793,PLAT
ENSG00000188505.5,0.4129508473910145,0.849345677191902,NCCRP1
ENSG00000185290.4,0.3218095297829934,0.8026770804376723,NUPR2
ENSG00000105976.16,0.1568571681026888,0.6806689919609344,MET
ENSG00000211592.8,0.10622874428312051,0.6324171007519722,IGKC
ENSG00000243836.5,0.11079580509636602,0.6400259903625983,WDR86-AS1
ENSG00000166670.10,0.09478265803401795,0.6125251838636291,MMP10
ENSG00000094755.17,0.994641205901532,0.9995597017000601,GABRP
ENSG00000184956.16,0.7075934535727177,0.9436811839781982,MUC6
ENSG00000283907.1,0.6218439882090919,0.9212934906787632,AD000090.1
ENSG00000198744.5,0.5041927765324551,0.8806972250572762,MTCO3P12
ENSG00000211679.2,0.1523645036718744,0.6767369910932969,IGLC3
ENSG00000188257.12,0.42055628528560984,0.852182583377995,PLA2G2A
ENSG00000231292.6,0.7986698961854283,0.961891359147811,IGKV1OR2-108
ENSG00000240583.13,0.6565108239609141,0.9325338476798936,AQP1
ENSG00000211930.1,0.14403224667527756,0.6700104443450697,IGHD3-3
ENSG00000280002.1,0.5051483325012468,0.8806972250572762,AC078925.4
ENSG00000211893.4,0.5553665072711766,0.9035268196516303,IGHG2
ENSG00000184564.11,0.1458937404015393,0.6702993118382483,SLITRK6
ENSG00000203697.12,0.5397315808793164,0.8964298505394434,CAPN8
ENSG00000078725.13,0.7623632730725352,0.9546135016627755,BRINP1
ENSG00000211595.2,0.39691212485619265,0.8418423607478821,IGKJ3
ENSG00000171476.22,0.8357734005025853,0.9715926353890115,HOPX
ENSG00000180730.5,0.03618107557127333,0.4907711046618811,SHISA2
ENSG00000095713.14,0.05546088474223742,0.5365629721360318,CRTAC1
ENSG00000125398.8,0.5795885801977556,0.9070406342289169,SOX9
ENSG00000167772.12,0.019938315639756857,0.4534808673388542,ANGPTL4
ENSG00000244116.3,0.2441099976665382,0.7504382186229313,IGKV2-28
ENSG00000171346.16,0.5708240775363969,0.904309724276567,KRT15
ENSG00000129988.6,0.11870312305866124,0.656774723931987,LBP
ENSG00000146166.17,0.9146273994802768,0.9874506284859019,LGSN
ENSG00000228952.1,0.4620545242682986,0.8655732389424213,LINC02041
ENSG00000167759.13,0.06036297104609599,0.549004111831765,KLK13
ENSG00000112936.19,0.9092294208728995,0.9872346903369438,C7
ENSG00000242076.2,0.951530496618781,0.9901922126434592,IGKV1-33
ENSG00000187045.19,0.6073653561738115,0.9179946738238202,TMPRSS6
ENSG00000277639.2,0.6272317098859201,0.923570100785026,AC007906.2
ENSG00000172724.12,0.5640811215260211,0.9035268196516303,CCL19
ENSG00000127249.15,0.32678347219894116,0.805154585403318,ATP13A4
ENSG00000275395.6,0.9002919547926055,0.9849234764572464,FCGBP
ENSG00000232629.9,0.5884995617270514,0.9076064088245793,HLA-DQB2
ENSG00000242534.2,0.7915646504286475,0.9608714494139055,IGKV2D-28
ENSG00000064655.19,0.6286635749946308,0.923570100785026,EYA2
ENSG00000225383.8,0.9252864833648197,0.9876697076255315,SFTA1P
ENSG00000225698.3,0.4061959430345523,0.8464198918343806,IGHV3-72
ENSG00000170477.13,0.5649642627836273,0.9035459161481156,KRT4
ENSG00000211597.2,0.3342558733160039,0.8054859623092716,IGKJ1
ENSG00000242640.1,0.14694045597060967,0.6702993118382483,RPS29P11
ENSG00000278771.1,0.20532245206150637,0.7222714121811048,RN7SL3
ENSG00000133135.14,0.23508967303023917,0.7462116025959838,RNF128
ENSG00000211972.2,0.8467922509569511,0.9746438889486686,IGHV3-66
ENSG00000132437.18,0.5682978105648842,0.9041905959309144,DDC
ENSG00000179639.10,0.5599340199657188,0.9035268196516303,FCER1A
ENSG00000167755.15,0.12852756654357458,0.6620855760341555,KLK6
ENSG00000077274.9,0.8223522668292255,0.9683758068252137,CAPN6
ENSG00000181218.5,0.7749949752327399,0.9576432923337443,H2AW
ENSG00000166736.11,0.18901031834691914,0.7103139405117631,HTR3A
ENSG00000259337.4,0.9141990026855066,0.9874506284859019,IGHV1OR15-2
ENSG00000198691.13,0.13130451667427212,0.664321988623461,ABCA4
ENSG00000211632.4,0.3372090952589728,0.8065126189054084,IGKV3D-11
ENSG00000133048.13,0.6576745580496319,0.9325338476798936,CHI3L1
ENSG00000114631.11,0.6867166389647967,0.9392997169882443,PODXL2
ENSG00000106541.12,0.17240736749245322,0.6927142473482991,AGR2
ENSG00000168631.13,0.49138852226508645,0.8743233514074497,MUCL3
ENSG00000124429.18,0.45812652676473065,0.862485456247127,POF1B
ENSG00000069011.16,0.04849135641674038,0.5163818598736397,PITX1
ENSG00000225825.1,0.07761929956267488,0.5738024855521106,IGHD6-25
ENSG00000100170.10,0.965376977543947,0.9943598867954815,SLC5A1
ENSG00000169245.6,0.9870591623902785,0.9979803538523901,CXCL10
ENSG00000157404.16,0.06772461930792201,0.5609442290321079,KIT
ENSG00000258053.1,0.47071857644155035,0.8686029686938693,AC025575.2
ENSG00000214263.2,0.41283165573180636,0.849345677191902,RPSAP53
ENSG00000135346.9,0.29508572635753844,0.7841917201970101,CGA
ENSG00000090382.7,0.3426368387232229,0.8090139116990226,LYZ
ENSG00000142484.7,0.3036214416845063,0.7897552133260258,TM4SF5
ENSG00000169550.14,0.8620380449793859,0.9767825170272918,MUC15
ENSG00000068078.20,0.47231782766351404,0.8699475585648171,FGFR3
ENSG00000174564.13,0.0024548405688907173,0.3436589480009844,IL20RB
ENSG00000047936.11,0.8675933980129973,0.9781922124326025,ROS1
ENSG00000183844.17,0.4530521508663423,0.8600080546187959,FAM3B
ENSG00000137948.18,0.5160734202072625,0.8853053511729732,BRDT
ENSG00000123843.13,0.5713424553832357,0.9044064082612355,C4BPB
ENSG00000169035.12,0.7495333053975631,0.9507390066861329,KLK7
ENSG00000211952.3,0.43858235194319695,0.8582249401666611,IGHV4-28
ENSG00000196616.14,0.4670941546651144,0.8680627299267651,ADH1B
ENSG00000142102.16,0.881303128175467,0.9807411007129916,PGGHG
ENSG00000165474.8,0.02348397781099319,0.45446155147114187,GJB2
ENSG00000211677.2,0.3083314201786958,0.7946893234322202,IGLC2
ENSG00000164488.12,0.35579306533681654,0.8193080485630914,DACT2
ENSG00000255007.1,0.0041485722691412845,0.3642012503073679,LINC02489
ENSG00000103044.11,0.7084449621682021,0.9436811839781982,HAS3
ENSG00000154269.15,0.5243877073527619,0.8895261669503244,ENPP3
ENSG00000275385.2,0.42730078277559,0.8546819438080139,CCL18
ENSG00000171658.8,0.9443253786613964,0.9892711336977343,NMRAL2P
ENSG00000183971.10,0.8661268645997807,0.9777633497436868,NPW
ENSG00000127129.10,0.5226097032554109,0.8885054864777095,EDN2
ENSG00000186529.16,0.8572897560331525,0.9767825170272918,CYP4F3
ENSG00000175445.17,0.7307004948140083,0.9454141450003144,LPL
ENSG00000123500.10,0.9314164853689753,0.9876697076255315,COL10A1
ENSG00000152785.8,0.9964356310091385,0.9995597017000601,BMP3
ENSG00000231683.6,0.372793801889324,0.8297849003349583,AL033397.1
ENSG00000224237.1,0.7018292998796536,0.9433377204586122,MICOS10P3
ENSG00000224607.4,0.09332957106995524,0.6102695387767496,IGKV1D-27
ENSG00000173227.14,0.4200433724127204,0.8517252310869954,SYT12
ENSG00000181019.13,0.757060665488463,0.9534070791297152,NQO1
ENSG00000102243.13,0.9423691334304929,0.98888717134306,VGLL1
ENSG00000181374.8,0.7140628764617654,0.9440985964911512,CCL13
ENSG00000238840.1,0.5103718256629634,0.8832342440599988,U8
ENSG00000170608.3,0.20422830518535146,0.7219515486589062,FOXA3
ENSG00000124664.11,0.5452816486142613,0.8994501775504316,SPDEF
ENSG00000182795.13,0.41350608735572125,0.849345677191902,C1orf116
ENSG00000048540.15,0.6644566458252195,0.9347924914693666,LMO3
ENSG00000162366.8,0.5883110261775377,0.9076064088245793,PDZK1IP1
ENSG00000129451.12,0.9939954774496645,0.9995597017000601,KLK10
ENSG00000186493.13,0.2771484147055806,0.7729256421458272,C5orf38
ENSG00000132465.12,0.05601869176630833,0.5370653141972119,JCHAIN
ENSG00000224817.2,0.9113600993238201,0.9872860397490922,AC010789.1
ENSG00000224585.1,0.4490330441988434,0.8598988221012636,AC103563.1
ENSG00000137648.19,0.8391433101935215,0.9721182752827702,TMPRSS4
ENSG00000114771.14,0.4323173355810902,0.855072204492913,AADAC
ENSG00000053108.17,0.22412435393301136,0.7375879981066568,FSTL4
ENSG00000143546.10,0.49953165631155316,0.8784698689258158,S100A8
ENSG00000095739.11,0.24814903377603667,0.7525991292655084,BAMBI
ENSG00000149043.16,0.18545166522759174,0.7067683164022746,SYT8
ENSG00000062038.14,0.10715701965920066,0.6345083777054531,CDH3
ENSG00000064787.13,0.9954525434295625,0.9995597017000601,BCAS1
ENSG00000100033.16,0.5764678032014723,0.9067595794155162,PRODH
ENSG00000130513.6,0.3411508909975696,0.8076933695871822,GDF15
ENSG00000169429.11,0.7639712284646233,0.955025138659946,CXCL8
ENSG00000162949.16,0.03797039897280265,0.49106991772126546,CAPN13
ENSG00000188906.16,0.8654631524442942,0.9774148394966258,LRRK2
ENSG00000167972.14,0.21118197237969588,0.7269144480084396,ABCA3
ENSG00000104140.7,0.060455057640598,0.549004111831765,RHOV
ENSG00000116711.10,0.12523278293772042,0.6582002079982514,PLA2G4A
ENSG00000157064.11,0.023360052352800396,0.45446155147114187,NMNAT2
ENSG00000114248.10,0.7088539703596952,0.9436811839781982,LRRC31
ENSG00000168447.11,0.041634879071414936,0.4982139846093936,SCNN1B
ENSG00000164972.13,0.905792769124647,0.9864753819765635,C9orf24
ENSG00000146477.6,0.7140302066544792,0.9440985964911512,SLC22A3
ENSG00000259974.3,0.34818192306442697,0.8131787406907613,LINC00261
ENSG00000259342.1,0.49523561422100937,0.8768203004666563,AC025580.1
ENSG00000165092.13,0.0916551484006468,0.6095470036770904,ALDH1A1
ENSG00000240476.1,0.021805600590615554,0.45446155147114187,LINC00973
ENSG00000166592.12,0.6990707690580253,0.9431477051501473,RRAD
ENSG00000198758.11,0.2497189717179591,0.7531596284340898,EPS8L3
ENSG00000138308.6,0.2929934723888027,0.7841917201970101,PLA2G12B
ENSG00000200087.1,0.40097151643628914,0.8444215855014771,SNORA73B
ENSG00000136352.19,0.6310215661945896,0.92367383691023,NKX2-1
ENSG00000163053.11,0.2365272098815259,0.747260698224299,SLC16A14
ENSG00000179083.6,0.46517406328226496,0.866995014270197,FAM133A
ENSG00000171431.4,0.24636924326613846,0.7520003855537587,KRT20
ENSG00000161905.13,0.3836834710668927,0.838267046379356,ALOX15
ENSG00000282600.2,0.3862650267564719,0.8384132201295119,IGHV3-69-1
ENSG00000182272.12,0.10835649104876643,0.636910524192222,B4GALNT4
ENSG00000278857.1,0.0062222764430849295,0.41653625199180777,IGKV1D-12
ENSG00000229415.10,0.12308075977243196,0.6575903912309904,SFTA3
ENSG00000260877.2,0.10220950217485981,0.6263245177051079,AP005233.2
ENSG00000163568.15,0.7241250491014302,0.9442459796555969,AIM2
ENSG00000151012.13,0.21856670223603866,0.7318699959742615,SLC7A11
ENSG00000188536.13,0.15573718512588125,0.6806689919609344,HBA2
ENSG00000277075.2,0.13694324550942868,0.667794102766811,H2AC8
ENSG00000180772.7,0.9983668530742661,0.9997571601237428,AGTR2
ENSG00000186007.10,0.21934569458226177,0.7320842509942724,LEMD1
ENSG00000236039.3,0.7179517751529149,0.9441033806141912,AC019117.1
ENSG00000103485.19,0.39761353473503,0.8418423607478821,QPRT
ENSG00000257654.1,0.11173498785498594,0.6400270951222686,AC125603.1
ENSG00000009709.12,0.16257269009580463,0.6851092054650051,PAX7
ENSG00000262920.5,0.28664835160982066,0.7787253257493141,AC129507.4
ENSG00000221986.7,0.6168491840593078,0.9208522890139409,MYBPHL
ENSG00000197635.11,0.275923945146607,0.7718333667520658,DPP4
ENSG00000243063.1,0.5688531349053967,0.9041905959309144,IGKV3-7
ENSG00000232931.6,0.45869635536417974,0.8630304626196099,LINC00342
ENSG00000200795.1,0.6068235979678955,0.9177315224305147,RNU4-1
ENSG00000254395.1,0.15895719592434893,0.6838929581569986,IGHV4-55
ENSG00000182379.10,0.6377482324318346,0.9258940903840456,NXPH4
ENSG00000204711.9,0.2228011765385968,0.7356606833117714,C9orf135
ENSG00000188403.7,0.050297994676043845,0.520898242274711,IGHV1OR15-9
ENSG00000186847.6,0.07504974468068654,0.5697943248310305,KRT14
ENSG00000225342.2,0.4898704414219317,0.8737714206490308,LRRK2-DT
ENSG00000166920.13,0.23002210997421432,0.7430266615775709,C15orf48
ENSG00000265612.1,0.004007467947033455,0.3642012503073679,MIR4539
ENSG00000132874.15,0.42924912209923016,0.8548822604941004,SLC14A2
ENSG00000156284.6,0.8770377304836857,0.9793044498608846,CLDN8
ENSG00000197253.13,0.11121496198309756,0.6400259903625983,TPSB2
ENSG00000241566.1,0.7966597189100965,0.961891359147811,IGKV2D-24
ENSG00000185615.16,0.6819108429736217,0.9385116734699985,PDIA2
ENSG00000142319.18,0.9691051926105384,0.9954060607128111,SLC6A3
ENSG00000124116.19,0.5351926257886914,0.8938816911342454,WFDC3
ENSG00000228232.1,0.5384357532305889,0.8962436233575649,GAPDHP1
ENSG00000141579.7,0.5700869525645458,0.9041905959309144,ZNF750
ENSG00000263934.5,0.022599571589418364,0.45446155147114187,SNORD3A
ENSG00000135318.12,0.00872149208210008,0.422343717894382,NT5E
ENSG00000104783.14,0.04503041430634599,0.5099223044203635,KCNN4
ENSG00000173376.14,0.5616960118883558,0.9035268196516303,NDNF
ENSG00000170577.8,0.5804035941988546,0.9070781322354399,SIX2
ENSG00000138615.6,0.051747143591801284,0.5246451375605854,CILP
ENSG00000136155.17,0.1317688258094375,0.6644572316236499,SCEL
ENSG00000163751.4,0.10910987418078982,0.6392614434779952,CPA3
ENSG00000087085.16,0.7881296169289745,0.9608714494139055,ACHE
ENSG00000271569.1,0.03111786998321023,0.4756355531207096,IGKV1OR2-6
ENSG00000225329.3,0.1717383850054923,0.6927142473482991,LHFPL3-AS2
ENSG00000179674.4,0.023785115895877982,0.45446155147114187,ARL14
ENSG00000239819.2,0.17147205404431926,0.6927142473482991,IGKV1D-8
ENSG00000165949.12,0.3299223159577826,0.8052370663303848,IFI27
ENSG00000069482.7,0.2593605279112695,0.7623693409077085,GAL
ENSG00000189280.3,0.22934392245198404,0.7430266615775709,GJB5
ENSG00000144191.12,0.025903080407098832,0.4654252977694876,CNGA3
ENSG00000143556.9,0.21328558818096993,0.7284150309160099,S100A7
ENSG00000223392.1,0.20943302329013175,0.7246841902905286,CLDN10-AS1
ENSG00000120211.4,0.4851411746629657,0.8719141432457757,INSL4
ENSG00000188517.16,0.7112036573257798,0.9437001604195177,COL25A1
ENSG00000157551.19,0.315609250759161,0.798715180800932,KCNJ15
ENSG00000175592.9,0.019683288890487625,0.4534808673388542,FOSL1
ENSG00000120875.9,0.5464314632716243,0.8994501775504316,DUSP4
ENSG00000144331.20,0.5308375807421435,0.8938816911342454,ZNF385B
ENSG00000100665.12,0.20768583474174773,0.7244173771688763,SERPINA4
ENSG00000224189.8,0.22275740546153072,0.7356606833117714,HAGLR
ENSG00000211924.1,0.9999258883295111,0.999992258902376,IGHD3-9
ENSG00000136918.8,0.6783627237631846,0.9385116734699985,WDR38
ENSG00000111799.21,0.29703147259546536,0.7854825845156927,COL12A1
ENSG00000252010.1,0.40957506959340484,0.8487156464762662,SCARNA5
ENSG00000152611.12,0.35545812656860554,0.8190136269029041,CAPSL
ENSG00000144119.4,0.486235084827062,0.8726616319647593,C1QL2
ENSG00000211665.3,0.7491393115302266,0.9506764040047618,IGLV3-16
ENSG00000101057.16,0.7168315324741001,0.9441033806141912,MYBL2
ENSG00000131203.13,0.936182992349343,0.9877707876523755,IDO1
ENSG00000087495.17,0.08100929679708231,0.5814732646687124,PHACTR3
ENSG00000124875.10,0.16457025088783006,0.6876654434879745,CXCL6
ENSG00000224251.6,0.5221629033381237,0.8882384011622706,AL391427.1
ENSG00000268307.1,0.8680949427468985,0.9781922124326025,LINC02560
ENSG00000257588.1,0.40028420642415063,0.8444215855014771,AC025154.2
ENSG00000172061.9,0.2050893912964284,0.7222714121811048,LRRC15
ENSG00000257883.1,0.1692882239238528,0.6919855240272451,AC125603.2
ENSG00000161896.12,0.23893858076613617,0.7485579798110306,IP6K3
ENSG00000122861.16,0.5685529257505535,0.9041905959309144,PLAU
ENSG00000186973.11,0.5615684391125648,0.9035268196516303,FAM183A
ENSG00000162078.11,0.4817597758503276,0.8719141432457757,ZG16B
ENSG00000175063.17,0.09518013497831845,0.6138106142197182,UBE2C
ENSG00000025423.11,0.1440165845521373,0.6700104443450697,HSD17B6
ENSG00000243566.7,0.9567965468607604,0.9914393500565546,UPK3B
ENSG00000258837.1,0.4377613531894171,0.8582249401666611,AL133370.1
ENSG00000211644.3,0.3926825622219885,0.8410443497529722,IGLV1-51
ENSG00000253368.4,0.8794398135700019,0.9798437734620014,TRNP1
ENSG00000230316.7,0.8848717738894543,0.9827767103995484,FEZF1-AS1
ENSG00000106483.12,0.6905068967029194,0.9398816825207783,SFRP4
ENSG00000120885.22,0.3126311655811625,0.7964291528975831,CLU
ENSG00000185479.6,0.013753186917561156,0.42500769577816633,KRT6B
ENSG00000256229.8,0.15337185461788888,0.6777493687304476,ZNF486
ENSG00000108244.17,0.8215396834962185,0.9683758068252137,KRT23
ENSG00000254174.1,0.9362459154662329,0.9877707876523755,IGHV1-12
ENSG00000124466.9,0.010747645591395644,0.42260216119490046,LYPD3
ENSG00000198125.13,0.48278293512669157,0.8719141432457757,MB
ENSG00000166415.15,0.9368212956976132,0.9877707876523755,WDR72
ENSG00000182013.18,0.04710346827748468,0.5125012848348058,PNMA8A
ENSG00000198729.5,0.8382208830950094,0.9720487404827665,PPP1R14C
ENSG00000172478.18,0.03613771013155043,0.4907711046618811,MAB21L4
ENSG00000179813.7,0.13735423913003297,0.667794102766811,FAM216B
ENSG00000256151.1,0.5394971340917789,0.8964298505394434,ADGRD1-AS1
ENSG00000203985.11,0.5368346301908227,0.8952903067276845,LDLRAD1
ENSG00000134216.19,0.17549413706720846,0.6927142473482991,CHIA
ENSG00000080031.10,0.010284350676327145,0.422343717894382,PTPRH
ENSG00000205362.11,0.29750314974414394,0.7856471357583823,MT1A
ENSG00000177459.11,0.6230937108610757,0.9215914833416433,ERICH5
ENSG00000273802.2,0.48620757764427924,0.8726616319647593,H2BC8
ENSG00000134363.12,0.371754625359077,0.8287715369958227,FST
ENSG00000166923.12,0.2518348479694178,0.754992192987301,GREM1
ENSG00000007216.15,0.32423299860217214,0.8043821179870402,SLC13A2
ENSG00000168243.11,0.3793707962452779,0.8356278413605698,GNG4
ENSG00000163739.5,0.541173473188634,0.89685358745487,CXCL1
ENSG00000105929.16,0.3919002211653123,0.8409678168383927,ATP6V0A4
ENSG00000117215.15,0.14308490268356397,0.6696621171687488,PLA2G2D
ENSG00000173237.4,0.04832812148547687,0.5163818598736397,C11orf86
ENSG00000174607.11,0.229033612154888,0.7428458350180508,UGT8
ENSG00000077327.16,0.4338643930630962,0.855072204492913,SPAG6
ENSG00000110900.16,0.07850955012051707,0.5759210134811336,TSPAN11
ENSG00000233999.3,0.13850881185916708,0.6685028197790133,IGKV3OR2-268
ENSG00000228723.6,0.32524312240289255,0.8049220864373943,SRGAP3-AS2
ENSG00000102970.11,0.50508040245604,0.8806972250572762,CCL17
ENSG00000154146.13,0.8799646373670268,0.9798437734620014,NRGN
ENSG00000133169.6,0.9733897636319333,0.9954557710227082,BEX1
ENSG00000133055.9,0.557195649134953,0.9035268196516303,MYBPH
ENSG00000129521.15,0.12725503206384922,0.6620750516106523,EGLN3
ENSG00000135773.13,0.3107044843647473,0.7955355439635531,CAPN9
ENSG00000096696.14,0.4039968081673836,0.8462583743948848,DSP
ENSG00000239571.1,0.24176015654840166,0.7487560055982213,IGKV2D-30
ENSG00000150594.7,0.3337536193398131,0.8054859623092716,ADRA2A
ENSG00000058085.15,0.03149404235673041,0.4756355531207096,LAMC2
ENSG00000108821.14,0.046693235982549784,0.5119748664284771,COL1A1
ENSG00000164308.17,0.7996497132989283,0.961891359147811,ERAP2
ENSG00000260027.5,0.02050709974809785,0.4534808673388542,HOXB7
ENSG00000269353.1,0.18630781150621592,0.7068678754077737,AC092071.1
ENSG00000156413.14,0.8789979391938332,0.9798437734620014,FUT6
ENSG00000170369.4,0.3463758875715426,0.8120430559249857,CST2
ENSG00000186377.8,0.6484262847582323,0.9298185784418065,CYP4X1
ENSG00000001084.13,0.18521506337010307,0.7067683164022746,GCLC
ENSG00000135374.11,0.24468126967379827,0.7508183930972546,ELF5
ENSG00000122711.9,0.972724049614327,0.9954557710227082,SPINK4
ENSG00000220154.2,0.2260374059839289,0.7403261625645133,AL355796.1
ENSG00000170231.16,0.5153721911322063,0.8853053511729732,FABP6
ENSG00000104918.8,0.575549710326112,0.9065982244706933,RETN
ENSG00000137077.8,0.5437137232593736,0.8994501775504316,CCL21
ENSG00000230257.5,0.29735066472532323,0.7856471357583823,NFE4
ENSG00000159713.11,0.9167703095390795,0.9874506284859019,TPPP3
ENSG00000179902.13,0.8963727667109953,0.9849234764572464,C1orf194
ENSG00000156738.18,0.03573197145667005,0.4907711046618811,MS4A1
ENSG00000196542.8,0.1695263044228965,0.6919855240272451,SPTSSB
ENSG00000124143.10,0.9705955888021951,0.9954557710227082,ARHGAP40
ENSG00000276168.1,0.5214437719428362,0.888161118877656,RN7SL1
ENSG00000103888.17,0.908624907549575,0.9870270815175733,CEMIP
ENSG00000076864.19,0.14237982805874974,0.6696621171687488,RAP1GAP
ENSG00000134240.12,0.6817559742376464,0.9385116734699985,HMGCS2
ENSG00000259674.1,0.3067195972115427,0.7924175623618206,AC092868.1
ENSG00000166426.8,0.83194289797779,0.9709332612582274,CRABP1
ENSG00000069122.19,0.13806046837611083,0.667794102766811,ADGRF5
ENSG00000233680.4,0.4423352811128667,0.8590405287509884,HNRNPA1P27
ENSG00000198643.7,0.5696509688345952,0.9041905959309144,FAM3D
ENSG00000121769.8,0.7468739837273413,0.9499217968867156,FABP3
ENSG00000253234.1,0.19743587426105746,0.7167313718939021,IGLV2-5
ENSG00000101443.18,0.8517153382167684,0.9747476639069517,WFDC2
ENSG00000198535.5,0.9733975641602522,0.9954557710227082,C2CD4A
ENSG00000185559.16,0.28842550306059966,0.7820239526025639,DLK1
ENSG00000105369.10,0.12432163830033993,0.6582002079982514,CD79A
ENSG00000256870.3,0.4327795435718159,0.855072204492913,SLC5A8
ENSG00000158089.15,0.10962092462739535,0.6397722282574139,GALNT14
ENSG00000142619.4,0.8681510384710451,0.9781922124326025,PADI3
ENSG00000198502.6,0.06413734911984394,0.5541251395773064,HLA-DRB5
ENSG00000260314.3,0.27239294646233425,0.7705023171721327,MRC1
ENSG00000186340.16,0.21799879332449942,0.7318699959742615,THBS2
ENSG00000170439.7,0.43232210183866104,0.855072204492913,METTL7B
ENSG00000249395.4,0.6319562135935309,0.92367383691023,CASC9
ENSG00000157613.11,0.7753584130498191,0.9576432923337443,CREB3L1
ENSG00000228437.5,0.12126684713086185,0.6574794830232176,LINC02474
ENSG00000153162.9,0.8280299389994391,0.9701846863406257,BMP6
ENSG00000166448.15,0.0070452763775283745,0.41704627460330884,TMEM130
ENSG00000210195.2,0.09244855387549034,0.6097852055808355,MT-TT
ENSG00000115386.6,0.5164094678017823,0.8853053511729732,REG1A
ENSG00000006210.7,0.9999492069147994,0.999992258902376,CX3CL1
ENSG00000259104.2,0.09241299874937292,0.6097852055808355,PTCSC3
ENSG00000090530.10,0.6755548587426444,0.9382208983470575,P3H2
ENSG00000136883.14,0.5001805611339455,0.8788156904863413,KIF12
ENSG00000109472.14,0.9248979899942706,0.9876697076255315,CPE
ENSG00000134028.14,0.17788374450823552,0.6958755781701993,ADAMDEC1
ENSG00000164647.9,0.0012281643613519507,0.3251137189732896,STEAP1
ENSG00000147257.15,0.3485424214645969,0.8131787406907613,GPC3
ENSG00000248771.5,0.6230887913311289,0.9215914833416433,SMIM31
ENSG00000166825.15,0.7045379243674987,0.9433377204586122,ANPEP
ENSG00000053747.17,0.30177218210948714,0.7888016439675527,LAMA3
ENSG00000169174.11,0.12366765841127507,0.6575903912309904,PCSK9
ENSG00000152377.14,0.019988727968338282,0.4534808673388542,SPOCK1
ENSG00000010438.17,0.575936293042381,0.9065982244706933,PRSS3
ENSG00000124731.13,0.4704077622277063,0.8686029686938693,TREM1
ENSG00000184368.16,0.6261974699179778,0.9233456880220914,MAP7D2
ENSG00000073282.14,0.5756412713290422,0.9065982244706933,TP63
ENSG00000272068.1,0.04747705462370032,0.5144431535253007,AL365181.2
ENSG00000006747.15,0.6618703334060356,0.9331066559292748,SCIN
ENSG00000182489.9,0.8730546996819276,0.9783838026122388,XKRX
ENSG00000105894.12,0.7469033442572338,0.9499217968867156,PTN
ENSG00000111432.4,0.32158761333180197,0.8026770804376723,FZD10
ENSG00000131002.12,0.20380603714785692,0.7219515486589062,TXLNGY
ENSG00000070182.21,0.875367965131594,0.978818292930578,SPTB
ENSG00000011347.10,0.8016284333872036,0.9623417940428617,SYT7
ENSG00000169583.13,0.38145850629537514,0.8374512308621752,CLIC3
ENSG00000007306.15,0.05575509609045839,0.5370653141972119,CEACAM7
ENSG00000185567.7,0.010904825383906894,0.42260216119490046,AHNAK2
ENSG00000156966.7,0.843954396355003,0.9737197424360006,B3GNT7
ENSG00000172602.11,0.9195575638879019,0.9874506284859019,RND1
ENSG00000176907.5,0.3332366258712433,0.8054859623092716,TCIM
ENSG00000187867.10,0.744882032479052,0.9497408601738444,PALM3
ENSG00000143369.15,0.21465052452090458,0.7286235398102793,ECM1
ENSG00000170476.16,0.5925858827168192,0.9099406358722543,MZB1
ENSG00000196620.10,0.9307480453230084,0.9876697076255315,UGT2B15
ENSG00000125730.17,0.5812114036369775,0.9070781322354399,C3
ENSG00000204616.11,0.6026229856423404,0.9150236591210479,TRIM31
ENSG00000171004.18,0.06750290502878123,0.5596938980897899,HS6ST2
ENSG00000238042.5,0.8154632088535572,0.9678725546419633,LINC02257
ENSG00000169248.13,0.4909688283738972,0.8743233514074497,CXCL11
ENSG00000101938.15,0.07192879522741737,0.5684862287806207,CHRDL1
ENSG00000064886.14,0.13720552976785866,0.667794102766811,CHI3L2
ENSG00000206762.1,0.8277642429213684,0.9701607884883722,RNU6-418P
ENSG00000165215.6,0.43389295755723567,0.855072204492913,CLDN3
ENSG00000256969.2,0.1717738863388128,0.6927142473482991,AC084375.1
ENSG00000102837.7,0.1598632826817491,0.6838929581569986,OLFM4
ENSG00000137968.16,0.5795104344243913,0.9070406342289169,SLC44A5
ENSG00000106804.8,0.6668023071670488,0.9354155514271939,C5
ENSG00000166922.8,0.7617569646902024,0.9546135016627755,SCG5
ENSG00000163347.6,0.9510606111589525,0.9901922126434592,CLDN1
ENSG00000168679.18,0.11836596357461472,0.6560533450884047,SLC16A4
ENSG00000253838.1,0.20892533742261152,0.7244173771688763,AC007991.2
ENSG00000169715.15,0.9860424782523158,0.9979803538523901,MT1E
ENSG00000074211.14,0.9124161744499455,0.9874506284859019,PPP2R2C
ENSG00000115758.13,0.6205478484224997,0.920864670733086,ODC1
ENSG00000113249.13,0.08420172260115957,0.5948506638849367,HAVCR1
ENSG00000170323.9,0.6527369574396822,0.9308003124838446,FABP4
ENSG00000252835.1,0.17912846229555324,0.6979906944915373,SCARNA21
ENSG00000100285.10,0.9236173298380295,0.9876697076255315,NEFH
ENSG00000282780.1,0.04578814403919817,0.5099223044203635,TRBJ1-6
ENSG00000284636.1,0.12276385423789075,0.6575903912309904,AC073648.6
ENSG00000105519.18,0.11474646536891656,0.650767218447436,CAPS
ENSG00000043039.7,0.06569107514479638,0.5565737045693097,BARX2
ENSG00000173930.9,0.3238756390670376,0.804350488232423,SLCO4C1
ENSG00000108700.5,0.5497302615858931,0.901589543674977,CCL8
ENSG00000198976.1,0.8171785236715423,0.9678725546419633,MIR429
ENSG00000159184.8,0.1337815117217351,0.664923805199414,HOXB13
ENSG00000168874.13,0.4144339049067647,0.8499213734663202,ATOH8
ENSG00000127954.13,0.8792363371065708,0.9798437734620014,STEAP4
ENSG00000169862.19,0.11947075019117136,0.6573633100167535,CTNND2
ENSG00000166828.3,0.3987311630165814,0.8428343303324465,SCNN1G
ENSG00000103460.17,0.8614383303242376,0.9767825170272918,TOX3
ENSG00000188959.9,0.9090536667886422,0.9872346903369438,C9orf152
ENSG00000272825.1,0.3294588693725396,0.8052370663303848,AL844908.1
ENSG00000105855.10,0.8533469683713124,0.9757118415462679,ITGB8
ENSG00000125144.14,0.44209311249359584,0.8589920215731621,MT1G
ENSG00000174343.6,0.7432203584591379,0.9497408601738444,CHRNA9
ENSG00000205364.4,0.9784333013703008,0.9969839627241234,MT1M
ENSG00000204936.10,0.7357990890402563,0.9469851601543161,CD177
ENSG00000254560.6,0.8019370991929973,0.9623417940428617,BBOX1-AS1
ENSG00000160307.10,0.7788463719182477,0.9586338915307505,S100B
ENSG00000282173.1,0.02138597961961878,0.45446155147114187,TRBJ1-5
ENSG00000204385.13,0.7088637610119404,0.9436811839781982,SLC44A4
ENSG00000124491.16,0.13541718035739025,0.6669675570528997,F13A1
ENSG00000212232.1,0.9587718196435673,0.9917520523766176,SNORD17
ENSG00000253132.1,0.13120526068664945,0.664321988623461,IGHV3-62
ENSG00000134339.9,0.6812980305333176,0.9385116734699985,SAA2
ENSG00000115468.12,0.8727018657196096,0.9783838026122388,EFHD1
ENSG00000049089.15,0.7084656008268971,0.9436811839781982,COL9A2
ENSG00000156298.13,0.28253855393119454,0.7775820184358199,TSPAN7
ENSG00000260997.1,0.2750320055372711,0.7718333667520658,AC004847.1
ENSG00000163209.15,0.010925469715996663,0.42260216119490046,SPRR3
ENSG00000196917.6,0.48752108111912407,0.8726616319647593,HCAR1
ENSG00000213088.12,0.30397687534680873,0.7899004875142106,ACKR1
ENSG00000138207.14,0.4248780591740783,0.8535654857564274,RBP4
ENSG00000215217.7,0.6014722006705149,0.9144477008935308,C5orf49
ENSG00000160183.17,0.3567578530797707,0.8197889158997473,TMPRSS3
ENSG00000132470.14,0.03867165669090663,0.49106991772126546,ITGB4
ENSG00000131781.13,0.7251058422162555,0.9442459796555969,FMO5
ENSG00000163141.20,0.8412808365143888,0.9729543438307586,BNIPL
ENSG00000164171.11,0.3472779236149023,0.8129392830591825,ITGA2
ENSG00000120068.7,0.009341208498238716,0.422343717894382,HOXB8
ENSG00000105707.14,0.6319769663546495,0.92367383691023,HPN
ENSG00000135097.7,0.24080388548154508,0.7485579798110306,MSI1
ENSG00000211667.3,0.6171256399981675,0.9208522890139409,IGLV3-12
ENSG00000253481.2,0.7049808122140295,0.9433377204586122,IGKV1OR22-1
ENSG00000135046.14,0.3354112363636296,0.805520506883741,ANXA1
ENSG00000145358.6,0.2333639182628473,0.744733634506012,DDIT4L
ENSG00000133134.12,0.0055280226516078185,0.40287243569023123,BEX2
ENSG00000165731.20,0.4901294302679835,0.8737714206490308,RET
ENSG00000125285.6,0.7728444681633068,0.9563961752089646,SOX21
ENSG00000122966.17,0.6262641739871707,0.9233456880220914,CIT
ENSG00000287331.1,0.03601208720018198,0.4907711046618811,AC106045.1
ENSG00000204528.3,0.9725934863424454,0.9954557710227082,PSORS1C3
ENSG00000155093.19,0.2001038318065435,0.7181402209351381,PTPRN2
ENSG00000154040.21,0.3882567107563457,0.8402414180211534,CABYR
ENSG00000189366.9,0.8955718240208163,0.9849234764572464,ALG1L
ENSG00000260318.1,0.28626080054718095,0.7786530028638933,COX6CP1
ENSG00000152049.6,0.04560202476047701,0.5099223044203635,KCNE4
ENSG00000123689.6,0.05751314201485399,0.5396547489175504,G0S2
ENSG00000167157.11,0.002676842353134986,0.34711185267701217,PRRX2
ENSG00000198431.16,0.935690381001928,0.9877707876523755,TXNRD1
ENSG00000078081.8,0.5953161644598468,0.9108598192809337,LAMP3
ENSG00000153294.12,0.018547517634998012,0.4534808673388542,ADGRF4
ENSG00000204128.6,0.4086226459946394,0.8483478031017316,C2orf72
ENSG00000196205.8,0.4437824851181287,0.8598988221012636,EEF1A1P5
ENSG00000264781.1,0.7382923678992611,0.9476538322181975,MIR4537
ENSG00000260265.1,0.3763341474693458,0.8329051780868845,LINC02562
ENSG00000185681.13,0.3345108130192566,0.8054859623092716,MORN5
ENSG00000100985.7,0.777273346737652,0.95835711891074,MMP9
ENSG00000123358.20,0.42818214575727553,0.8546819438080139,NR4A1
ENSG00000162738.6,0.5660246279822982,0.9041207652835104,VANGL2
ENSG00000184012.13,0.0276529933780293,0.46736965671443764,TMPRSS2
ENSG00000271178.1,0.3702377942556384,0.8277504105602317,IGHV3OR16-13
ENSG00000125775.15,0.12891501389102958,0.6620855760341555,SDCBP2
ENSG00000137142.5,0.09342473707235947,0.6102695387767496,IGFBPL1
ENSG00000183019.7,0.91913449336599,0.9874506284859019,MCEMP1
ENSG00000134121.10,0.7056281419570631,0.9434615623530036,CHL1
ENSG00000237988.5,0.38450782240380765,0.8384132201295119,OR2I1P
ENSG00000138135.7,0.022557404816027804,0.45446155147114187,CH25H
ENSG00000214429.3,0.7481654022155552,0.9502229177143612,CYCSP6
ENSG00000134323.12,0.4805361621650732,0.8719141432457757,MYCN
ENSG00000163083.6,0.7927706562878928,0.9609245482591051,INHBB
ENSG00000104332.12,0.30864468827380426,0.7952376170181731,SFRP1
ENSG00000117322.18,0.49661691003405495,0.8768203004666563,CR2
ENSG00000126709.15,0.31083783310906304,0.7955355439635531,IFI6
ENSG00000198734.12,0.2003441509460879,0.7181402209351381,F5
ENSG00000179913.11,0.30531777483704,0.7907870330586072,B3GNT3
ENSG00000178222.13,0.8887230525616616,0.9849234764572464,RNF212
ENSG00000163629.13,0.9738058960294508,0.9954557710227082,PTPN13
ENSG00000116690.13,0.8264380471210728,0.9693245778065963,PRG4
ENSG00000181577.16,0.028444037529206306,0.46736965671443764,C6orf223
ENSG00000185499.16,0.4261126488097685,0.8540295924990163,MUC1
ENSG00000147697.9,0.8771646052167342,0.9793044498608846,GSDMC
ENSG00000151655.19,0.2936724599709074,0.7841917201970101,ITIH2
ENSG00000164694.17,0.21599723490878892,0.7288985188261606,FNDC1
ENSG00000149948.14,0.011248902445488785,0.4228685279940024,HMGA2
ENSG00000172137.19,0.8935120021081675,0.9849234764572464,CALB2
ENSG00000163898.10,0.8571995067512052,0.9767825170272918,LIPH
ENSG00000162006.9,0.15955727316786988,0.6838929581569986,MSLNL
ENSG00000132746.15,0.08894475411620098,0.6027299826798252,ALDH3B2
ENSG00000164638.10,0.2784762445480869,0.7753421662708085,SLC29A4
ENSG00000115255.12,0.06341159980549355,0.5541251395773064,REEP6
ENSG00000214336.5,0.8896484430424612,0.9849234764572464,FOXI3
ENSG00000258346.1,0.6185922111194838,0.9208522890139409,AC079384.1
ENSG00000185156.6,0.009600019224131184,0.422343717894382,MFSD6L
ENSG00000235098.8,0.003943396764458474,0.3642012503073679,ANKRD65
ENSG00000253274.1,0.3885230340121584,0.8402414180211534,IGHV1-67
ENSG00000240204.3,0.8770409715353374,0.9793044498608846,SMKR1
ENSG00000196436.8,0.30999033551192895,0.7955355439635531,NPIPB15
ENSG00000176842.15,0.002606505972280062,0.3436589480009844,IRX5
ENSG00000197476.3,0.33608428868045176,0.8060723843124237,AC034105.1
ENSG00000117525.14,0.8457010047341994,0.9744189049162179,F3
ENSG00000164237.9,0.4695475543360952,0.8686029686938693,CMBL
ENSG00000004838.14,0.6854187032028584,0.9392997169882443,ZMYND10
ENSG00000105290.13,0.9745650430846843,0.9954557710227082,APLP1
ENSG00000198443.6,0.31366591975173175,0.7968912623852751,KRTAP4-1
ENSG00000167779.9,0.2835422001516618,0.778045611914473,IGFBP6
ENSG00000165548.11,0.4840367856294113,0.8719141432457757,TMEM63C
ENSG00000274816.1,0.4092942916445821,0.8487025625193162,MIR6772
ENSG00000060982.15,0.9682535739831428,0.9953627866461918,BCAT1
ENSG00000160111.14,0.426254408718288,0.8540295924990163,CPAMD8
ENSG00000116661.11,0.8007287651811139,0.9621826947756262,FBXO2
ENSG00000084110.11,0.7084067376295223,0.9436811839781982,HAL
ENSG00000229953.1,0.054803368748727745,0.5327862218998956,AL590666.2
ENSG00000067646.12,0.4138278432234628,0.849345677191902,ZFY
ENSG00000144481.17,0.6159608887762605,0.9208522890139409,TRPM8
ENSG00000209082.1,0.18624194036238506,0.7068678754077737,MT-TL1
ENSG00000115112.8,0.7722436958536021,0.9563961752089646,TFCP2L1
ENSG00000167754.13,0.13412771365045145,0.6651725485737122,KLK5
ENSG00000081041.9,0.5278946778742328,0.8918458699916624,CXCL2
ENSG00000165197.5,0.4732308992855697,0.8708323733680406,VEGFD
ENSG00000229644.6,0.23285147978544304,0.744733634506012,NAMPTP1
ENSG00000106236.4,0.7219657672004143,0.9442459796555969,NPTX2
ENSG00000168350.8,0.8290502140785732,0.9704467870120572,DEGS2
ENSG00000137959.16,0.4525305611797923,0.8600080546187959,IFI44L
ENSG00000143416.21,0.35640438729451596,0.8197611815933764,SELENBP1
ENSG00000166165.13,0.03302618644153786,0.4830720711658676,CKB
ENSG00000189334.9,0.572710815765689,0.9054852194096743,S100A14
ENSG00000012171.20,0.9715895344191305,0.9954557710227082,SEMA3B
ENSG00000160886.13,0.03902464561981931,0.49106991772126546,LY6K
ENSG00000182782.8,0.27239360937825713,0.7705023171721327,HCAR2
ENSG00000175084.12,0.9410282049094114,0.98888717134306,DES
ENSG00000184985.16,0.20250174741611546,0.7203845938902042,SORCS2
ENSG00000187957.8,0.6227895842547349,0.9215914833416433,DNER
ENSG00000049540.18,0.405118806613157,0.8462583743948848,ELN
ENSG00000230937.12,0.8385877391351768,0.9721182752827702,MIR205HG
ENSG00000102287.19,0.6484440206243218,0.9298185784418065,GABRE
ENSG00000253691.2,0.26628684943347036,0.7678582761200466,IGKV2OR22-4
ENSG00000211931.1,0.012749535293296714,0.42500769577816633,IGHD2-2
ENSG00000075213.11,0.010072048098685822,0.422343717894382,SEMA3A
ENSG00000150556.17,0.518448244684153,0.8872231470245763,LYPD6B
ENSG00000272398.6,0.673752771355433,0.9382208983470575,CD24
ENSG00000227471.9,0.9260433116554012,0.9876697076255315,AKR1B15
ENSG00000253497.1,0.23878445434714077,0.7485579798110306,IGKV1-13
ENSG00000124920.14,0.04577985768442964,0.5099223044203635,MYRF
ENSG00000132329.11,0.5458137449930469,0.8994501775504316,RAMP1
ENSG00000114854.8,0.6965831344803635,0.9424247357938722,TNNC1
ENSG00000092850.12,0.842408106310914,0.9729543438307586,TEKT2
ENSG00000270472.2,0.41136437041723584,0.8492898390659616,IGHV3OR16-9
ENSG00000137857.17,0.16958366511817946,0.6919855240272451,DUOX1
ENSG00000242580.1,0.10945055888535257,0.6397722282574139,IGKV1D-43
ENSG00000175287.19,0.6413712749060919,0.928523436766732,PHYHD1
ENSG00000105852.11,0.4870020571584003,0.8726616319647593,PON3
ENSG00000203685.10,0.44992500492919474,0.8599279006790084,STUM
ENSG00000106366.9,0.17568396925509144,0.6927142473482991,SERPINE1
ENSG00000225473.1,0.537294198836763,0.895490331394605,ATP13A4-AS1
ENSG00000204983.14,0.3390738220008068,0.8065126189054084,PRSS1
ENSG00000199899.2,0.2315375342854597,0.74419349195278,Y_RNA
ENSG00000158125.10,0.14116495167066473,0.6696621171687488,XDH
ENSG00000196878.15,0.13054163526666576,0.664041372964197,LAMB3
ENSG00000136383.7,0.4382336959524432,0.8582249401666611,ALPK3
ENSG00000057294.15,0.01474986182080239,0.43052179705736865,PKP2
ENSG00000062524.16,0.6511433122039681,0.9303376608044333,LTK
ENSG00000168542.16,0.3479082543614028,0.8131787406907613,COL3A1
ENSG00000167858.13,0.6770662684700717,0.9385116734699985,TEKT1
ENSG00000176945.17,0.647087516867975,0.9296537868743945,MUC20
ENSG00000185745.10,0.16020238483715077,0.6838929581569986,IFIT1
ENSG00000164093.17,0.2926328033308635,0.7841917201970101,PITX2
ENSG00000269981.1,0.17048909659666178,0.6925226530909693,AL627309.7
ENSG00000172236.18,0.18940585185345832,0.7103139405117631,TPSAB1
ENSG00000166482.12,0.1584863619514125,0.6831755438886501,MFAP4
ENSG00000186907.8,0.7291681605449518,0.9449985659619017,RTN4RL2
ENSG00000174939.11,0.6422713755951849,0.9288737868649792,ASPHD1
ENSG00000263740.2,0.5593941833161387,0.9035268196516303,RN7SL4P
ENSG00000100373.10,0.7723775471837122,0.9563961752089646,UPK3A
ENSG00000090932.11,0.3893380581244321,0.8405196615077124,DLL3
ENSG00000170271.11,0.606826768514638,0.9177315224305147,FAXDC2
ENSG00000129538.14,0.46962207186227156,0.8686029686938693,RNASE1
ENSG00000004848.8,0.2558982919966053,0.7580393664636834,ARX
ENSG00000241644.2,0.974161037457756,0.9954557710227082,INMT
ENSG00000198203.10,0.474257983513766,0.8708323733680406,SULT1C2
ENSG00000181143.15,0.32612778310587764,0.805154585403318,MUC16
ENSG00000126016.16,0.8832713375648985,0.9815642639442714,AMOT
ENSG00000114378.17,0.528660954539532,0.8918458699916624,HYAL1
ENSG00000283631.1,0.3654533524300223,0.8235807736994303,AL928596.1
ENSG00000117394.24,0.005411302088381075,0.4000317712064888,SLC2A1
ENSG00000187608.10,0.1391056419305829,0.6687186348147438,ISG15
ENSG00000137868.19,0.3777934645243729,0.8345005038781875,STRA6
ENSG00000256615.1,0.45158496318002794,0.8600080546187959,AC010197.1
ENSG00000001626.16,0.10794708053853956,0.6357866024272881,CFTR
ENSG00000218617.1,0.9423790743843767,0.98888717134306,AL121949.3
ENSG00000121742.19,0.3929051261274754,0.8410443497529722,GJB6
ENSG00000121898.13,0.2947692271578189,0.7841917201970101,CPXM2
ENSG00000153789.13,0.33060871735052527,0.8052370663303848,CIBAR2
ENSG00000136231.14,0.11686823578469994,0.6537678536470838,IGF2BP3
ENSG00000230838.1,0.6971015684385179,0.9424247357938722,LINC01614
ENSG00000137573.14,0.10436934269653972,0.6301253749973149,SULF1
ENSG00000159387.8,0.1381099393935559,0.667794102766811,IRX6
ENSG00000092607.15,0.1037529530235845,0.6295534326879569,TBX15
ENSG00000175928.6,0.15589084980216916,0.6806689919609344,LRRN1
ENSG00000133328.4,0.2616387861169117,0.7642403242927517,PLAAT2
ENSG00000134259.5,0.8469346148656165,0.9746438889486686,NGF
ENSG00000114270.17,0.262247954496611,0.7643262048887962,COL7A1
ENSG00000163286.9,0.46003815908459,0.8641624708971649,ALPG
ENSG00000109906.14,0.8971355948577644,0.9849234764572464,ZBTB16
ENSG00000198753.12,0.6844300834518099,0.9390447601421359,PLXNB3
ENSG00000006611.17,0.9580937046895376,0.9915960002124418,USH1C
ENSG00000113296.14,0.19800189237081056,0.7167313718939021,THBS4
ENSG00000284651.1,0.7177508007048601,0.9441033806141912,AP000553.6
ENSG00000128298.17,0.06105139300577355,0.5493930815422854,BAIAP2L2
ENSG00000170786.12,0.6111344932065697,0.9203730677437737,SDR16C5
ENSG00000136695.15,0.034364378110225975,0.4866736317915008,IL36RN
ENSG00000174938.14,0.18721503698855124,0.7074617856939573,SEZ6L2
ENSG00000211911.1,0.6464766933223869,0.9294130578298946,IGHD3-22
ENSG00000175164.15,0.9752628668329849,0.9957827903251466,ABO
ENSG00000108924.14,0.055903131348958725,0.5370653141972119,HLF
ENSG00000029559.7,0.040670374806707384,0.4959602325888798,IBSP
ENSG00000263834.1,0.7325454014239456,0.9460300612674954,MIR4635
ENSG00000127585.12,0.5763275282083866,0.9067595794155162,FBXL16
ENSG00000073737.17,0.8541195824838632,0.9761719256534255,DHRS9
ENSG00000108846.16,0.2672544632880818,0.7678582761200466,ABCC3
ENSG00000128591.16,0.36786182828489444,0.825237396974905,FLNC
ENSG00000263893.2,0.1566700352840614,0.6806689919609344,AC080037.2
ENSG00000281958.1,0.020777040489084516,0.4534808673388542,TRBJ1-4
ENSG00000163485.17,0.2031744039771201,0.7217997774172253,ADORA1
ENSG00000153132.13,0.4887995659078308,0.8731717629473671,CLGN
ENSG00000259680.5,0.22895276579235443,0.7428458350180508,AC136428.1
ENSG00000179344.16,0.039298009850513405,0.49106991772126546,HLA-DQB1
ENSG00000207425.1,0.7637196486457107,0.955025138659946,Y_RNA
ENSG00000119535.18,0.6357490079354039,0.925087316550597,CSF3R
ENSG00000167600.14,0.4034281324707002,0.8457251727454523,CYP2S1
ENSG00000211957.2,0.067375591887066,0.5592244825043988,IGHV3-35
ENSG00000164400.6,0.9326712805308268,0.9877399690720096,CSF2
ENSG00000134443.10,0.9834625168953636,0.9977497183130197,GRP
ENSG00000126778.12,0.39455341742921846,0.8414496631214367,SIX1
ENSG00000148677.7,0.7043807137481015,0.9433377204586122,ANKRD1
ENSG00000233056.3,0.21964828367728562,0.7324696137804929,ERVH48-1
ENSG00000277247.1,0.8133525764690673,0.967170607316645,AC083809.1
ENSG00000135678.12,0.459198134588815,0.8631790029937088,CPM
ENSG00000255462.1,0.5561854513726316,0.9035268196516303,AC104031.1
ENSG00000105219.10,0.12068139524602976,0.6574794830232176,CCNP
ENSG00000123388.4,0.570473109605482,0.9041905959309144,HOXC11
ENSG00000073792.16,0.00047287190523416853,0.3251137189732896,IGF2BP2
ENSG00000181085.15,0.49707152389888487,0.8770753678813281,MAPK15
ENSG00000283656.1,0.20592761491373218,0.7236283580486991,MIR4483
ENSG00000282133.1,0.023272804184851614,0.45446155147114187,TRBJ1-3
ENSG00000128918.15,0.7580057880123153,0.9536495699513385,ALDH1A2
ENSG00000135643.5,0.4276559417842275,0.8546819438080139,KCNMB4
ENSG00000206073.11,0.3919060886808543,0.8409678168383927,SERPINB4
ENSG00000112175.8,0.05256731224690646,0.5267513801271463,BMP5
ENSG00000204335.4,0.47439942345282526,0.8708515756583541,SP5
ENSG00000224769.1,0.2570610610808449,0.7601595811409996,MUC20P1
ENSG00000164932.13,0.05973953450794951,0.5485465594748047,CTHRC1
ENSG00000029993.15,0.2532339951654571,0.7566075051649237,HMGB3
ENSG00000171517.6,0.011976979947182557,0.42500769577816633,LPAR3
ENSG00000178919.9,0.0373589926106288,0.49106991772126546,FOXE1
ENSG00000176490.5,0.43809346231748725,0.8582249401666611,DIRAS1
ENSG00000138131.4,0.5555259952919369,0.9035268196516303,LOXL4
ENSG00000253563.2,0.8877801548661308,0.9844863346405573,NKX2-1-AS1
ENSG00000142623.11,0.21228735171726515,0.7280373947172343,PADI1
ENSG00000105641.4,0.12023960994242949,0.6573930488935716,SLC5A5
ENSG00000148123.15,0.24975192229868742,0.7531596284340898,PLPPR1
ENSG00000237550.5,0.27061201670005375,0.7699844721063297,AC243919.1
ENSG00000145287.11,0.3775893816729903,0.8342826840875288,PLAC8
ENSG00000223298.1,0.47863126493607944,0.8719141432457757,RNY3P8
ENSG00000147003.7,0.6512272323811825,0.9303376608044333,CLTRN
ENSG00000249242.8,0.8971586824358728,0.9849234764572464,TMEM150C
ENSG00000128536.16,0.17119099042542188,0.6927142473482991,CDHR3
ENSG00000267056.2,0.1195686024527597,0.6573633100167535,AC005336.1
ENSG00000263711.6,0.7712142726009553,0.9563961752089646,LINC02864
ENSG00000174567.8,0.9871034354532263,0.9979803538523901,GOLT1A
ENSG00000125848.10,0.04525927997737423,0.5099223044203635,FLRT3
ENSG00000132000.13,0.7577872905315702,0.9536495699513385,PODNL1
ENSG00000103089.9,0.5683032768280181,0.9041905959309144,FA2H
ENSG00000144485.11,0.9686523495298885,0.9954060607128111,HES6
ENSG00000146197.9,0.6835978744097126,0.9390447601421359,SCUBE3
ENSG00000112782.19,0.5611723614857036,0.9035268196516303,CLIC5
ENSG00000186715.11,0.8608502829495941,0.9767825170272918,MST1L
ENSG00000108515.18,0.36124998288859633,0.8235807736994303,ENO3
ENSG00000180596.7,0.037598037329757694,0.49106991772126546,H2BC4
ENSG00000259490.2,0.49506815378188296,0.8768203004666563,IGHV3OR15-7
ENSG00000265465.1,0.8215451248560999,0.9683758068252137,MIR4768
ENSG00000177508.12,0.04255448070504319,0.5046565852727011,IRX3
ENSG00000197614.11,0.5261350070075804,0.8907808016759335,MFAP5
ENSG00000171551.12,0.4282859790168725,0.8546819438080139,ECEL1
ENSG00000169116.11,0.07729746107226487,0.5730299129162278,PARM1
ENSG00000173917.10,0.5402958439894406,0.8964298505394434,HOXB2
ENSG00000095932.7,0.4541196170835502,0.8600496595270013,SMIM24
ENSG00000055118.16,0.0891818591767512,0.6027299826798252,KCNH2
ENSG00000142748.13,0.8509871557113035,0.9747476639069517,FCN3
ENSG00000235162.9,0.6452979515768267,0.9288737868649792,C12orf75
ENSG00000111701.7,0.0798378880248785,0.578554488530925,APOBEC1
ENSG00000115523.17,0.9982533980014183,0.9997571601237428,GNLY
ENSG00000156510.13,0.5341817816836698,0.8938816911342454,HKDC1
ENSG00000214128.11,0.27046684772219626,0.7699844721063297,TMEM213
ENSG00000119457.8,0.23050174406919827,0.7432429779078834,SLC46A2
ENSG00000179914.5,0.7630891067710646,0.955025138659946,ITLN1
ENSG00000125378.16,0.9715872761060126,0.9954557710227082,BMP4
ENSG00000178934.5,0.8728201035463845,0.9783838026122388,LGALS7B
ENSG00000188175.10,0.6415748707133465,0.928523436766732,HEPACAM2
ENSG00000148926.10,0.03336234535244578,0.48421312245476356,ADM
ENSG00000152952.12,0.6569661327222691,0.9325338476798936,PLOD2
ENSG00000168743.13,0.48456274553501133,0.8719141432457757,NPNT
ENSG00000088325.16,0.05746284014852601,0.5396547489175504,TPX2
ENSG00000124440.16,0.4476943620215792,0.8598988221012636,HIF3A
ENSG00000204950.4,0.14473965975167527,0.6702993118382483,LRRC10B
ENSG00000120708.17,0.39746052587229774,0.8418423607478821,TGFBI
ENSG00000160188.10,0.19620314436872105,0.7165676690589909,RSPH1
ENSG00000283906.1,0.30251597477279907,0.7888016439675527,IGHV4-80
ENSG00000204632.11,0.7450904987867096,0.949825277260737,HLA-G
ENSG00000180543.5,0.5858423861155169,0.9076064088245793,TSPYL5
ENSG00000234648.1,0.4913141229400838,0.8743233514074497,AL162151.2
ENSG00000253120.1,0.2862535433656676,0.7786530028638933,IGLV2-34
ENSG00000070087.14,0.40227583917750576,0.845005771821153,PFN2
ENSG00000166292.12,0.7242429726649888,0.9442459796555969,TMEM100
ENSG00000225431.1,0.831887416894803,0.9709332612582274,LINC01671
ENSG00000182931.9,0.5558907994557505,0.9035268196516303,WFDC10B
ENSG00000101144.13,0.4535971686307986,0.8600080546187959,BMP7
ENSG00000159217.10,0.22646807568482524,0.7404427847421226,IGF2BP1
ENSG00000224259.7,0.07438821296286191,0.5697943248310305,LINC01133
ENSG00000196735.13,0.05283433735651806,0.5270108555990641,HLA-DQA1
ENSG00000140961.14,0.9569708517928943,0.9914393500565546,OSGIN1
ENSG00000139629.16,0.636970672565688,0.9258200370712146,GALNT6
ENSG00000164929.17,0.76564215506888,0.9555564201934101,BAALC
ENSG00000213190.4,0.6616858179906412,0.9331066559292748,MLLT11
ENSG00000106278.12,0.41744716172696195,0.8508898477243562,PTPRZ1
ENSG00000163817.16,0.6281161929503041,0.923570100785026,SLC6A20
ENSG00000118322.14,0.3385546973093492,0.8065126189054084,ATP10B
ENSG00000153404.14,0.030148303975812307,0.4756355531207096,PLEKHG4B
ENSG00000282012.1,0.05126825035417192,0.5232669165180645,AP000357.2
ENSG00000162344.4,0.00505289744863699,0.39684372437209603,FGF19
ENSG00000135069.14,0.12520250122819038,0.6582002079982514,PSAT1
ENSG00000158467.16,0.712897218327042,0.9440985964911512,AHCYL2
ENSG00000211672.2,0.15892616916043983,0.6838929581569986,IGLV4-3
ENSG00000229155.1,0.5683500740279896,0.9041905959309144,LINC02038
ENSG00000179031.8,0.720057057435942,0.9441033806141912,NSA2P3
ENSG00000104723.21,0.22424809440416765,0.7375879981066568,TUSC3
ENSG00000073150.14,0.9888776136233782,0.9990212309346693,PANX2
ENSG00000152128.13,0.10214167865101341,0.6263245177051079,TMEM163
ENSG00000271130.1,0.3851763677610135,0.8384132201295119,IGHV3OR16-8
ENSG00000079393.20,0.8778139254064707,0.9793856643790266,DUSP13
ENSG00000152669.9,0.7046303304325434,0.9433377204586122,CCNO
ENSG00000211771.1,0.28668118186877406,0.7787253257493141,TRBJ2-7
ENSG00000177575.13,0.6156532320991677,0.9208522890139409,CD163
ENSG00000100453.13,0.10926440854390006,0.6392614434779952,GZMB
ENSG00000185986.12,0.5989833706965096,0.9139580366916263,SDHAP3
ENSG00000171243.8,0.6612742071109496,0.9331066559292748,SOSTDC1
ENSG00000115919.15,0.22188836502319215,0.734906925513331,KYNU
ENSG00000155659.15,0.895648680513762,0.9849234764572464,VSIG4
ENSG00000196167.10,0.012944582157236796,0.42500769577816633,COLCA1
ENSG00000147642.17,0.9011367364462552,0.9849234764572464,SYBU
ENSG00000143502.15,0.6109312744660775,0.9203730677437737,SUSD4
ENSG00000213025.2,0.8451679996784086,0.9744189049162179,COX20P1
ENSG00000128342.5,0.17458732284351555,0.6927142473482991,LIF
ENSG00000152766.6,0.14372522404861243,0.6699272376102088,ANKRD22
ENSG00000132429.10,0.3397174212694163,0.8069563970693941,POPDC3
ENSG00000236345.1,0.25837631052030796,0.7617430548697861,SCAT8
ENSG00000187653.11,0.1821545338774644,0.7032962985541095,TMSB4XP8
ENSG00000089685.15,0.016731627288902106,0.4374080164244873,BIRC5
ENSG00000260549.2,0.12248661769804116,0.6575903912309904,MT1L
ENSG00000175311.7,0.42295222415688694,0.8528045100894661,ANKS4B
ENSG00000163239.12,0.8861139508718794,0.9837282196776034,TDRD10
ENSG00000092621.13,0.7535744695024111,0.9522102513633202,PHGDH
ENSG00000253883.1,0.18045101782989048,0.7010646124923545,IGHV3-19
ENSG00000087494.16,0.16962830987216537,0.6919855240272451,PTHLH
ENSG00000081479.15,0.4910618470556988,0.8743233514074497,LRP2
ENSG00000272763.1,0.7458715639294657,0.9499217968867156,AC103702.2
ENSG00000108448.21,0.6131069218767058,0.9208522890139409,TRIM16L
ENSG00000128610.12,0.9203740532563409,0.9874506284859019,FEZF1
ENSG00000235174.1,0.22819283269783944,0.7421497113936544,RPL39P3
ENSG00000144063.4,0.017852054744277535,0.4511493706940425,MALL
ENSG00000156689.7,0.4959152268483903,0.8768203004666563,GLYATL2
ENSG00000133110.15,0.34977894017618105,0.8131787406907613,POSTN
ENSG00000125968.9,0.02719874705405414,0.4654252977694876,ID1
ENSG00000163923.10,0.16596605158792968,0.688767821647704,RPL39L
ENSG00000139219.19,0.9321285630320388,0.9876697076255315,COL2A1
ENSG00000179750.16,0.8056465630203514,0.9638028302315457,APOBEC3B
ENSG00000139211.7,0.7242251149000896,0.9442459796555969,AMIGO2
ENSG00000210112.1,0.19777195413729098,0.7167313718939021,MT-TM
ENSG00000003436.16,0.8621637718799418,0.9767825170272918,TFPI
ENSG00000009765.15,0.6853590165253483,0.9392997169882443,IYD
ENSG00000137860.12,0.4326542364006034,0.855072204492913,SLC28A2
ENSG00000183018.9,0.24531806811882267,0.7512450324505952,SPNS2
ENSG00000160211.19,0.7449042094208003,0.9497408601738444,G6PD
ENSG00000166126.11,0.20632143758285298,0.7237261956897415,AMN
ENSG00000159167.12,0.1242160383929863,0.6582002079982514,STC1
ENSG00000173947.14,0.23115277111621463,0.7435617810204382,PIFO
ENSG00000131435.13,0.5793100012756123,0.9070406342289169,PDLIM4
ENSG00000130876.11,0.2857111064045807,0.778045611914473,SLC7A10
ENSG00000105376.5,0.41453813638850356,0.8499213734663202,ICAM5
ENSG00000067715.14,0.10531396876038264,0.6301312351699143,SYT1
ENSG00000095917.14,0.9847497322922509,0.997869636488817,TPSD1
ENSG00000115414.21,0.35447535888577475,0.8179639595633617,FN1
ENSG00000164283.13,0.14184601857356005,0.6696621171687488,ESM1
ENSG00000173391.9,0.6310844486428654,0.92367383691023,OLR1
ENSG00000223931.2,0.19129074346220964,0.7116662359416962,AC142381.1
ENSG00000123364.5,0.9408256629131414,0.98888717134306,HOXC13
ENSG00000230795.3,0.9297202322602974,0.9876697076255315,HLA-K
ENSG00000223722.3,0.4812476751990369,0.8719141432457757,IFITM3P2
ENSG00000253339.2,0.10039541586973326,0.6244867620898755,AC111149.2
ENSG00000133321.11,0.9126806318225783,0.9874506284859019,PLAAT4
ENSG00000163071.11,0.5326877227135713,0.8938816911342454,SPATA18
ENSG00000106819.13,0.1916389244383273,0.71200746468162,ASPN
ENSG00000155380.12,0.9885776437664522,0.998933209273459,SLC16A1
ENSG00000249746.1,0.8453000798410186,0.9744189049162179,AC099509.1
ENSG00000006047.13,0.10732897716433581,0.6345083777054531,YBX2
ENSG00000175356.14,0.29076645005338675,0.7833660149599077,SCUBE2
ENSG00000251791.1,0.9330005927478279,0.9877707876523755,SCARNA6
ENSG00000137965.11,0.2856557461431774,0.778045611914473,IFI44
ENSG00000131747.15,0.1795504553840811,0.6985952297531143,TOP2A
ENSG00000211645.2,0.3468429310107237,0.8124209172271575,IGLV1-50
ENSG00000181790.11,0.9898521557947211,0.9994021284883507,ADGRB1
ENSG00000189221.10,0.002147819614408516,0.3436589480009844,MAOA
ENSG00000159228.13,0.5627925252651143,0.9035268196516303,CBR1
ENSG00000162595.7,0.5621530040993925,0.9035268196516303,DIRAS3
ENSG00000135925.9,0.40101810988815756,0.8444215855014771,WNT10A
ENSG00000167711.14,0.9096726495079404,0.9872860397490922,SERPINF2
ENSG00000268903.1,0.46763947957013974,0.8680627299267651,AL627309.6
ENSG00000140279.13,0.9284256092025943,0.9876697076255315,DUOX2
ENSG00000265982.1,0.2407205105306221,0.7485579798110306,AC103810.3
ENSG00000115718.18,0.7165713012690014,0.9441033806141912,PROC
ENSG00000204175.5,0.08735369890228166,0.6015457757754022,GPRIN2
ENSG00000136286.16,0.7910916393975677,0.9608714494139055,MYO1G
ENSG00000038427.16,0.26655459331543074,0.7678582761200466,VCAN
ENSG00000148344.11,0.6648028295492416,0.9350267392842286,PTGES
ENSG00000168481.9,0.767637193954311,0.9562262769489545,LGI3
ENSG00000119147.10,0.6410195367224157,0.928523436766732,ECRG4
ENSG00000105131.8,0.3634499274102263,0.8235807736994303,EPHX3
ENSG00000088836.14,0.22446861098114584,0.7379494459810265,SLC4A11
ENSG00000138028.16,0.6470261771397645,0.9296537868743945,CGREF1
ENSG00000172264.17,0.9227069597566371,0.9876697076255315,MACROD2
ENSG00000254056.1,0.24807624351481006,0.7525991292655084,IGHV3-71
ENSG00000146674.15,0.39420595852095264,0.8413840075285308,IGFBP3
ENSG00000135549.15,0.014019812534622407,0.4265258351879355,PKIB
ENSG00000113209.9,0.9086638694830556,0.9870270815175733,PCDHB5
ENSG00000167476.10,0.1930263551918445,0.7127638121862945,JSRP1
ENSG00000188322.8,0.15613128670253804,0.6806689919609344,SBK1
ENSG00000266643.1,0.8224894199771381,0.9683758068252137,MIR3677
ENSG00000164692.18,0.03615663110531452,0.4907711046618811,COL1A2
ENSG00000101441.4,0.7801044541836875,0.9589162754612226,CST4
ENSG00000278783.1,0.5193060563882468,0.8875779831527727,MIR6071
ENSG00000153234.15,0.8272143073947881,0.9697365889343389,NR4A2
ENSG00000156463.18,0.17197738472280716,0.6927142473482991,SH3RF2
ENSG00000162433.15,0.050630594442847586,0.520911232328412,AK4
ENSG00000160867.15,0.1856819518058443,0.7067683164022746,FGFR4
ENSG00000111834.13,0.45817495412774056,0.862485456247127,RSPH4A
ENSG00000142611.17,0.03039749886686657,0.4756355531207096,PRDM16
ENSG00000075618.18,0.008164510569633042,0.422343717894382,FSCN1
ENSG00000158488.16,0.5688083960757666,0.9041905959309144,CD1E
ENSG00000198807.13,0.6244039736478563,0.9223222094406244,PAX9
ENSG00000243910.8,0.6702944761489722,0.9371791067011022,TUBA4B
ENSG00000011677.13,0.8363624144525512,0.9715926353890115,GABRA3
ENSG00000256812.2,0.5524215790564915,0.9028106760495546,CAPNS2
ENSG00000236264.5,0.7725200195798599,0.9563961752089646,RPL26P30
ENSG00000201464.1,0.19826544934691243,0.7167313718939021,Y_RNA
ENSG00000131711.15,0.7836847395083644,0.9600869937334292,MAP1B
ENSG00000104267.10,0.28164334143725156,0.777282484252833,CA2
ENSG00000167183.3,0.27164312328813894,0.7705023171721327,PRR15L
ENSG00000276600.5,0.5852745396995107,0.9076064088245793,RAB7B
ENSG00000275993.3,0.3300643870486306,0.8052370663303848,SIK1B
ENSG00000240694.9,0.029389010459747646,0.47153564449615387,PNMA2
ENSG00000137809.17,0.02865667300967159,0.46736965671443764,ITGA11
ENSG00000105974.13,0.8040705580000913,0.9630526578907482,CAV1
ENSG00000179059.10,0.28223357564191964,0.7775360571420912,ZFP42
ENSG00000156096.14,0.24055478453530366,0.7485579798110306,UGT2B4
ENSG00000179023.8,0.06974335447390544,0.5642095455736198,KLHDC7A
ENSG00000226580.1,0.3914990972074296,0.8409678168383927,RPL39P40
ENSG00000162545.6,0.46273279921961996,0.8657087137718055,CAMK2N1
ENSG00000164626.9,0.5815590102247818,0.9070781322354399,KCNK5
ENSG00000160161.9,0.023202294611988993,0.45446155147114187,CILP2
ENSG00000145491.12,0.38620308726239116,0.8384132201295119,ROPN1L
ENSG00000222489.1,0.9870840508697758,0.9979803538523901,SNORA79B
ENSG00000137672.13,0.15756067310751845,0.6806689919609344,TRPC6
ENSG00000254988.1,0.9914287529176165,0.9995597017000601,AP002498.1
ENSG00000271375.1,0.3277479110016477,0.8052370663303848,AC134879.2
ENSG00000206077.13,0.736127657964369,0.9471628153863872,ZDHHC11B
ENSG00000090339.9,0.5526145874116337,0.9028106760495546,ICAM1
ENSG00000163235.16,0.18380666967129347,0.7061246999028321,TGFA
ENSG00000177398.18,0.5227699929196947,0.888506799311299,UMODL1
ENSG00000211647.1,0.5942916132150183,0.9102423513279659,IGLV5-48
ENSG00000266124.1,0.8962286824417509,0.9849234764572464,MIR5587
ENSG00000157856.12,0.9492624269905419,0.9900147107195209,DRC1
ENSG00000146648.19,0.488112309982741,0.873127175930231,EGFR
ENSG00000253239.1,0.8728825622934634,0.9783838026122388,IGLVI-70
ENSG00000150750.8,0.04175917439960153,0.4982139846093936,C11orf53
ENSG00000153395.10,0.6869375407556519,0.9392997169882443,LPCAT1
ENSG00000254726.3,0.3921911989081368,0.8409678168383927,MEX3A
ENSG00000114374.13,0.28547177204041774,0.778045611914473,USP9Y
ENSG00000238741.1,0.33422930198182177,0.8054859623092716,SCARNA7
ENSG00000100842.13,0.447690770721878,0.8598988221012636,EFS
ENSG00000101213.7,0.46745632272345305,0.8680627299267651,PTK6
ENSG00000171798.18,0.14608847728452892,0.6702993118382483,KNDC1
ENSG00000136244.12,0.7461924614328459,0.9499217968867156,IL6
ENSG00000153347.10,0.9787441801368201,0.9969839627241234,FAM81B
ENSG00000122136.14,0.9366429767439671,0.9877707876523755,OBP2A
ENSG00000133392.18,0.4772774744800068,0.8719141432457757,MYH11
ENSG00000163975.12,0.020061685987690255,0.4534808673388542,MELTF
ENSG00000205795.4,0.8350516342798084,0.9715926353890115,CYS1
ENSG00000135750.15,0.6276336146104549,0.923570100785026,KCNK1
ENSG00000149968.12,0.056565141674623225,0.5380558605632232,MMP3
ENSG00000148798.11,0.38738823707294623,0.8395180699306861,INA
ENSG00000169291.10,0.39641961988005747,0.8418423607478821,SHE
ENSG00000139055.7,0.6190427265926757,0.9208522890139409,ERP27
ENSG00000123496.8,0.3639511587032569,0.8235807736994303,IL13RA2
ENSG00000121005.9,0.12708202872303473,0.6620750516106523,CRISPLD1
ENSG00000167767.14,0.12459795382290643,0.6582002079982514,KRT80
ENSG00000108342.13,0.14149644486649426,0.6696621171687488,CSF3
ENSG00000231621.1,0.9189554132264139,0.9874506284859019,ANKRD44-AS1
ENSG00000143882.12,0.2826230471558764,0.7775820184358199,ATP6V1C2
ENSG00000183878.15,0.3291289238839213,0.8052370663303848,UTY
ENSG00000078018.20,0.8589485376794411,0.9767825170272918,MAP2
ENSG00000187492.9,0.8587986428737835,0.9767825170272918,CDHR4
ENSG00000141682.12,0.021505406536868905,0.45446155147114187,PMAIP1
ENSG00000101076.17,0.39696980227178136,0.8418423607478821,HNF4A
ENSG00000171951.5,0.5483234141584444,0.9007763667691164,SCG2
ENSG00000140254.12,0.11021433894035441,0.6400259903625983,DUOXA1
ENSG00000163736.4,0.022633579264266585,0.45446155147114187,PPBP
ENSG00000248890.2,0.858402689328711,0.9767825170272918,HHIP-AS1
ENSG00000091137.14,0.6739705391961207,0.9382208983470575,SLC26A4
ENSG00000163884.4,0.008766993239679617,0.422343717894382,KLF15
ENSG00000142700.12,0.2274982573139349,0.7408444690626698,DMRTA2
ENSG00000196747.4,0.32414063278415733,0.8043821179870402,H2AC13
ENSG00000091513.16,0.8403000274839403,0.9726182279937213,TF
ENSG00000278828.1,0.24934681903473555,0.7531596284340898,H3C10
ENSG00000170835.16,0.48195458580045103,0.8719141432457757,CEL
ENSG00000117399.14,0.28545694700056445,0.778045611914473,CDC20
ENSG00000165905.18,0.35071118740680773,0.8135265373571405,LARGE2
ENSG00000156535.15,0.20120768820226703,0.7185340016613689,CD109
ENSG00000179546.4,0.056594497596536245,0.5380558605632232,HTR1D
ENSG00000154274.15,0.45029347213811033,0.8599279006790084,C4orf19
ENSG00000058335.16,0.030806325144331948,0.4756355531207096,RASGRF1
ENSG00000165188.13,0.7597453832272142,0.954356992429294,RNF183
ENSG00000206633.1,0.23543604549553188,0.7464961368986278,SNORA80B
ENSG00000013588.9,0.9841442416692585,0.9977497183130197,GPRC5A
ENSG00000177191.2,0.7448733891227562,0.9497408601738444,B3GNT8
ENSG00000168907.13,0.05291041372366983,0.5271050032169123,PLA2G4F
ENSG00000251562.8,0.9285153255969782,0.9876697076255315,MALAT1
ENSG00000115221.12,0.9141250159621759,0.9874506284859019,ITGB6
ENSG00000248801.7,0.8480657571566887,0.9746438889486686,C8orf34-AS1
ENSG00000214491.8,0.19853512979615678,0.7167313718939021,SEC14L6
ENSG00000213085.10,0.7043031371090211,0.9433377204586122,CFAP45
ENSG00000259834.1,0.33245410174989626,0.8054859623092716,AL365361.1
ENSG00000180875.5,0.6814182500674097,0.9385116734699985,GREM2
ENSG00000127252.7,0.4515392688893295,0.8600080546187959,PLAAT1
ENSG00000101825.8,0.06299007775988856,0.5538656838192935,MXRA5
ENSG00000170345.10,0.8223302968294566,0.9683758068252137,FOS
ENSG00000064195.7,0.5638969866302767,0.9035268196516303,DLX3
ENSG00000249199.2,0.7135177359402272,0.9440985964911512,AC026785.3
ENSG00000048462.11,0.14165351242001029,0.6696621171687488,TNFRSF17
ENSG00000200879.1,0.4054357152648057,0.8462583743948848,SNORD14E
ENSG00000283526.1,0.9140745824689955,0.9874506284859019,PRRT1B
ENSG00000138769.11,0.23007152108329715,0.7430266615775709,CDKL2
ENSG00000228709.1,0.915432987893585,0.9874506284859019,LINC02575
ENSG00000080493.18,0.8774970193913947,0.9793388001547721,SLC4A4
ENSG00000211633.3,0.35007953365172184,0.8131787406907613,IGKV1D-42
ENSG00000034053.14,0.8970534477306285,0.9849234764572464,APBA2
ENSG00000162543.6,0.7680294040209046,0.9563717850694351,UBXN10
ENSG00000185633.10,0.1335557831911815,0.664923805199414,NDUFA4L2
ENSG00000144837.9,0.5414382577328405,0.8971044446306595,PLA1A
ENSG00000163879.11,0.1656810140932231,0.6883071541372872,DNALI1
ENSG00000115290.10,0.6042697774379058,0.9161920528146128,GRB14
ENSG00000124215.17,0.0019163596457531956,0.3436589480009844,CDH26
ENSG00000162981.14,0.9460844109459842,0.9892711336977343,LRATD1
ENSG00000171631.15,0.4234821187237199,0.8532933055208147,P2RY6
ENSG00000011426.11,0.0028971557569049946,0.3474367838520778,ANLN
ENSG00000170381.14,0.6920124981008753,0.940357131073342,SEMA3E
ENSG00000227183.3,0.6495802881058876,0.9303376608044333,HDGFP1
ENSG00000108688.11,0.16638557834152432,0.6894237426304124,CCL7
ENSG00000120738.8,0.9839622022053051,0.9977497183130197,EGR1
ENSG00000115226.10,0.4171268101194382,0.8508898477243562,FNDC4
ENSG00000103811.18,0.40497399659561606,0.8462583743948848,CTSH
ENSG00000103534.17,0.7059434493521998,0.9436811839781982,TMC5
ENSG00000278263.2,0.09299699777694338,0.6102695387767496,AC135068.3
ENSG00000136542.9,0.5871981887996922,0.9076064088245793,GALNT5
ENSG00000175265.17,0.3529128673713583,0.8160013975175224,GOLGA8A
ENSG00000099812.9,0.6869594011096073,0.9392997169882443,MISP
ENSG00000263301.1,0.1605324501753574,0.6838929581569986,AC113189.3
ENSG00000066248.15,0.010505873954890953,0.422343717894382,NGEF
ENSG00000130635.16,0.07505823268079347,0.5697943248310305,COL5A1
ENSG00000053918.18,0.07214633775598123,0.5695384547403308,KCNQ1
ENSG00000148848.14,0.13248243322751288,0.6644572316236499,ADAM12
ENSG00000163710.9,0.2688607306562909,0.7697026346331021,PCOLCE2
ENSG00000166897.16,0.31047978679072574,0.7955355439635531,ELFN2
ENSG00000168078.10,0.02224917542785366,0.45446155147114187,PBK
ENSG00000004799.8,0.540192399833645,0.8964298505394434,PDK4
ENSG00000186891.14,0.6621110752578003,0.9331066559292748,TNFRSF18
ENSG00000123572.17,0.8952364865178367,0.9849234764572464,NRK
ENSG00000172005.11,0.01546680288677758,0.4374080164244873,MAL
ENSG00000065320.9,0.6894417155828249,0.9398816825207783,NTN1
ENSG00000278910.4,0.03179589255284907,0.47582071332785353,BANCR
ENSG00000204839.9,0.7190802950034385,0.9441033806141912,MROH6
ENSG00000261040.7,0.13590612403794908,0.6672073909128985,WFDC21P
ENSG00000188817.8,0.47592108464607075,0.8718239415355302,SNTN
ENSG00000005001.10,0.23995226608543774,0.7485579798110306,PRSS22
ENSG00000125845.7,0.4814880439630842,0.8719141432457757,BMP2
ENSG00000111452.13,0.016991316061781076,0.4374080164244873,ADGRD1
ENSG00000164176.13,0.5417179330437127,0.8973798639530404,EDIL3
ENSG00000141756.19,0.02587917400562375,0.4654252977694876,FKBP10
ENSG00000172828.13,0.6725852800745173,0.9380611862158953,CES3
ENSG00000201998.1,0.3782795121841205,0.8348911733209756,SNORA23
ENSG00000171236.10,0.04353999119540988,0.5095922493070005,LRG1
ENSG00000176788.9,0.751346083612301,0.951355734940969,BASP1
ENSG00000184486.10,0.7098035680395909,0.9437001604195177,POU3F2
ENSG00000197766.8,0.7033284610687178,0.9433377204586122,CFD
ENSG00000231331.1,0.4239655921170944,0.8533834951389262,AC103563.3
ENSG00000168298.7,0.2625960986949956,0.764495819167249,H1-4
ENSG00000108242.13,0.3187290950741788,0.8001564140163943,CYP2C18
ENSG00000144452.15,0.0672463886931004,0.5587383766412019,ABCA12
ENSG00000134824.14,0.21684856404312747,0.7304668705774701,FADS2
ENSG00000171368.12,0.8707924780657325,0.9783838026122388,TPPP
ENSG00000116014.10,0.2144951626890251,0.7286235398102793,KISS1R
ENSG00000277282.1,0.3113903427173091,0.7955355439635531,IGHV1OR21-1
ENSG00000112299.8,0.6624208562344669,0.9331066559292748,VNN1
ENSG00000155265.11,0.6992214785732362,0.9431477051501473,GOLGA7B
ENSG00000172156.4,0.8714059065065243,0.9783838026122388,CCL11
ENSG00000118849.10,0.3355735195521512,0.8055801334317195,RARRES1
ENSG00000029153.14,0.16743657254391242,0.6901632562909573,ARNTL2
ENSG00000165168.8,0.06959283470771331,0.5642095455736198,CYBB
ENSG00000214548.18,0.8089142694422238,0.9653759612685562,MEG3
ENSG00000173110.8,0.051958282550681155,0.5249333640725932,HSPA6
ENSG00000263413.2,0.050714170277396074,0.520911232328412,MIR4538
ENSG00000188488.14,0.05771460546824824,0.5397820636960805,SERPINA5
ENSG00000236871.7,0.8831168947794688,0.9815642639442714,LINC00106
ENSG00000111206.13,0.0997720011246479,0.6244867620898755,FOXM1
ENSG00000168004.10,0.09170176161513748,0.6095470036770904,PLAAT5
ENSG00000183346.9,0.8514759440163194,0.9747476639069517,CABCOCO1
ENSG00000144648.16,0.7562097371867736,0.9527068102509267,ACKR2
ENSG00000180806.5,0.008716246150044349,0.422343717894382,HOXC9
ENSG00000259353.1,0.9041789828907986,0.9859464784486099,AC090515.4
ENSG00000169031.20,0.6866225178870732,0.9392997169882443,COL4A3
ENSG00000168079.17,0.26331054598916365,0.7654507827544474,SCARA5
ENSG00000164251.5,0.07257387044841408,0.5697943248310305,F2RL1
ENSG00000204252.14,0.03599472493658225,0.4907711046618811,HLA-DOA
ENSG00000041353.10,0.06416020900994013,0.5541251395773064,RAB27B
ENSG00000169851.15,0.015849894390081498,0.4374080164244873,PCDH7
ENSG00000102359.8,0.38604622084216256,0.8384132201295119,SRPX2
ENSG00000115648.14,0.20406082931413486,0.7219515486589062,MLPH
ENSG00000130707.18,0.2479118187497069,0.7525991292655084,ASS1
ENSG00000225969.2,0.5018234263362997,0.8794891790598558,ABHD11-AS1
ENSG00000154065.17,0.054797377436979246,0.5327862218998956,ANKRD29
ENSG00000239528.1,0.7959081404075012,0.961891359147811,RPS14P8
ENSG00000196126.11,0.064209385348565,0.5541251395773064,HLA-DRB1
ENSG00000154319.16,0.7308732612739473,0.9454141450003144,FAM167A
ENSG00000136943.11,0.11150145739968643,0.6400259903625983,CTSV
ENSG00000167165.19,0.7454516907063122,0.9499217968867156,UGT1A6
ENSG00000275410.5,0.8387876606836777,0.9721182752827702,HNF1B
ENSG00000110492.15,0.034234351510202064,0.4866736317915008,MDK
ENSG00000188833.10,0.337347701303803,0.8065126189054084,ENTPD8
ENSG00000253671.3,0.3976092811332447,0.8418423607478821,AC027117.1
ENSG00000136059.14,0.42994109958833526,0.8550559007103367,VILL
ENSG00000227925.2,0.9053667963803749,0.9864753819765635,LINC01655
ENSG00000101187.16,0.08983527793461392,0.6042491908697246,SLCO4A1
ENSG00000145649.8,0.3044722483209998,0.7901040446884374,GZMA
ENSG00000285933.1,0.32454929794462095,0.8045079745352404,AP003498.2
ENSG00000283453.2,0.18559942372207341,0.7067683164022746,AC244258.1
ENSG00000146555.19,0.18130143731309994,0.7016117265883662,SDK1
ENSG00000068650.18,0.354588927603384,0.8179639595633617,ATP11A
ENSG00000170549.4,0.3648912590024226,0.8235807736994303,IRX1
ENSG00000187955.12,0.556573998602546,0.9035268196516303,COL14A1
ENSG00000130829.18,0.08345147998553384,0.5925504548344459,DUSP9
ENSG00000259120.3,0.19442996002089516,0.7139930286746893,SMIM6
ENSG00000211688.1,0.48076952243351934,0.8719141432457757,TRGJP2
ENSG00000164099.3,0.2779194315128868,0.774336986004556,PRSS12
ENSG00000158481.13,0.6919837090446026,0.940357131073342,CD1C
ENSG00000189431.8,0.08578887767848946,0.5971733094900187,RASSF10
ENSG00000250978.5,0.8428355849392749,0.9730762018503519,AC079467.1
ENSG00000164949.8,0.4411985758506499,0.858229591755151,GEM
ENSG00000106809.11,0.9745379548967682,0.9954557710227082,OGN
ENSG00000165304.8,0.10479540752058093,0.6301253749973149,MELK
ENSG00000060656.20,0.8478571183314099,0.9746438889486686,PTPRU
ENSG00000189223.15,0.6287515793587061,0.923570100785026,PAX8-AS1
ENSG00000162174.12,0.17089825243975326,0.6927142473482991,ASRGL1
ENSG00000105464.3,0.036426218674108626,0.49106991772126546,GRIN2D
ENSG00000132744.8,0.6903854136280161,0.9398816825207783,ACY3
ENSG00000178773.15,0.8583785310525874,0.9767825170272918,CPNE7
ENSG00000120217.14,0.6197951449556477,0.9208522890139409,CD274
ENSG00000142627.13,0.1570529894997169,0.6806689919609344,EPHA2
ENSG00000111404.7,0.6088145238011609,0.9193819937508939,RERGL
ENSG00000125148.7,0.24430371126665534,0.7504630509200947,MT2A
ENSG00000090534.20,0.33188594318425946,0.8054859623092716,THPO
ENSG00000111319.13,0.8465705823827367,0.9746438889486686,SCNN1A
ENSG00000157601.14,0.19302641040414,0.7127638121862945,MX1
ENSG00000225630.1,0.9103743059439325,0.9872860397490922,MTND2P28
ENSG00000173894.11,0.269012055361623,0.7698572206622423,CBX2
ENSG00000224945.1,0.04513240095764538,0.5099223044203635,AL353150.1
ENSG00000154975.14,0.41993730095468873,0.8517252310869954,CA10
ENSG00000230953.2,0.19888944352532859,0.7167313718939021,AC099677.1
ENSG00000276851.1,0.09947062956686455,0.6244867620898755,AC002401.4
ENSG00000251985.1,0.5312387746178828,0.8938816911342454,RNU6-1161P
ENSG00000159588.15,0.8559420177356655,0.9767825170272918,CCDC17
ENSG00000253570.1,0.9271467104326724,0.9876697076255315,RNF5P1
ENSG00000162782.16,0.7664305057674183,0.9555564201934101,TDRD5
ENSG00000124635.9,0.9939339489066534,0.9995597017000601,H2BC11
ENSG00000238072.1,0.41078774066903667,0.8492762751416832,CDC26P1
ENSG00000197496.6,0.3833928107022263,0.838267046379356,SLC2A10
ENSG00000137033.11,0.3210884818529545,0.8026770804376723,IL33
ENSG00000092969.12,0.5597020828640329,0.9035268196516303,TGFB2
ENSG00000170775.3,0.026114786615433108,0.4654252977694876,GPR37
ENSG00000182195.9,0.0731739759248538,0.5697943248310305,LDOC1
ENSG00000204262.14,0.0893351157754585,0.6027759097259574,COL5A2
ENSG00000178401.16,0.01667809833422922,0.4374080164244873,DNAJC22
ENSG00000196711.9,0.17235511517573693,0.6927142473482991,ALKAL1
ENSG00000152661.9,0.39893447948984573,0.8428343303324465,GJA1
ENSG00000253709.1,0.4059567695762716,0.8462583743948848,IGHV1-14
ENSG00000213462.5,0.6849921954513432,0.9390447601421359,ERV3-1
ENSG00000265660.1,0.6915433048087594,0.940357131073342,MIR4664
ENSG00000088340.17,0.6328488368279466,0.9239265964025577,FER1L4
ENSG00000178752.16,0.10003922246210602,0.6244867620898755,ERFE
ENSG00000115461.5,0.42144957225822555,0.8523476429387656,IGFBP5
ENSG00000128040.11,0.48308324112985357,0.8719141432457757,SPINK2
ENSG00000182985.18,0.3405453592191008,0.8074302066897383,CADM1
ENSG00000170801.10,0.06957992632218946,0.5642095455736198,HTRA3
ENSG00000133115.12,0.32942529791736697,0.8052370663303848,STOML3
ENSG00000128052.10,0.6787615092889743,0.9385116734699985,KDR
ENSG00000278473.1,0.1452851791062918,0.6702993118382483,IGHV3-41
ENSG00000181649.8,0.005561266323780516,0.40287243569023123,PHLDA2
ENSG00000137261.14,0.3651959679513834,0.8235807736994303,KIAA0319
ENSG00000197769.6,0.6755330751377392,0.9382208983470575,MAP1LC3C
ENSG00000072080.11,0.8751843586223764,0.978818292930578,SPP2
ENSG00000214389.2,0.1584157643316854,0.6831755438886501,RPS3AP26
ENSG00000167880.8,0.2465390131377149,0.7520723462858947,EVPL
ENSG00000170412.18,0.5207094542570792,0.8878663037666514,GPRC5C
ENSG00000151882.11,0.6890351975055938,0.9398816825207783,CCL28
ENSG00000176485.12,0.24846317477419955,0.7525991292655084,PLAAT3
ENSG00000075673.12,0.5045807131712714,0.8806972250572762,ATP12A
ENSG00000170627.11,0.07522211288613152,0.5698151474503798,GTSF1
ENSG00000131016.17,0.8366374227788483,0.9715926353890115,AKAP12
ENSG00000018236.15,0.9782081434991531,0.9969839627241234,CNTN1
ENSG00000142178.9,0.4649378551279987,0.866995014270197,SIK1
ENSG00000198286.10,0.11644474836504982,0.6537678536470838,CARD11
ENSG00000092068.20,0.031881792422725964,0.47582071332785353,SLC7A8
ENSG00000211764.1,0.2425217042286144,0.7494582623252689,TRBJ2-1
ENSG00000173369.17,0.6840944740066226,0.9390447601421359,C1QB
ENSG00000215187.12,0.7756789600483313,0.9576432923337443,FAM166B
ENSG00000127863.16,0.007592710648233745,0.417071814080062,TNFRSF19
ENSG00000253936.1,0.1379512495370867,0.667794102766811,IGHV3-63
ENSG00000256673.1,0.5911220584706841,0.9098609617635943,AC141557.1
ENSG00000271503.6,0.05680360407983074,0.5387488108770517,CCL5
ENSG00000146678.10,0.04274045548300788,0.5061032977104676,IGFBP1
ENSG00000154451.14,0.7409253458514724,0.9489506939257039,GBP5
ENSG00000233854.2,0.6357139812560962,0.925087316550597,POU6F2-AS2
ENSG00000228742.11,0.10596874262849452,0.63167370265788,LINC02577
ENSG00000230199.1,0.9068251103894668,0.9867076157965874,AL603825.1
ENSG00000207607.3,0.7110269468675653,0.9437001604195177,MIR200A
ENSG00000184454.7,0.8371639304585986,0.9718178294581031,NCMAP
ENSG00000117226.12,0.7339740120891194,0.946497911303388,GBP3
ENSG00000223534.1,0.3141152226173338,0.79712910199009,HLA-DQB1-AS1
ENSG00000102878.17,0.7822446245120815,0.9595440264603029,HSF4
ENSG00000157111.13,0.24083930187041458,0.7485579798110306,TMEM171
ENSG00000180535.4,0.04108576280059916,0.49678863018942077,BHLHA15
ENSG00000115641.19,0.43209701798810585,0.855072204492913,FHL2
ENSG00000239830.1,0.3052399426085769,0.7907870330586072,RPS4XP22
ENSG00000183742.13,0.7825560701258425,0.9595440264603029,MACC1
ENSG00000182327.8,0.9289209362368418,0.9876697076255315,GLTPD2
ENSG00000286944.1,0.15734759206550483,0.6806689919609344,AL137018.1
ENSG00000113739.10,0.9130262309505155,0.9874506284859019,STC2
ENSG00000165606.9,0.5285850211415266,0.8918458699916624,DRGX
ENSG00000257604.1,0.9389349323154705,0.9885797730536688,AC027288.2
ENSG00000105523.3,0.6256679166544841,0.9231548630361815,FAM83E
ENSG00000259207.9,0.41329066034247175,0.849345677191902,ITGB3
ENSG00000143819.12,0.13763556663047116,0.667794102766811,EPHX1
ENSG00000211766.1,0.11724089989885984,0.6551921917391889,TRBJ2-2P
ENSG00000165457.14,0.03759415447361168,0.49106991772126546,FOLR2
ENSG00000164161.10,0.09539000555889714,0.6138106142197182,HHIP
ENSG00000130203.10,0.5839856491022822,0.9076064088245793,APOE
ENSG00000231389.7,0.08430735108323092,0.5948506638849367,HLA-DPA1
ENSG00000118271.12,0.5201706798580596,0.8877363166357696,TTR
ENSG00000273742.1,0.6324492928248111,0.92367383691023,MIR6075
ENSG00000080618.17,0.7993913134156408,0.961891359147811,CPB2
ENSG00000144354.14,0.9621811409889754,0.9935839197418793,CDCA7
ENSG00000282420.1,0.11770819595810775,0.6552229627224716,TRBJ1-2
ENSG00000183098.11,0.30885665720657174,0.7952656765963484,GPC6
ENSG00000171812.13,0.17146099306554752,0.6927142473482991,COL8A2
ENSG00000122691.13,0.358181723561632,0.8217656272131119,TWIST1
ENSG00000057019.16,0.018561133914528526,0.4534808673388542,DCBLD2
ENSG00000112562.19,0.7609184225591826,0.9546114685332002,SMOC2
ENSG00000021852.13,0.3516007643836484,0.8142148098098965,C8B
ENSG00000283646.2,0.15009176946425207,0.674538134352904,LINC02009
ENSG00000255836.1,0.5039629728439461,0.8806972250572762,AC131206.1
ENSG00000178999.13,0.08635638106560718,0.5994286761598628,AURKB
ENSG00000172201.12,0.9955112308914955,0.9995597017000601,ID4
ENSG00000254709.8,0.5185206841657377,0.8872231470245763,IGLL5
ENSG00000214039.9,0.1741491658397082,0.6927142473482991,LINC02418
ENSG00000187837.4,0.14253990613786705,0.6696621171687488,H1-2
ENSG00000245532.9,0.9169224692164715,0.9874506284859019,NEAT1
ENSG00000171303.7,0.14382919721351123,0.6700104443450697,KCNK3
ENSG00000122863.6,0.24712781070887246,0.7521281195487424,CHST3
ENSG00000167617.3,0.4808235132848804,0.8719141432457757,CDC42EP5
ENSG00000090104.12,0.7536747755138615,0.9522102513633202,RGS1
ENSG00000207721.1,0.5119295289637151,0.8841403000224862,MIR186
ENSG00000260943.1,0.5615295278349752,0.9035268196516303,LINC02555
ENSG00000103257.9,0.8325797524254596,0.9709332612582274,SLC7A5
ENSG00000130508.11,0.9065716399449902,0.9866513032422775,PXDN
ENSG00000161249.21,0.23496030667166035,0.7461003716470628,DMKN
ENSG00000230798.5,0.7728134548762369,0.9563961752089646,FOXD3-AS1
ENSG00000172379.21,0.3936107023366453,0.8410443497529722,ARNT2
ENSG00000165816.13,0.21356875315394358,0.7284150309160099,VWA2
ENSG00000171759.10,0.7373950360170012,0.9471628153863872,PAH
ENSG00000160932.11,0.3582205851279673,0.8217656272131119,LY6E
ENSG00000171711.3,0.37832027822566605,0.8348911733209756,DEFB4A
ENSG00000211767.1,0.1833197231122783,0.7051104218518723,TRBJ2-3
ENSG00000139044.12,0.584625788511199,0.9076064088245793,B4GALNT3
ENSG00000148773.14,0.17551955779608006,0.6927142473482991,MKI67
ENSG00000128218.8,0.20902161835947466,0.7244173771688763,VPREB3
ENSG00000105374.10,0.44741268691018177,0.8598988221012636,NKG7
ENSG00000130821.17,0.029572451644282884,0.47256180304298506,SLC6A8
ENSG00000187017.17,0.9008921369911014,0.9849234764572464,ESPN
ENSG00000123485.12,0.005300815431655109,0.3970796346385027,HJURP
ENSG00000166123.14,0.23284733023709267,0.744733634506012,GPT2
ENSG00000260710.1,0.29441582835638985,0.7841917201970101,AC120498.4
ENSG00000188783.6,0.10142830197770152,0.6253398336816275,PRELP
ENSG00000228217.1,0.17035368558876515,0.692517110839433,PNRC2P1
ENSG00000253545.1,0.415309409154049,0.8508898477243562,IGHV3-52
ENSG00000263675.1,0.2487097501769961,0.7525991292655084,MIR5581
ENSG00000139263.12,0.2866293980641915,0.7787253257493141,LRIG3
ENSG00000255545.8,0.42907744929528224,0.8548822604941004,B3GAT1-DT
ENSG00000234614.1,0.7859956217022515,0.9608714494139055,C2CD4D-AS1
ENSG00000169710.9,0.8724853533332453,0.9783838026122388,FASN
ENSG00000176659.9,0.013064763229207407,0.42500769577816633,C20orf197
ENSG00000182240.16,0.34332310726809323,0.8094443453027175,BACE2
ENSG00000188883.5,0.2409184685249785,0.7485579798110306,KLRG2
ENSG00000149260.18,0.02197960961452384,0.45446155147114187,CAPN5
ENSG00000135480.16,0.037253688534322246,0.49106991772126546,KRT7
ENSG00000214975.4,0.21934910107554814,0.7320842509942724,PPIAP29
ENSG00000184515.11,0.13754664387445253,0.667794102766811,BEX5
ENSG00000158270.12,0.42212613094498275,0.8524339340603335,COLEC12
ENSG00000253338.1,0.5794934259305531,0.9070406342289169,IGLV3-29
ENSG00000165152.9,0.054362348933712584,0.5320568650823213,PGAP4
ENSG00000212464.1,0.01712674280853415,0.43842244535762176,SNORA12
ENSG00000256618.2,0.11806143044893677,0.6557466683289438,MTRNR2L1
ENSG00000165072.10,0.9490238800826768,0.9900147107195209,MAMDC2
ENSG00000186281.12,0.8037729211179051,0.9629413002780141,GPAT2
ENSG00000106688.12,0.06569293405492702,0.5565737045693097,SLC1A1
ENSG00000128645.15,0.7022555924888818,0.9433377204586122,HOXD1
ENSG00000054938.16,0.01122633072342696,0.4228685279940024,CHRDL2
ENSG00000249007.1,0.9773012741611883,0.9969839627241234,AL691482.3
ENSG00000197415.12,0.5855072926727753,0.9076064088245793,VEPH1
ENSG00000134013.16,0.0025102829715831746,0.3436589480009844,LOXL2
ENSG00000101104.13,0.7959193245407541,0.961891359147811,PABPC1L
ENSG00000143850.16,0.10291591639521129,0.6275570473883878,PLEKHA6
ENSG00000090889.12,0.04868214575712285,0.5163818598736397,KIF4A
ENSG00000178715.8,0.29583559485584027,0.7849914643776238,AL450998.1
ENSG00000251003.9,0.08900751199841482,0.6027299826798252,ZFPM2-AS1
ENSG00000026751.17,0.823906918585773,0.9686881826622025,SLAMF7
ENSG00000086289.12,0.726840468472284,0.9445171013759265,EPDR1
ENSG00000102962.5,0.29401308025621553,0.7841917201970101,CCL22
ENSG00000183196.10,0.3350449385584354,0.805520506883741,CHST6
ENSG00000181458.10,0.2930530787807705,0.7841917201970101,TMEM45A
ENSG00000171388.12,0.029369584378048763,0.47153564449615387,APLN
ENSG00000099725.14,0.6579664842396794,0.9325338476798936,PRKY
ENSG00000272636.4,0.6823003171923865,0.9385116734699985,DOC2B
ENSG00000204291.11,0.930539440617087,0.9876697076255315,COL15A1
ENSG00000158966.16,0.5695698245176362,0.9041905959309144,CACHD1
ENSG00000100473.18,0.7800276757956981,0.9589162754612226,COCH
ENSG00000250343.1,0.6367998850993533,0.9258200370712146,STK32A-AS1
ENSG00000228594.4,0.7517539984605165,0.951355734940969,FNDC10
ENSG00000196344.11,0.08415342601995925,0.5948506638849367,ADH7
ENSG00000142552.8,0.7691887038536874,0.9563717850694351,RCN3
ENSG00000266235.1,0.8295366388377305,0.9705124705230659,MIR3176
ENSG00000121039.10,0.38268233565359644,0.838267046379356,RDH10
ENSG00000163218.15,0.9699113013073141,0.9954557710227082,PGLYRP4
ENSG00000071539.14,0.09041728180816247,0.6066204397944746,TRIP13
ENSG00000128594.8,0.950910419626054,0.9901922126434592,LRRC4
ENSG00000275216.2,0.44466117038898323,0.8598988221012636,AL161431.1
ENSG00000099834.19,0.5401892782865545,0.8964298505394434,CDHR5
ENSG00000110777.12,0.1263727311104618,0.6611166025686196,POU2AF1
ENSG00000088386.17,0.46156832009251836,0.8653722237335435,SLC15A1
ENSG00000126262.5,0.7792932773305878,0.9587857622975424,FFAR2
ENSG00000257671.1,0.3052156159453387,0.7907870330586072,KRT7-AS
ENSG00000228325.5,0.33315520596917997,0.8054859623092716,IGKV3D-7
ENSG00000235961.6,0.1428898245286455,0.6696621171687488,PNMA6A
ENSG00000252743.1,0.842044572801091,0.9729543438307586,RNU6-850P
ENSG00000168209.5,0.020844657840673287,0.4534808673388542,DDIT4
ENSG00000104951.16,0.5956337229254121,0.9109556744663592,IL4I1
ENSG00000188404.10,0.8403126384461557,0.9726182279937213,SELL
ENSG00000130433.7,0.6795358555887986,0.9385116734699985,CACNG6
ENSG00000207864.3,0.8043290602445834,0.9630777363002382,MIR27B
ENSG00000155066.16,0.7606524960087299,0.9546114685332002,PROM2
ENSG00000204060.7,0.5757892373299913,0.9065982244706933,FOXO6
ENSG00000006534.16,0.6751613337295459,0.9382208983470575,ALDH3B1
ENSG00000187260.16,0.3105280151634576,0.7955355439635531,WDR86
ENSG00000189001.11,0.0150401600537926,0.43738112509374805,SBSN
ENSG00000167080.9,0.7764620121229817,0.9580655507024779,B4GALNT2
ENSG00000145284.12,0.8986544069435319,0.9849234764572464,SCD5
ENSG00000273179.1,0.19693111926974352,0.7165676690589909,AC092535.5
ENSG00000170522.10,0.0263853584257032,0.4654252977694876,ELOVL6
ENSG00000178882.15,0.009794932512635232,0.422343717894382,RFLNA
ENSG00000006327.14,0.0502779495606776,0.520898242274711,TNFRSF12A
ENSG00000188763.5,0.4943430749274532,0.8768203004666563,FZD9
ENSG00000141294.10,0.3604676130973621,0.8235807736994303,LRRC46
ENSG00000231245.2,0.32484322693983625,0.8048602255532347,C1DP1
ENSG00000078401.7,0.557562052434738,0.9035268196516303,EDN1
ENSG00000163082.10,0.44700901802356363,0.8598988221012636,SGPP2
ENSG00000128578.10,0.04481395227150011,0.5099223044203635,STRIP2
ENSG00000204866.8,0.5205181513081024,0.8878663037666514,IGFL2
ENSG00000178150.10,0.9632752393794725,0.993935186993429,ZNF114
ENSG00000184058.14,0.0989042549792684,0.6244867620898755,TBX1
ENSG00000143196.5,0.9360190972977824,0.9877707876523755,DPT
ENSG00000254054.3,0.20525369229723311,0.7222714121811048,AC087273.2
ENSG00000211676.2,0.010428643076098412,0.422343717894382,IGLJ2
ENSG00000197582.5,0.995014722838211,0.9995597017000601,GPX1P1
ENSG00000112559.15,0.002241221257057477,0.3436589480009844,MDFI
ENSG00000254872.3,0.7123728358330983,0.9440985964911512,LINC02688
ENSG00000196420.7,0.4878584476322352,0.873005880086338,S100A5
ENSG00000186185.14,0.071173333606896,0.5677538447264091,KIF18B
ENSG00000205502.4,0.9082420360456649,0.9870270815175733,C2CD4B
ENSG00000197261.11,0.061260805672865896,0.5497425963240022,C6orf141
ENSG00000185950.9,0.9701896326035085,0.9954557710227082,IRS2
ENSG00000143365.19,0.9562668310036555,0.9914288671218165,RORC
ENSG00000125966.10,0.46613861790820754,0.8677704089559711,MMP24
ENSG00000133067.17,0.5601444701763258,0.9035268196516303,LGR6
ENSG00000225530.1,0.8161405357382923,0.9678725546419633,SP3P
ENSG00000175832.13,0.32703149936919884,0.805154585403318,ETV4
ENSG00000211978.2,0.21011061030324915,0.7253337423924395,IGHV5-78
ENSG00000211891.6,0.2741263954911126,0.7713081423094224,IGHE
ENSG00000272141.1,0.8313553467698186,0.9709332612582274,AL390719.2
ENSG00000126787.13,0.013530066596744135,0.42500769577816633,DLGAP5
ENSG00000008735.14,0.9707941938914244,0.9954557710227082,MAPK8IP2
ENSG00000250786.2,0.03736462491682102,0.49106991772126546,SNHG18
ENSG00000236824.2,0.6714404692054117,0.937499503486354,BCYRN1
ENSG00000239093.1,0.9430906604016269,0.988976153225092,AC068299.1
ENSG00000197457.10,0.17487783824902414,0.6927142473482991,STMN3
ENSG00000197520.10,0.004003265059696063,0.3642012503073679,FAM177B
ENSG00000136235.17,0.6080751390399192,0.9184407771254077,GPNMB
ENSG00000086619.14,0.003269987110341732,0.3642012503073679,ERO1B
ENSG00000147041.12,0.9935126796288702,0.9995597017000601,SYTL5
ENSG00000163017.14,0.8634197511838886,0.9767825170272918,ACTG2
ENSG00000236081.1,0.2968163067847678,0.7854825845156927,ELFN1-AS1
ENSG00000130208.9,0.46759018056595736,0.8680627299267651,APOC1
ENSG00000261123.1,0.8521340197113237,0.9747476639069517,AC009065.5
ENSG00000253460.2,0.028625003242001457,0.46736965671443764,IGKV2OR22-3
ENSG00000215018.10,0.5620248099453033,0.9035268196516303,COL28A1
ENSG00000258545.6,0.9579116591514681,0.9915960002124418,RHOXF1-AS1
ENSG00000115163.15,0.0792869786778982,0.5774953971843231,CENPA
ENSG00000207554.1,0.7619683438577917,0.9546135016627755,MIR647
ENSG00000131620.17,0.07503166583181363,0.5697943248310305,ANO1
ENSG00000171124.13,0.6849884261511247,0.9390447601421359,FUT3
ENSG00000142798.20,0.9915690400504062,0.9995597017000601,HSPG2
ENSG00000162772.17,0.7221332070203805,0.9442459796555969,ATF3
ENSG00000225217.1,0.623464611439049,0.9218343027251411,HSPA7
ENSG00000250535.1,0.009370163517040857,0.422343717894382,STK19B
ENSG00000082497.12,0.34912828072952595,0.8131787406907613,SERTAD4
ENSG00000157214.14,0.0034598533842319394,0.3642012503073679,STEAP2
ENSG00000262877.5,0.682236466200328,0.9385116734699985,AC110285.2
ENSG00000228078.1,0.4998325118078887,0.8785264858923402,HLA-U
ENSG00000088002.12,0.07977416231852139,0.578554488530925,SULT2B1
ENSG00000008853.17,0.33298944331873614,0.8054859623092716,RHOBTB2
ENSG00000178947.9,0.7589084039611704,0.9539895097971314,SMIM10L2A
ENSG00000116729.14,0.849856529165427,0.9747476639069517,WLS
ENSG00000171345.13,0.03905452632698322,0.49106991772126546,KRT19
ENSG00000180155.20,0.930725026533374,0.9876697076255315,LYNX1
ENSG00000169750.9,0.5915179882470181,0.9099406358722543,RAC3
ENSG00000159189.12,0.42589652521043087,0.8540295924990163,C1QC
ENSG00000105173.14,0.27125220027584684,0.7705023171721327,CCNE1
ENSG00000183779.7,0.1946689279874674,0.7142074306033707,ZNF703
ENSG00000144810.16,0.7605713969636266,0.9546114685332002,COL8A1
ENSG00000135451.13,0.057978235742051736,0.5401741398346634,TROAP
ENSG00000117650.13,0.16700980675058746,0.6901446234957983,NEK2
ENSG00000164651.17,0.9907902785343744,0.9995597017000601,SP8
ENSG00000127083.7,0.841997129982049,0.9729543438307586,OMD
ENSG00000203747.12,0.44790269807001426,0.8598988221012636,FCGR3A
ENSG00000176029.14,0.0067535993416369755,0.41653625199180777,C11orf16
ENSG00000170166.6,0.1326742043103414,0.6644572316236499,HOXD4
ENSG00000137801.11,0.8923618746610363,0.9849234764572464,THBS1
ENSG00000164746.14,0.8285102988844912,0.9703163257590058,C7orf57
ENSG00000121552.4,0.955739908965827,0.9914288671218165,CSTA
ENSG00000115419.13,0.6564514030624172,0.9325338476798936,GLS
ENSG00000196748.10,0.38515214521359464,0.8384132201295119,CLPSL2
ENSG00000159164.10,0.9653844519139692,0.9943598867954815,SV2A
ENSG00000199506.1,0.6865579076598892,0.9392997169882443,RNU6-247P
ENSG00000188064.10,0.464503186788214,0.866995014270197,WNT7B
ENSG00000241359.1,0.11126423164058585,0.6400259903625983,SYNPR-AS1
ENSG00000136826.15,0.684907055717056,0.9390447601421359,KLF4
ENSG00000199400.1,0.6548803022728229,0.9318408330595483,RNY4P19
ENSG00000146374.14,0.6254706813969504,0.9230360242257234,RSPO3
ENSG00000196154.12,0.9257193392351554,0.9876697076255315,S100A4
ENSG00000198829.6,0.15666315751752483,0.6806689919609344,SUCNR1
ENSG00000166816.15,0.4834022734995077,0.8719141432457757,LDHD
ENSG00000222037.5,0.0923731242561051,0.6097852055808355,IGLC6
ENSG00000138180.16,0.22827436761324416,0.7421497113936544,CEP55
ENSG00000154556.18,0.46127094733048457,0.8650197234196616,SORBS2
ENSG00000186198.4,0.0038968864230132837,0.3642012503073679,SLC51B
ENSG00000163406.11,0.029717082201722908,0.47296201250629416,SLC15A2
ENSG00000138100.14,0.9051534157332439,0.9864753819765635,TRIM54
ENSG00000136881.12,0.15004677316473897,0.674538134352904,BAAT
ENSG00000224389.9,0.6224051721724031,0.9214345708185866,C4B
ENSG00000132965.10,0.8156629083186009,0.9678725546419633,ALOX5AP
ENSG00000069535.14,0.5626008179055487,0.9035268196516303,MAOB
ENSG00000286722.1,0.3705745808214226,0.8282692665435017,AC009244.1
ENSG00000163075.13,0.7093278089564686,0.9437001604195177,CFAP221
ENSG00000185924.7,0.6520235297414919,0.9303376608044333,RTN4RL1
ENSG00000124602.10,0.36532654219859306,0.8235807736994303,UNC5CL
ENSG00000168685.15,0.0379451095502847,0.49106991772126546,IL7R
ENSG00000120129.6,0.33953198128519113,0.8069204093846735,DUSP1
ENSG00000142945.13,0.0709555162429595,0.5675375548162267,KIF2C
ENSG00000124749.17,0.7443629884649194,0.9497408601738444,COL21A1
ENSG00000109674.4,0.11145765563804971,0.6400259903625983,NEIL3
ENSG00000166741.8,0.8701543888032877,0.9783838026122388,NNMT
ENSG00000100450.13,0.2975725434553873,0.7856471357583823,GZMH
ENSG00000180861.9,0.025895242838910253,0.4654252977694876,LINC01559
ENSG00000183287.14,0.4914338331678282,0.8743233514074497,CCBE1
ENSG00000287263.1,0.12492702502218458,0.6582002079982514,AC008875.3
ENSG00000100253.13,0.728617228415103,0.9449985659619017,MIOX
ENSG00000163263.7,0.4426116533255038,0.8593662684842256,C1orf189
ENSG00000088882.8,0.8918344125258925,0.9849234764572464,CPXM1
ENSG00000211448.13,0.911985722186641,0.9874506284859019,DIO2
ENSG00000083782.8,0.13811771834721906,0.667794102766811,EPYC
ENSG00000227507.3,0.45731807058056206,0.8618980076941257,LTB
ENSG00000172572.7,0.8194268208828396,0.9683758068252137,PDE3A
ENSG00000100526.20,0.045642956772578694,0.5099223044203635,CDKN3
ENSG00000022267.19,0.1706354805150821,0.6925226530909693,FHL1
ENSG00000184828.10,0.7085522794642689,0.9436811839781982,ZBTB7C
ENSG00000285373.2,0.20838540000344416,0.7244173771688763,LINC02478
ENSG00000204287.14,0.019276397856656267,0.4534808673388542,HLA-DRA
ENSG00000164867.11,0.15165636913482766,0.6755326522433247,NOS3
ENSG00000174640.15,0.9322150359607546,0.9876697076255315,SLCO2A1
ENSG00000174950.11,0.3064452099313982,0.7921508531233201,CD164L2
ENSG00000121895.8,0.86008701448924,0.9767825170272918,TMEM156
ENSG00000207445.1,0.5141530701873022,0.8853053511729732,SNORD15B
ENSG00000007516.14,0.8494905711533512,0.9747476639069517,BAIAP3
ENSG00000119508.18,0.4550769428615381,0.8607505064645543,NR4A3
ENSG00000129514.8,0.6341781824772251,0.924278153673503,FOXA1
ENSG00000116285.13,0.1672276059777663,0.6901446234957983,ERRFI1
ENSG00000198598.6,0.07566033705247606,0.5699745391286529,MMP17
ENSG00000280079.1,0.7005412838302016,0.9431477051501473,AC011447.7
ENSG00000106003.13,0.5558283617771265,0.9035268196516303,LFNG
ENSG00000186940.6,0.816665374481891,0.9678725546419633,CHCHD2P9
ENSG00000259087.5,0.13149468701264472,0.664321988623461,AL121790.2
ENSG00000251363.3,0.16229118664955638,0.6850177622187786,LINC02315
ENSG00000101194.18,0.3648137869108721,0.8235807736994303,SLC17A9
ENSG00000257474.5,0.05329116530077005,0.5279196495925287,AC027288.1
ENSG00000213553.4,0.8384063029054134,0.9721182752827702,RPLP0P6
ENSG00000103569.10,0.5495876746376351,0.901589543674977,AQP9
ENSG00000009694.13,0.06080186112685702,0.5493930815422854,TENM1
ENSG00000204949.9,0.039926775934548256,0.4939440179824599,FAM83A-AS1
ENSG00000023445.16,0.44022988330737745,0.8582249401666611,BIRC3
ENSG00000142677.4,0.021481763616192896,0.45446155147114187,IL22RA1
ENSG00000170837.3,0.3344692336055412,0.8054859623092716,GPR27
ENSG00000011201.12,0.10519213228475663,0.6301312351699143,ANOS1
ENSG00000253944.1,0.3886016901647016,0.8402414180211534,AC027117.2
ENSG00000038945.15,0.8033996127598687,0.9628622631712972,MSR1
ENSG00000109814.12,0.8221552117552815,0.9683758068252137,UGDH
ENSG00000139318.8,0.5563340305719384,0.9035268196516303,DUSP6
ENSG00000100078.4,0.46377041867048674,0.8666250913497638,PLA2G3
ENSG00000117228.10,0.5791239986445709,0.9070406342289169,GBP1
ENSG00000144476.6,0.07348742043697623,0.5697943248310305,ACKR3
ENSG00000154153.13,0.7044067920558326,0.9433377204586122,RETREG1
ENSG00000171848.16,0.0037844276568864857,0.3642012503073679,RRM2
ENSG00000106178.7,0.10062052968284214,0.6244867620898755,CCL24
ENSG00000196074.13,0.7221934555848276,0.9442459796555969,SYCP2
ENSG00000178531.6,0.5027218066516769,0.8797335313263187,CTXN1
ENSG00000270460.1,0.2849312232796516,0.778045611914473,AC106900.1
ENSG00000230202.1,0.8085973768192758,0.9651433907711591,AL450405.1
ENSG00000241794.2,0.026102942933924067,0.4654252977694876,SPRR2A
ENSG00000101447.15,0.08057833556119709,0.5802308814007671,FAM83D
ENSG00000263368.1,0.4576902637983864,0.8623939939602755,AC069366.1
ENSG00000226015.2,0.13708712096694,0.667794102766811,CCT8P1
ENSG00000244094.2,0.12005436817877134,0.6573930488935716,SPRR2F
ENSG00000135373.13,0.6568350723521927,0.9325338476798936,EHF
ENSG00000236060.2,0.22897729193122568,0.7428458350180508,HSPB1P1
ENSG00000168077.14,0.9564866578125473,0.9914288671218165,SCARA3
ENSG00000253931.1,0.40282963010071093,0.8452629242444467,AC105118.1
ENSG00000167771.6,0.29417463734904253,0.7841917201970101,RCOR2
ENSG00000104879.5,0.9374935412444215,0.9879528259050593,CKM
ENSG00000142494.13,0.0006315373612853517,0.3251137189732896,SLC47A1
ENSG00000125508.3,0.8209649935002716,0.9683758068252137,SRMS
ENSG00000143228.13,0.07458453123214868,0.5697943248310305,NUF2
ENSG00000164741.15,0.6615347586645327,0.9331066559292748,DLC1
ENSG00000204618.8,0.3846249513966531,0.8384132201295119,RNF39
ENSG00000140284.11,0.022912442242157206,0.45446155147114187,SLC27A2
ENSG00000171766.17,0.3249890797453957,0.8048602255532347,GATM
ENSG00000171401.15,0.6734075612864134,0.9382208983470575,KRT13
ENSG00000234224.3,0.7921520256945023,0.9608836870485374,TMEM229A
ENSG00000230118.1,0.9740389222478534,0.9954557710227082,AC092569.1
ENSG00000115339.14,0.07979586361386684,0.578554488530925,GALNT3
ENSG00000270864.1,0.27061401168844457,0.7699844721063297,IGHV3OR16-6
ENSG00000162493.16,0.4842654460717949,0.8719141432457757,PDPN
ENSG00000244731.8,0.5097599182877253,0.8832342440599988,C4A
ENSG00000204219.11,0.6751389467280111,0.9382208983470575,TCEA3
ENSG00000124575.7,0.2344803836164919,0.7459579795131269,H1-3
ENSG00000117724.13,0.12247498294977871,0.6575903912309904,CENPF
ENSG00000142173.16,0.17636705992742643,0.6927142473482991,COL6A2
ENSG00000205358.4,0.40351034158550403,0.8457251727454523,MT1H
ENSG00000183049.13,0.548653823211676,0.9011320061470841,CAMK1D
ENSG00000153012.12,0.5443620497620894,0.8994501775504316,LGI2
ENSG00000130222.11,0.09821497362913102,0.6244867620898755,GADD45G
ENSG00000189127.8,0.702573524227341,0.9433377204586122,ANKRD34B
ENSG00000106066.15,0.1003026950624083,0.6244867620898755,CPVL
ENSG00000170509.12,0.19376789961114746,0.7135493882328569,HSD17B13
ENSG00000196407.12,0.8603415594117939,0.9767825170272918,THEM5
ENSG00000122641.11,0.6028773296523127,0.9151333098349248,INHBA
ENSG00000160883.11,0.714479613120206,0.9440985964911512,HK3
ENSG00000175318.12,0.32402313482881145,0.8043821179870402,GRAMD2A
ENSG00000184156.17,0.015116534029093086,0.4374080164244873,KCNQ3
ENSG00000198363.18,0.8485932317559394,0.9746438889486686,ASPH
ENSG00000177519.4,0.9836340640233501,0.9977497183130197,RPRM
ENSG00000015520.15,0.7664987972347898,0.9555564201934101,NPC1L1
ENSG00000162552.15,0.16450395002021462,0.6876654434879745,WNT4
ENSG00000168389.18,0.3180543336748144,0.7999647470606707,MFSD2A
ENSG00000230481.2,0.2248897491364652,0.7381236164603484,IGKV1OR22-5
ENSG00000269978.1,0.2501003807903626,0.753351605908519,AL359881.1
ENSG00000214049.8,0.050229427806141175,0.520898242274711,UCA1
ENSG00000207547.1,0.5112902843360541,0.883749470702467,MIR25
ENSG00000221890.6,0.3622138886313956,0.8235807736994303,NPTXR
ENSG00000197142.10,0.5587295879968915,0.9035268196516303,ACSL5
ENSG00000287906.1,0.899157035820156,0.9849234764572464,AC127526.5
ENSG00000229604.2,0.8312785208882312,0.9709332612582274,MTATP8P2
ENSG00000087842.11,0.2705542920875285,0.7699844721063297,PIR
ENSG00000264425.1,0.2158312570280493,0.7288985188261606,MIR4653
ENSG00000140835.10,0.0013974546706816493,0.3251137189732896,CHST4
ENSG00000236242.1,0.47508497819671014,0.8713012236345878,MYO16-AS1
ENSG00000130598.16,0.6125546081889226,0.9208522890139409,TNNI2
ENSG00000105427.10,0.5741155143618306,0.9061361884493208,CNFN
ENSG00000168497.5,0.17762997728305846,0.6952266800143456,CAVIN2
ENSG00000145386.11,0.02020187055716563,0.4534808673388542,CCNA2
ENSG00000207650.1,0.8724258704833141,0.9783838026122388,MIR570
ENSG00000163359.16,0.2601113440422204,0.7628115139894938,COL6A3
ENSG00000244300.3,0.31302242987623746,0.7968912623852751,GATA2-AS1
ENSG00000232677.9,0.6919748896472664,0.940357131073342,LINC00665
ENSG00000284654.1,0.8804193944337912,0.9799641935554018,AP000553.7
ENSG00000169302.16,0.09315052587050518,0.6102695387767496,STK32A
ENSG00000043591.6,0.3024290376051834,0.7888016439675527,ADRB1
ENSG00000184292.7,0.3495421101983701,0.8131787406907613,TACSTD2
ENSG00000253131.1,0.17273305767862937,0.6927142473482991,IGHV7-56
ENSG00000101230.6,0.6165759029814805,0.9208522890139409,ISM1
ENSG00000186710.11,0.7111364361912184,0.9437001604195177,CFAP73
ENSG00000157502.13,0.7987076966599258,0.961891359147811,PWWP3B
ENSG00000170558.10,0.3925058897107593,0.8410443497529722,CDH2
ENSG00000186676.3,0.6799482241194827,0.9385116734699985,EEF1GP1
ENSG00000184678.10,0.8994360584036923,0.9849234764572464,H2BC21
ENSG00000235576.1,0.0879828104099779,0.6015457757754022,LINC01871
ENSG00000236017.8,0.8873003456743157,0.9841665511510693,ASMTL-AS1
ENSG00000111700.13,0.07417384964654328,0.5697943248310305,SLCO1B3
ENSG00000163734.4,0.1453569122114281,0.6702993118382483,CXCL3
ENSG00000106624.11,0.578215575099583,0.9070406342289169,AEBP1
ENSG00000274173.1,0.26881897318421877,0.7697026346331021,AL035661.1
ENSG00000198610.11,0.7217887690591666,0.9442459796555969,AKR1C4
ENSG00000173372.17,0.4327535847054239,0.855072204492913,C1QA
ENSG00000096006.12,0.631210127972619,0.92367383691023,CRISP3
ENSG00000130558.20,0.04691231615539408,0.5125012848348058,OLFM1
ENSG00000144115.17,0.769144184374159,0.9563717850694351,THNSL2
ENSG00000262655.4,0.7176662493491747,0.9441033806141912,SPON1
ENSG00000175352.11,0.7106280447011963,0.9437001604195177,NRIP3
ENSG00000237649.8,0.11116621472770431,0.6400259903625983,KIFC1
ENSG00000185215.11,0.4924473700821229,0.8753390331122679,TNFAIP2
ENSG00000154764.6,0.02306781771252038,0.45446155147114187,WNT7A
ENSG00000256417.1,0.5377844492595386,0.8957433694256903,AC006206.2
ENSG00000122254.7,0.04646684747780055,0.5119748664284771,HS3ST2
ENSG00000257732.1,0.6601009283636226,0.9331066559292748,AC089983.1
ENSG00000085552.17,0.07882821033032084,0.5762783134589181,IGSF9
ENSG00000116106.12,0.8203658979071384,0.9683758068252137,EPHA4
ENSG00000054598.9,0.25499647294918226,0.7572932772190727,FOXC1
ENSG00000103056.12,0.9191951622758316,0.9874506284859019,SMPD3
ENSG00000105971.15,0.10424707162113991,0.6301253749973149,CAV2
ENSG00000101333.17,0.3429204118088281,0.8090139116990226,PLCB4
ENSG00000203952.9,0.6069094303203568,0.9177315224305147,CCDC160
ENSG00000136928.7,0.6604474628121126,0.9331066559292748,GABBR2
ENSG00000270187.1,0.04524620489253881,0.5099223044203635,IGKV1OR2-11
ENSG00000100234.12,0.5852424744658685,0.9076064088245793,TIMP3
ENSG00000066468.23,0.8408504675060664,0.9729543438307586,FGFR2
ENSG00000223783.1,0.08407635001577089,0.5948506638849367,LINC01983
ENSG00000253763.1,0.18710331045645606,0.7074617856939573,IGHV3-6
ENSG00000005884.18,0.4468201593729575,0.8598988221012636,ITGA3
ENSG00000100079.7,0.9859251812280415,0.9979803538523901,LGALS2
ENSG00000151224.13,0.7998134121671905,0.961891359147811,MAT1A
ENSG00000090539.15,0.9132569556583614,0.9874506284859019,CHRD
ENSG00000153563.16,0.41734395916180755,0.8508898477243562,CD8A
ENSG00000103269.14,0.4069568187284196,0.8464445006946618,RHBDL1
ENSG00000034239.11,0.7080444584089097,0.9436811839781982,EFCAB1
ENSG00000112297.18,0.37849807174829564,0.8348911733209756,CRYBG1
ENSG00000113494.17,0.41062480427053083,0.8491613599424573,PRLR
ENSG00000132561.14,0.44312193711838666,0.8596331784162651,MATN2
ENSG00000151651.16,0.6790208695943738,0.9385116734699985,ADAM8
ENSG00000244119.1,0.13015420940941028,0.6633503842966723,PDCL3P4
ENSG00000232177.1,0.37106163743902476,0.8287715369958227,MTND4P24
ENSG00000214510.10,0.7982216286758558,0.961891359147811,SPINK13
ENSG00000095970.17,0.7008668702429156,0.943251437638336,TREM2
ENSG00000124942.14,0.6113325028983296,0.9203730677437737,AHNAK
ENSG00000142871.18,0.6129642587717237,0.9208522890139409,CCN1
ENSG00000187244.12,0.4485774244170907,0.8598988221012636,BCAM
ENSG00000251880.1,0.7554638205090051,0.9526315975113622,RNU7-75P
ENSG00000135218.19,0.9348129500113656,0.9877707876523755,CD36
ENSG00000245848.3,0.25045675307129733,0.7538481418546278,CEBPA
ENSG00000211751.9,0.16738690103221562,0.6901632562909573,TRBC1
ENSG00000113448.19,0.6452181443282938,0.9288737868649792,PDE4D
ENSG00000135094.11,0.8177493117586477,0.9681779757537649,SDS
ENSG00000064270.13,0.7092955747920955,0.9437001604195177,ATP2C2
ENSG00000276966.2,0.02191752151912665,0.45446155147114187,H4C5
ENSG00000128564.7,0.0015868784065905743,0.33924887016571464,VGF
ENSG00000243479.3,0.03309822925539203,0.4830720711658676,MNX1-AS1
ENSG00000094804.12,0.2716479149781133,0.7705023171721327,CDC6
ENSG00000196549.12,0.49671703747042817,0.8768203004666563,MME
ENSG00000254098.1,0.12679153579200206,0.6620750516106523,IGKV2-26
ENSG00000279806.1,0.05693330955593685,0.5389331767568732,AC018629.1
ENSG00000115363.14,0.5819854983881065,0.9070781322354399,EVA1A
ENSG00000168140.5,0.5813917414759346,0.9070781322354399,VASN
ENSG00000178623.12,0.1402468135504926,0.6695943601910094,GPR35
ENSG00000176083.18,0.44028884660773626,0.8582249401666611,ZNF683
ENSG00000111344.11,0.8256683032222499,0.9690644707396778,RASAL1
ENSG00000260182.1,0.16098719192014305,0.6838929581569986,AC120498.2
ENSG00000116774.12,0.990987449548845,0.9995597017000601,OLFML3
ENSG00000117115.13,0.17106282068902262,0.6927142473482991,PADI2
ENSG00000249992.2,0.05027392515378169,0.520898242274711,TMEM158
ENSG00000139144.11,0.7263792319193668,0.9442459796555969,PIK3C2G
ENSG00000227039.6,0.7100512518885562,0.9437001604195177,ITGB2-AS1
ENSG00000276365.1,0.6814464963782736,0.9385116734699985,MIR145
ENSG00000164749.13,0.16109612258955835,0.6839883680533584,HNF4G
ENSG00000146670.10,0.05887197467139367,0.5465696240031971,CDCA5
ENSG00000175793.12,0.04355048805708374,0.5095922493070005,SFN
ENSG00000199753.1,0.40935696401562116,0.8487025625193162,SNORD104
ENSG00000211772.11,0.7593870148645427,0.954058336654786,TRBC2
ENSG00000136689.19,0.3934164050081017,0.8410443497529722,IL1RN
ENSG00000248608.2,0.018477327419708808,0.4534808673388542,AC133963.1
ENSG00000204889.10,0.2799518191333439,0.7766539306487948,KRT40
ENSG00000110092.4,0.0547784274364931,0.5327862218998956,CCND1
ENSG00000076716.9,0.6197999477509761,0.9208522890139409,GPC4
ENSG00000266524.3,0.1555723234091364,0.6806689919609344,GDF10
ENSG00000129009.13,0.2324215106818239,0.7446148843633968,ISLR
ENSG00000230882.1,0.016329878374918474,0.4374080164244873,AC005077.4
ENSG00000253217.1,0.2297445072615509,0.7430266615775709,AP001574.1
ENSG00000214856.11,0.20679488785359404,0.7244173771688763,KRT16P1
ENSG00000108691.9,0.6557693718425492,0.9325338476798936,CCL2
ENSG00000172031.7,0.19136714081516912,0.7116662359416962,EPHX4
ENSG00000282320.1,0.133032222103527,0.6644572316236499,TRBJ1-1
ENSG00000274750.2,0.10443924062365062,0.6301253749973149,H3C6
ENSG00000091409.15,0.12143729627887216,0.6574794830232176,ITGA6
ENSG00000164690.8,0.8632499351931904,0.9767825170272918,SHH
ENSG00000131015.5,0.8483806614279739,0.9746438889486686,ULBP2
ENSG00000115380.20,0.585785354602,0.9076064088245793,EFEMP1
ENSG00000137251.16,0.18985355005436766,0.7103139405117631,TINAG
ENSG00000109819.9,0.15678399666318815,0.6806689919609344,PPARGC1A
ENSG00000259884.1,0.1395640937111962,0.6687186348147438,NR4A1AS
ENSG00000188761.13,0.014671830667023824,0.43052179705736865,BCL2L15
ENSG00000168477.19,0.7697773338481242,0.9563717850694351,TNXB
ENSG00000284648.1,0.7948455204201877,0.9618528799491365,AC097493.3
ENSG00000081052.13,0.23951189827409441,0.7485579798110306,COL4A4
ENSG00000199161.1,0.9814878204844694,0.9970455072240391,MIR126
ENSG00000119938.9,0.24007258601152406,0.7485579798110306,PPP1R3C
ENSG00000218357.3,0.41563250238651894,0.8508898477243562,LINC01644
ENSG00000091986.16,0.46910338427933396,0.8686029686938693,CCDC80
ENSG00000176358.15,0.12942890333012222,0.6620855760341555,TAC4
ENSG00000160255.18,0.6212416413146911,0.920864670733086,ITGB2
ENSG00000210144.1,0.20374505905526807,0.7219515486589062,MT-TY
ENSG00000159399.10,0.10166713351638092,0.6253398336816275,HK2
ENSG00000085276.19,0.3770787116818157,0.8338531197660505,MECOM
ENSG00000096060.15,0.07551969368432787,0.5698151474503798,FKBP5
ENSG00000196104.11,0.13964712606280516,0.6687186348147438,SPOCK3
ENSG00000212237.1,0.05615468247133261,0.5370653141972119,RNA5SP18
ENSG00000164744.13,0.26496845104564987,0.7669445884328739,SUN3
ENSG00000090661.12,0.0554878016696933,0.5365629721360318,CERS4
ENSG00000258844.2,0.3389446165498849,0.8065126189054084,AL162511.1
ENSG00000196352.16,0.4554507943411116,0.8607910411202299,CD55
ENSG00000126878.13,0.857652798950387,0.9767825170272918,AIF1L
ENSG00000168309.18,0.24696724823565924,0.7521281195487424,FAM107A
ENSG00000165171.11,0.8341122664791807,0.9714795083596443,METTL27
ENSG00000198695.2,0.747288774863637,0.9499217968867156,MT-ND6
ENSG00000156414.19,0.6428728329870722,0.9288737868649792,TDRD9
ENSG00000204792.2,0.9535621372071885,0.9906056725320317,LINC01291
ENSG00000241388.5,0.9798423926949855,0.9969839627241234,HNF1A-AS1
ENSG00000132170.23,0.07838974869540663,0.5758121607852904,PPARG
ENSG00000211979.2,0.4053194842432123,0.8462583743948848,IGHV7-81
ENSG00000183856.11,0.2138653833750266,0.7284150309160099,IQGAP3
ENSG00000259129.6,0.9373399265943382,0.9879225608742459,LINC00648
ENSG00000207088.1,0.7502053806394651,0.9510551623399823,SNORA7B
ENSG00000237686.7,0.15671414871773828,0.6806689919609344,AL109615.3
ENSG00000266104.1,0.6305930704893061,0.92367383691023,MIR4326
ENSG00000180347.13,0.5700560976836924,0.9041905959309144,ITPRID1
ENSG00000238829.1,0.9110056682402596,0.9872860397490922,RNU7-45P
ENSG00000104369.5,0.13673751200424253,0.667794102766811,JPH1
ENSG00000021300.14,0.07995706117585637,0.578554488530925,PLEKHB1
ENSG00000138162.19,0.009859622951698227,0.422343717894382,TACC2
ENSG00000229544.9,0.4897142780468673,0.8737714206490308,NKX1-2
ENSG00000256039.2,0.25955254552015916,0.7623693409077085,LINC02446
ENSG00000159674.12,0.0365789369621573,0.49106991772126546,SPON2
ENSG00000102802.10,0.7504398851750448,0.9510551623399823,MEDAG
ENSG00000135114.12,0.29883136484737727,0.7873501442511079,OASL
ENSG00000204670.7,0.9828571826318705,0.9975451906859899,IGKV1OR2-3
ENSG00000186806.5,0.046459372044277206,0.5119748664284771,VSIG10L
ENSG00000223865.11,0.0142615150362527,0.4296923179804599,HLA-DPB1
ENSG00000088827.12,0.36856389740496853,0.8261095008425337,SIGLEC1
ENSG00000136457.10,0.588059869411396,0.9076064088245793,CHAD
ENSG00000186301.8,0.9726841389191946,0.9954557710227082,MST1P2
ENSG00000111341.10,0.06423928609259039,0.5541251395773064,MGP
ENSG00000230897.1,0.8192125703018468,0.9683758068252137,RPS18P12
ENSG00000108511.10,0.014646532370422134,0.43052179705736865,HOXB6
ENSG00000185885.16,0.36388608786358323,0.8235807736994303,IFITM1
ENSG00000239437.3,0.42071584445452725,0.852182583377995,RN7SL752P
ENSG00000260048.2,0.1502804718058828,0.674538134352904,IGHV1OR16-3
ENSG00000121858.11,0.7751122906153582,0.9576432923337443,TNFSF10
ENSG00000137462.9,0.22211931357294348,0.7351312846702857,TLR2
ENSG00000094963.14,0.9314600875277912,0.9876697076255315,FMO2
ENSG00000214357.9,0.7346699052202015,0.946497911303388,NEURL1B
ENSG00000198523.6,0.9240488909099616,0.9876697076255315,PLN
ENSG00000276758.1,0.26485681336449624,0.7669445884328739,AC245884.12
ENSG00000075223.14,0.017245170162549513,0.44002998705086016,SEMA3C
ENSG00000168589.15,0.8820109559451595,0.9810384579872625,DYNLRB2
ENSG00000124006.15,0.22713266368706964,0.7408444690626698,OBSL1
ENSG00000286750.1,0.6779078362765503,0.9385116734699985,AC015802.7
ENSG00000211958.2,0.4419286255518253,0.8588833975712379,IGHV3-38
ENSG00000123977.10,0.14676646388674613,0.6702993118382483,DAW1
ENSG00000184731.6,0.4005691330007364,0.8444215855014771,FAM110C
ENSG00000043355.12,0.010225469445122369,0.422343717894382,ZIC2
ENSG00000266714.9,0.49123804634039114,0.8743233514074497,MYO15B
ENSG00000054179.12,0.8026230971725866,0.9626609095731858,ENTPD2
ENSG00000204334.7,0.139661590987858,0.6687186348147438,ERICH2
ENSG00000137331.12,0.06012244141030016,0.5485465594748047,IER3
ENSG00000183145.9,0.945636243927791,0.9892711336977343,RIPPLY3
ENSG00000185467.7,0.5940283031975546,0.9102423513279659,KPNA7
ENSG00000182871.16,0.1384224281725804,0.6685028197790133,COL18A1
ENSG00000227687.1,0.3730413011551422,0.829952222041235,AL713965.1
ENSG00000248126.1,0.9424516278775531,0.98888717134306,AC091849.1
ENSG00000099954.18,0.3167869951911955,0.798715180800932,CECR2
ENSG00000000971.16,0.5856731210573201,0.9076064088245793,CFH
ENSG00000120093.11,0.0023707828046289096,0.3436589480009844,HOXB3
ENSG00000258175.1,0.17247466191695943,0.6927142473482991,LINC02300
ENSG00000258227.7,0.7248898101216863,0.9442459796555969,CLEC5A
ENSG00000138772.13,0.6778833834959971,0.9385116734699985,ANXA3
ENSG00000129195.16,0.030587990154591873,0.4756355531207096,PIMREG
ENSG00000147883.12,0.3364221279795283,0.8064076443202944,CDKN2B
ENSG00000008197.5,0.35866199962037704,0.8218471659899137,TFAP2D
ENSG00000162004.18,0.7519438754552388,0.951355734940969,CCDC78
ENSG00000152926.15,0.5281978746992966,0.8918458699916624,ZNF117
ENSG00000138356.14,0.37332111327720785,0.829952222041235,AOX1
ENSG00000134917.10,0.9355645113002553,0.9877707876523755,ADAMTS8
ENSG00000133488.15,0.032299877391150554,0.4763174572319437,SEC14L4
ENSG00000172543.8,0.40807325090567015,0.8474296179217251,CTSW
ENSG00000163815.6,0.06662253568811886,0.5565737045693097,CLEC3B
ENSG00000129946.10,0.3073523333949665,0.7932762692605337,SHC2
ENSG00000162931.12,0.29357564020269383,0.7841917201970101,TRIM17
ENSG00000170571.12,0.15664241098543333,0.6806689919609344,EMB
ENSG00000144681.10,0.572328108998992,0.9052420200323988,STAC
ENSG00000170312.16,0.014531524527643455,0.43052179705736865,CDK1
ENSG00000134569.10,0.9532686276061152,0.9906056725320317,LRP4
ENSG00000206712.1,0.8669314024094081,0.9779559887419307,RNU6-26P
ENSG00000276404.1,0.3620191588942585,0.8235807736994303,MIR6835
ENSG00000205611.5,0.24968899115379828,0.7531596284340898,LINC01597
ENSG00000099985.4,0.7297228766870673,0.9449985659619017,OSM
ENSG00000236028.1,0.7246480709195361,0.9442459796555969,AL354766.2
ENSG00000146038.12,0.7104890065789096,0.9437001604195177,DCDC2
ENSG00000232774.8,0.2455849049522834,0.7514207433642052,AL355916.1
ENSG00000212493.1,0.9533694836742888,0.9906056725320317,SNORD19
ENSG00000185818.8,0.184653804269123,0.7067683164022746,NAT8L
ENSG00000016402.13,0.0029053580249325233,0.3474367838520778,IL20RA
ENSG00000166278.15,0.3609635075622193,0.8235807736994303,C2
ENSG00000164920.9,0.7803489489184593,0.958918779857855,OSR2
ENSG00000234286.1,0.1304749323865821,0.664041372964197,AC006026.3
ENSG00000207923.1,0.6715388352406677,0.937499503486354,MIR559
ENSG00000225138.8,0.5649732112855348,0.9035459161481156,SLC9A3-AS1
ENSG00000100918.13,0.24761335035708493,0.7525991292655084,REC8
ENSG00000167900.12,0.0006975020274055497,0.3251137189732896,TK1
ENSG00000110799.14,0.12364377579504046,0.6575903912309904,VWF
ENSG00000277968.1,0.3004584755802138,0.7878478351615926,AC091825.2
ENSG00000181634.8,0.2655703195597524,0.7669445884328739,TNFSF15
ENSG00000229092.2,0.5782225643880141,0.9070406342289169,IGHV3-47
ENSG00000089127.14,0.07429521151486235,0.5697943248310305,OAS1
ENSG00000236168.1,0.050093294904615726,0.520898242274711,AL133466.1
ENSG00000143375.15,0.33454148546683227,0.8054859623092716,CGN
ENSG00000183734.4,0.6441772504699979,0.9288737868649792,ASCL2
ENSG00000235847.2,0.7316327916683226,0.9455112964818361,LDHAP7
ENSG00000197061.5,0.9353082374267347,0.9877707876523755,H4C3
ENSG00000244921.2,0.057792283143112314,0.5397820636960805,MTCYBP18
ENSG00000142156.15,0.016459045430110883,0.4374080164244873,COL6A1
ENSG00000105835.12,0.6075476760388999,0.9179946738238202,NAMPT
ENSG00000019582.15,0.16563254817749218,0.6883071541372872,CD74
ENSG00000168032.10,0.19697070836792066,0.7165676690589909,ENTPD3
ENSG00000187474.5,0.6483204271034041,0.9298185784418065,FPR3
ENSG00000205361.8,0.1249038166838306,0.6582002079982514,MT1DP
ENSG00000121316.11,0.13229433878320077,0.6644572316236499,PLBD1
ENSG00000124212.6,0.13089883017506734,0.664321988623461,PTGIS
ENSG00000099769.6,0.07170098933966268,0.5684862287806207,IGFALS
ENSG00000118898.16,0.916702530019956,0.9874506284859019,PPL
ENSG00000163814.8,0.45231742927265284,0.8600080546187959,CDCP1
ENSG00000151715.8,0.707807519391474,0.9436811839781982,TMEM45B
ENSG00000154080.14,0.33068644090743804,0.8052370663303848,CHST9
ENSG00000211770.1,0.20441223595852154,0.7219515486589062,TRBJ2-6
ENSG00000174946.7,0.5838244000331982,0.9076064088245793,GPR171
ENSG00000109805.10,0.043220052961717575,0.5083573537368472,NCAPG
ENSG00000158406.5,0.3923098917994525,0.8409678168383927,H4C8
ENSG00000166147.14,0.5670632583163026,0.9041905959309144,FBN1
ENSG00000197540.8,0.8503836928486215,0.9747476639069517,GZMM
ENSG00000142273.13,0.26214684043222364,0.7643131248871688,CBLC
ENSG00000165269.13,0.8028804315506219,0.9627855387946074,AQP7
ENSG00000272279.1,0.28981015281114036,0.7823885012751264,AL512329.2
ENSG00000189325.7,0.8362839109825193,0.9715926353890115,BNIP5
ENSG00000238120.1,0.5056357296492648,0.8808364294943253,LINC01589
ENSG00000273760.1,0.8193309365969652,0.9683758068252137,AC245041.1
ENSG00000108947.5,0.5835457711101244,0.9076064088245793,EFNB3
ENSG00000171227.7,0.5560563484532111,0.9035268196516303,TMEM37
ENSG00000176092.16,0.07598808248016828,0.5713552589525961,CRYBG2
ENSG00000163563.8,0.285194888113395,0.778045611914473,MNDA
ENSG00000277494.2,0.44641285218259785,0.8598988221012636,GPIHBP1
ENSG00000074370.18,0.1808764488274981,0.7015659057515388,ATP2A3
ENSG00000101311.16,0.18477954527772944,0.7067683164022746,FERMT1
ENSG00000168703.5,0.990887628990508,0.9995597017000601,WFDC12
ENSG00000253293.5,0.7880180450614229,0.9608714494139055,HOXA10
ENSG00000139998.16,0.3948416259402946,0.8418321458727036,RAB15
ENSG00000092929.12,0.38281308738400577,0.838267046379356,UNC13D
ENSG00000111335.13,0.05576678320663284,0.5370653141972119,OAS2
ENSG00000137491.15,0.07014558986422348,0.5667534380245227,SLCO2B1
ENSG00000119681.12,0.2186079261669433,0.7318699959742615,LTBP2
ENSG00000187486.5,0.17540607746805872,0.6927142473482991,KCNJ11
ENSG00000239899.3,0.14824113463124666,0.6742883122099834,RN7SL674P
ENSG00000135472.9,0.0399555885962,0.4939440179824599,FAIM2
ENSG00000133216.17,0.030651937854898077,0.4756355531207096,EPHB2
ENSG00000183248.12,0.2126789298098929,0.7283001286028011,PRR36
ENSG00000169896.18,0.3793216830481334,0.8356278413605698,ITGAM
ENSG00000008441.18,0.13954937893464617,0.6687186348147438,NFIX
ENSG00000198774.5,0.8787557243051257,0.9798437734620014,RASSF9
ENSG00000283047.1,0.05115547693432189,0.5227904684114808,FRG1FP
ENSG00000256148.1,0.67396521590976,0.9382208983470575,AP000763.2
ENSG00000171033.13,0.2635862287662574,0.7654507827544474,PKIA
ENSG00000224114.1,0.8078895063245604,0.9651433907711591,AL591846.1
ENSG00000162817.7,0.35855132718271876,0.8218316424269214,C1orf115
ENSG00000153823.19,0.5104127181144165,0.8832342440599988,PID1
ENSG00000137563.13,0.11466562505844308,0.650767218447436,GGH
ENSG00000118523.6,0.9070751523359224,0.9867919756535752,CCN2
ENSG00000135245.10,0.26633117766364356,0.7678582761200466,HILPDA
ENSG00000083720.13,0.6061082670252729,0.9177001484507809,OXCT1
ENSG00000183347.15,0.35976855971617594,0.8227144571711338,GBP6
ENSG00000132514.14,0.009085015616761173,0.422343717894382,CLEC10A
ENSG00000254338.1,0.9152862362608563,0.9874506284859019,MAFA-AS1
ENSG00000280202.1,0.80239535238718,0.9625337029697594,AC005831.1
ENSG00000198915.12,0.27410643263504,0.7713081423094224,RASGEF1A
ENSG00000204610.13,0.018224816231400456,0.4534808673388542,TRIM15
ENSG00000188643.11,0.00010006291500165443,0.19787441441577164,S100A16
ENSG00000270765.6,0.2832418773457379,0.778045611914473,GAS2L2
ENSG00000184260.6,0.38453740424963134,0.8384132201295119,H2AC20
ENSG00000171051.9,0.7599912971154811,0.9545143156848928,FPR1
ENSG00000111186.13,0.47023001013154053,0.8686029686938693,WNT5B
ENSG00000177455.15,0.0073956756728121385,0.417071814080062,CD19
ENSG00000134321.12,0.9363587782844722,0.9877707876523755,RSAD2
ENSG00000137203.15,0.0010037277358949164,0.3251137189732896,TFAP2A
ENSG00000177272.9,0.2096178795682338,0.7246841902905286,KCNA3
ENSG00000093009.11,0.3307903838725911,0.8052370663303848,CDC45
ENSG00000265806.1,0.6458788815788328,0.9289337682826843,MIR4292
ENSG00000163520.14,0.5404065011680708,0.8964298505394434,FBLN2
ENSG00000183690.13,0.6514288419397857,0.9303376608044333,EFHC2
ENSG00000138798.13,0.993127631637589,0.9995597017000601,EGF
ENSG00000141293.16,0.7782468396451482,0.9586338915307505,SKAP1
ENSG00000124406.16,0.022280904829063447,0.45446155147114187,ATP8A1
ENSG00000109107.14,0.9606634532761633,0.9927943448411879,ALDOC
ENSG00000159231.6,0.40992434022969126,0.848883749929601,CBR3
ENSG00000183837.9,0.8986161068791779,0.9849234764572464,PNMA3
ENSG00000154645.14,0.3057402665990543,0.7913630591618193,CHODL
ENSG00000170498.9,0.6368919543363653,0.9258200370712146,KISS1
ENSG00000111907.21,0.48144170586521395,0.8719141432457757,TPD52L1
ENSG00000197956.10,0.09163488388427156,0.6095470036770904,S100A6
ENSG00000115963.13,0.24258732598936023,0.7494582623252689,RND3
ENSG00000255690.3,0.8485044017709646,0.9746438889486686,TRIL
ENSG00000112742.10,0.006721317046079127,0.41653625199180777,TTK
ENSG00000177685.17,0.872986088931029,0.9783838026122388,CRACR2B
ENSG00000163364.10,0.02552137996329947,0.4654252977694876,LINC01116
ENSG00000129194.8,0.17445491481490552,0.6927142473482991,SOX15
ENSG00000115525.18,0.46852155895916725,0.8685318871154436,ST3GAL5
ENSG00000184357.5,0.9600325613568153,0.9925313763341274,H1-5
ENSG00000091844.8,0.0926264099058202,0.6098135540740963,RGS17
ENSG00000137267.6,0.036857152242381064,0.49106991772126546,TUBB2A
ENSG00000242375.1,0.7281165681994268,0.944965579538783,AL590705.3
ENSG00000167286.10,0.5918113433993236,0.9099406358722543,CD3D
ENSG00000224557.7,0.1735324700585797,0.6927142473482991,HLA-DPB2
ENSG00000065833.9,0.9865612084818922,0.9979803538523901,ME1
ENSG00000178038.17,0.9078333484387341,0.9870270815175733,ALS2CL
ENSG00000132031.13,0.7322744067389733,0.9459889853511806,MATN3
ENSG00000231587.1,0.9718486239982922,0.9954557710227082,SNORD62B
ENSG00000117122.14,0.25310731152924026,0.7566075051649237,MFAP2
ENSG00000039537.14,0.42239637505382666,0.8524339340603335,C6
ENSG00000265298.1,0.6631383394418611,0.9333495133425482,AC132812.1
ENSG00000166250.12,0.7444543524758673,0.9497408601738444,CLMP
ENSG00000176971.4,0.7453568328953398,0.9499217968867156,FIBIN
ENSG00000184343.11,0.5159524572397824,0.8853053511729732,SRPK3
ENSG00000152284.5,0.06678627394120222,0.5569714722726621,TCF7L1
ENSG00000254851.1,0.2625540153763542,0.764495819167249,AP005018.2
ENSG00000207870.1,0.8417108600799178,0.9729543438307586,MIR221
ENSG00000172348.15,0.4200378946093709,0.8517252310869954,RCAN2
ENSG00000283633.1,0.4028264388650369,0.8452629242444467,AP000547.3
ENSG00000134463.15,0.44819222423514005,0.8598988221012636,ECHDC3
ENSG00000168329.14,0.14371646064143653,0.6699272376102088,CX3CR1
ENSG00000162591.16,0.6212528052734568,0.920864670733086,MEGF6
ENSG00000130303.13,0.09359948146751754,0.6102695387767496,BST2
ENSG00000175899.15,0.25870523926020095,0.7621446713401079,A2M
ENSG00000254909.1,0.6026894139090594,0.9150236591210479,AP003392.2
ENSG00000173727.12,0.453252618884216,0.8600080546187959,AP000769.1
ENSG00000227191.8,0.00794336061813736,0.422343717894382,TRGC2
ENSG00000273301.1,0.8341908332236124,0.9714795083596443,AC016717.2
ENSG00000266750.1,0.3218540544251405,0.8026770804376723,MIR4645
ENSG00000229344.1,0.43887135654780673,0.8582249401666611,MTCO2P12
ENSG00000110848.8,0.102957525281714,0.6275570473883878,CD69
ENSG00000179869.15,0.6318579722331409,0.92367383691023,ABCA13
ENSG00000196557.13,0.23664829950086838,0.747260698224299,CACNA1H
ENSG00000113657.13,0.9343770230444499,0.9877707876523755,DPYSL3
ENSG00000180573.9,0.639586740308546,0.9271192128989826,H2AC6
ENSG00000210049.1,0.3384472977548987,0.8065126189054084,MT-TF
ENSG00000260284.1,0.12065457089907543,0.6574794830232176,TPSP2
ENSG00000087245.13,0.47427887035012883,0.8708323733680406,MMP2
ENSG00000186818.12,0.2467823908706145,0.7521281195487424,LILRB4
ENSG00000157456.8,0.06389635022332919,0.5541251395773064,CCNB2
ENSG00000214290.8,0.22142535058210033,0.734906925513331,COLCA2
ENSG00000138449.11,0.9202241589900911,0.9874506284859019,SLC40A1
ENSG00000129910.8,0.7148995838781924,0.9441033806141912,CDH15
ENSG00000129455.15,0.016930566127144633,0.4374080164244873,KLK8
ENSG00000198542.14,0.31686071268689314,0.798715180800932,ITGBL1
ENSG00000100867.15,0.1863235803066003,0.7068678754077737,DHRS2
ENSG00000162692.12,0.4200227031761379,0.8517252310869954,VCAM1
ENSG00000204531.20,0.2949046771231245,0.7841917201970101,POU5F1
ENSG00000236876.3,0.6442994167523464,0.9288737868649792,TMSB4XP1
ENSG00000180287.17,0.5231072868733804,0.8888890739352178,PLD5
ENSG00000080007.8,0.605863576397457,0.9177001484507809,DDX43
ENSG00000149328.15,0.43389370190759025,0.855072204492913,GLB1L2
ENSG00000222345.1,0.9840049937324385,0.9977497183130197,SNORD19C
ENSG00000134775.15,0.8253601798400041,0.9690644707396778,FHOD3
ENSG00000253742.1,0.4527294495640637,0.8600080546187959,IGHV3-60
ENSG00000135919.14,0.6168117077298668,0.9208522890139409,SERPINE2
ENSG00000011465.18,0.22846315339919737,0.7424583169217959,DCN
ENSG00000158321.18,0.8955830173789102,0.9849234764572464,AUTS2
ENSG00000274730.1,0.6206741595713844,0.920864670733086,AC141273.2
ENSG00000231789.2,0.20174603060839383,0.7190224570746158,PIK3CD-AS2
ENSG00000285128.1,0.3636469188761329,0.8235807736994303,AC092306.1
ENSG00000136546.16,0.21571061875542788,0.7288985188261606,SCN7A
ENSG00000248323.7,0.3888908910968786,0.8404718438733086,LUCAT1
ENSG00000122735.16,0.6112310050950467,0.9203730677437737,DNAI1
ENSG00000124785.9,0.48855195645689564,0.8731283658115034,NRN1
ENSG00000248399.1,0.3329086585585961,0.8054859623092716,AL645924.1
ENSG00000177494.6,0.2607030308462953,0.763197991855735,ZBED2
ENSG00000173175.15,0.19029983825231045,0.7103139405117631,ADCY5
ENSG00000106536.21,0.253278926490406,0.7566075051649237,POU6F2
ENSG00000006468.14,0.25613847738834367,0.7582542500530682,ETV1
ENSG00000162040.7,0.21486917446160286,0.7288229716943734,HS3ST6
ENSG00000162576.17,0.3446344675648394,0.8110436818481109,MXRA8
ENSG00000229409.1,0.8610232114537493,0.9767825170272918,AL117328.1
ENSG00000101955.15,0.8691323787972428,0.9783838026122388,SRPX
ENSG00000242675.1,0.14674813515727878,0.6702993118382483,RPS16P9
ENSG00000219438.9,0.9397131875588541,0.9885797730536688,TAFA5
ENSG00000218175.2,0.7558729537219835,0.9526992322200536,AC016739.1
ENSG00000136872.20,0.9830423212891645,0.9975451906859899,ALDOB
ENSG00000237547.1,0.5463632456276093,0.8994501775504316,IGHJ2P
ENSG00000175505.11,0.09136469316560823,0.6093547410960886,CLCF1
ENSG00000276070.5,0.17357758074543422,0.6927142473482991,CCL4L2
ENSG00000139874.6,0.986920991516121,0.9979803538523901,SSTR1
ENSG00000267795.6,0.23974643877587903,0.7485579798110306,SMIM22
ENSG00000087586.18,0.6786805925884069,0.9385116734699985,AURKA
ENSG00000227329.2,0.19642461012467158,0.7165676690589909,AL139396.1
ENSG00000080854.16,0.7433719084745002,0.9497408601738444,IGSF9B
ENSG00000161243.9,0.8626579962218854,0.9767825170272918,FBXO27
ENSG00000128242.13,0.28303311189860486,0.7778985111598209,GAL3ST1
ENSG00000231359.3,0.36253460724623277,0.8235807736994303,AC072052.1
ENSG00000112539.15,0.23817422291856824,0.7485579798110306,C6orf118
ENSG00000139329.5,0.7136740039697678,0.9440985964911512,LUM
ENSG00000047597.7,0.7934311484354797,0.9611087877679394,XK
ENSG00000116824.5,0.12934939428993733,0.6620855760341555,CD2
ENSG00000145569.6,0.09323458182839912,0.6102695387767496,OTULINL
ENSG00000125538.12,0.7393393328972662,0.9477677066336684,IL1B
ENSG00000116991.11,0.4283441378774231,0.8546819438080139,SIPA1L2
ENSG00000083857.14,0.11109885469154458,0.6400259903625983,FAT1
ENSG00000171595.14,0.5155672200797453,0.8853053511729732,DNAI2
ENSG00000176920.13,0.5581821302535671,0.9035268196516303,FUT2
ENSG00000172296.13,0.31382318318697017,0.7968912623852751,SPTLC3
ENSG00000166596.15,0.20413984603227553,0.7219515486589062,CFAP52
ENSG00000161682.15,0.23340008595959594,0.744733634506012,FAM171A2
ENSG00000129991.13,0.6708647885823136,0.9372674603905192,TNNI3
ENSG00000059804.16,0.7054439539524031,0.9433747549896041,SLC2A3
ENSG00000222713.1,0.2706071922001444,0.7699844721063297,RN7SKP51
ENSG00000264370.1,0.13085052755855411,0.664321988623461,MIR3125
ENSG00000143194.13,0.7957538537658562,0.961891359147811,MAEL
ENSG00000132386.11,0.6684334601111539,0.9354757023140883,SERPINF1
ENSG00000263968.2,0.5267505010031843,0.8916320271635326,RN7SL381P
ENSG00000253593.2,0.5278731783850676,0.8918458699916624,AC110741.1
ENSG00000265735.2,0.40296370860263264,0.8452629242444467,RN7SL5P
ENSG00000169403.12,0.23192281304212364,0.7442229010804049,PTAFR
ENSG00000156959.9,0.7332078653234242,0.9464220324262869,LHFPL4
ENSG00000158164.7,0.7653373382878982,0.9555564201934101,TMSB15A
ENSG00000115602.17,0.5732183942360749,0.9059255741073632,IL1RL1
ENSG00000139515.6,0.6626118946086899,0.9331066559292748,PDX1
ENSG00000207741.1,0.7297194660632607,0.9449985659619017,MIR590
ENSG00000259038.1,0.3375318463266467,0.8065126189054084,AL121820.2
ENSG00000237289.10,0.21692372679980748,0.7304668705774701,CKMT1B
ENSG00000120659.15,0.03887663219834885,0.49106991772126546,TNFSF11
ENSG00000120262.10,0.6006153847841684,0.9144477008935308,CCDC170
ENSG00000211753.4,0.8580245741749026,0.9767825170272918,TRBV28
ENSG00000166532.16,0.5632950043366378,0.9035268196516303,RIMKLB
ENSG00000087076.9,0.09841290037165061,0.6244867620898755,HSD17B14
ENSG00000253417.5,0.7901078385287011,0.9608714494139055,LINC02159
ENSG00000134057.15,0.03429102452682673,0.4866736317915008,CCNB1
ENSG00000276093.1,0.14347304740886582,0.6696621171687488,AL132822.1
ENSG00000073111.14,0.13495392977735116,0.6669675570528997,MCM2
ENSG00000262294.1,0.6863342285494893,0.9392997169882443,AC129507.2
ENSG00000257057.3,0.6409086967710728,0.928523436766732,C11orf97
ENSG00000239112.1,0.7260632032467493,0.9442459796555969,SNORD123
ENSG00000197748.13,0.5089959464138099,0.8823488792753093,CFAP43
ENSG00000081237.20,0.00235552938831649,0.3436589480009844,PTPRC
ENSG00000251169.2,0.012443029178623562,0.42500769577816633,LINC01843
ENSG00000111110.12,0.2158522902920583,0.7288985188261606,PPM1H
ENSG00000112232.10,0.19812105129444044,0.7167313718939021,KHDRBS2
ENSG00000259094.1,0.8050898840150962,0.9635740630291134,AC013457.1
ENSG00000120057.5,0.26481191642873814,0.7669445884328739,SFRP5
ENSG00000233622.3,0.6623806550216074,0.9331066559292748,CYP2T1P
ENSG00000136048.14,0.07700907747201076,0.571677324061824,DRAM1
ENSG00000197444.10,0.3744578581993534,0.8310779063852092,OGDHL
ENSG00000077935.17,0.3870076140472416,0.838923054840691,SMC1B
ENSG00000211452.11,0.08806447640302349,0.6015457757754022,DIO1
ENSG00000162878.13,0.3713106912979397,0.8287715369958227,PKDCC
ENSG00000187840.5,0.09947418604706272,0.6244867620898755,EIF4EBP1
ENSG00000131471.7,0.2182528478096176,0.7318699959742615,AOC3
ENSG00000221539.1,0.9204914059003593,0.9874506284859019,SNORD99
ENSG00000215006.4,0.328322821566232,0.8052370663303848,CHCHD2P2
ENSG00000285571.1,0.08537005954073963,0.5954825140804678,AL513548.4
ENSG00000128283.7,0.5206934924027796,0.8878663037666514,CDC42EP1
ENSG00000261039.3,0.660507804935338,0.9331066559292748,LINC02544
ENSG00000163659.13,0.8119455353323397,0.9663047069840203,TIPARP
ENSG00000125657.5,0.4246661774331113,0.8535654857564274,TNFSF9
ENSG00000219928.2,0.43227796299707943,0.855072204492913,AL161787.1
ENSG00000243550.3,0.5678050787485744,0.9041905959309144,LINC01214
ENSG00000130702.15,0.577907318408339,0.9070406342289169,LAMA5
ENSG00000168899.5,0.31659450797627864,0.798715180800932,VAMP5
ENSG00000277734.8,0.1452929629848767,0.6702993118382483,TRAC
ENSG00000126353.3,0.5508150420429581,0.9022462171380821,CCR7
ENSG00000169604.20,0.8651477300241386,0.977229511173743,ANTXR1
ENSG00000250982.2,0.03078055116109555,0.4756355531207096,GAPDHP35
ENSG00000273132.1,0.13647807313490137,0.6672073909128985,AL355312.3
ENSG00000140274.14,0.6918065796373822,0.940357131073342,DUOXA2
ENSG00000231205.11,0.8925919270048475,0.9849234764572464,ZNF826P
ENSG00000179094.16,0.17197538858678463,0.6927142473482991,PER1
ENSG00000109610.6,0.5383816393330492,0.8962436233575649,SOD3
ENSG00000140564.12,0.1620517956912787,0.6843725060961102,FURIN
ENSG00000258484.4,0.26486825653736656,0.7669445884328739,SPESP1
ENSG00000182704.8,0.4840122916045764,0.8719141432457757,TSKU
ENSG00000277157.2,0.2006961581479345,0.7181402209351381,H4C4
ENSG00000228221.6,0.05680071013031213,0.5387488108770517,LINC00578
ENSG00000177707.11,0.6756139364076914,0.9382208983470575,NECTIN3
ENSG00000143153.13,0.48460228266957894,0.8719141432457757,ATP1B1
ENSG00000276550.4,0.9129198815215109,0.9874506284859019,HERC2P2
ENSG00000188523.9,0.36054807254346743,0.8235807736994303,CFAP77
ENSG00000276980.1,0.7789051859504594,0.9586338915307505,AC008760.2
ENSG00000236481.1,0.018915262347724456,0.4534808673388542,LINC02195
ENSG00000127951.8,0.0017219500583576539,0.3436589480009844,FGL2
ENSG00000079385.23,0.7875353308604672,0.9608714494139055,CEACAM1
ENSG00000125384.7,0.553129436562171,0.903173015394516,PTGER2
ENSG00000151023.17,0.791305312466349,0.9608714494139055,ENKUR
ENSG00000182809.11,0.21057597987292487,0.7258577676184021,CRIP2
ENSG00000067057.18,0.005653456430039907,0.40287243569023123,PFKP
ENSG00000185168.5,0.5985212654526705,0.913429135583759,LINC00482
ENSG00000167588.13,0.9074577920758197,0.9870260433676333,GPD1
ENSG00000064651.14,0.9793385094376695,0.9969839627241234,SLC12A2
ENSG00000162654.9,0.2601852673506516,0.7628115139894938,GBP4
ENSG00000177409.12,0.7751847983800786,0.9576432923337443,SAMD9L
ENSG00000202318.1,0.7972940300753177,0.961891359147811,Y_RNA
ENSG00000137642.13,0.18104821375094915,0.7015667334683501,SORL1
ENSG00000140937.14,0.6064334672690173,0.9177135500474318,CDH11
ENSG00000186471.13,0.6835129080477758,0.9390447601421359,AKAP14
ENSG00000169908.12,0.10290612015877881,0.6275570473883878,TM4SF1
ENSG00000178538.10,0.9206018213106512,0.9874506284859019,CA8
ENSG00000152953.13,0.3761530431436707,0.8329051780868845,STK32B
ENSG00000125869.10,0.8347359435068381,0.9715926353890115,LAMP5
ENSG00000152779.14,0.997916936071476,0.9995597017000601,SLC16A12
ENSG00000201134.1,0.18542264693547458,0.7067683164022746,Y_RNA
ENSG00000100167.20,0.3279051725861705,0.8052370663303848,SEPTIN3
ENSG00000135697.10,0.6436669893763409,0.9288737868649792,BCO1
ENSG00000168772.11,0.04649503476044267,0.5119748664284771,CXXC4
ENSG00000138623.10,0.42951135946489416,0.8550544439023697,SEMA7A
ENSG00000163565.19,0.5153829882566947,0.8853053511729732,IFI16
ENSG00000143217.9,0.7369250657006587,0.9471628153863872,NECTIN4
ENSG00000255122.1,0.1745079110408604,0.6927142473482991,AC068587.2
ENSG00000204710.2,0.9454122318043144,0.9892711336977343,SPDYC
ENSG00000131401.11,0.23571498669359012,0.7465330110970323,NAPSB
ENSG00000265929.1,0.3461727956360612,0.8120430559249857,MIR5195
ENSG00000080986.13,0.04658173512021904,0.5119748664284771,NDC80
ENSG00000124479.11,0.6201675529550461,0.920864670733086,NDP
ENSG00000204644.10,0.0943982597100321,0.6123586449973578,ZFP57
ENSG00000197506.8,0.8666370221305928,0.9777633497436868,SLC28A3
ENSG00000250742.4,0.016268411840868087,0.4374080164244873,LINC02381
ENSG00000175040.6,0.41799866981791467,0.8508898477243562,CHST2
ENSG00000176887.7,0.8605559531177052,0.9767825170272918,SOX11
ENSG00000226887.8,0.9017466266123108,0.9849234764572464,ERVMER34-1
ENSG00000120322.4,0.08121608903959027,0.5824290700844597,PCDHB8
ENSG00000278484.1,0.43101400449847727,0.855072204492913,AC010998.3
ENSG00000167434.10,0.02600081181006167,0.4654252977694876,CA4
ENSG00000128709.13,0.21127612008787494,0.7269221878621535,HOXD9
ENSG00000228719.1,0.3354468457237728,0.805520506883741,AL022313.2
ENSG00000180447.7,0.5545635050905126,0.9035268196516303,GAS1
ENSG00000196218.13,0.2301410013735839,0.7430266615775709,RYR1
ENSG00000141574.8,0.22554066813822404,0.7393396953888737,SECTM1
ENSG00000099204.20,0.12405698194954935,0.6581426741924449,ABLIM1
ENSG00000120075.5,0.019771067252440076,0.4534808673388542,HOXB5
ENSG00000218274.2,0.8896847651127928,0.9849234764572464,AL121949.2
ENSG00000123405.14,0.32178405590566556,0.8026770804376723,NFE2
ENSG00000187479.8,0.5467596207302159,0.8994501775504316,C11orf96
ENSG00000234797.5,0.21657321115900863,0.7299080103399055,RPS3AP6
ENSG00000108950.12,0.7944519846307263,0.9617562287158012,FAM20A
ENSG00000233532.6,0.06561861369374915,0.5565737045693097,LINC00460
ENSG00000180644.8,0.4267745628265618,0.8544132604297908,PRF1
ENSG00000120833.14,0.4494681694242243,0.8598988221012636,SOCS2
ENSG00000286522.2,0.24331020299590353,0.7500326210824618,H3C2
ENSG00000211445.12,0.23734757630234835,0.7485579798110306,GPX3
ENSG00000283142.1,0.9427654675986454,0.98888717134306,AL049767.1
ENSG00000277977.1,0.6061925759361985,0.9177001484507809,AC010332.1
ENSG00000254632.2,0.8520222972559907,0.9747476639069517,AP003119.1
ENSG00000169783.13,0.731853964747501,0.9456002713415114,LINGO1
ENSG00000100979.15,0.4053824797801777,0.8462583743948848,PLTP
ENSG00000128016.7,0.9203010629800299,0.9874506284859019,ZFP36
ENSG00000132185.18,0.04978567823400567,0.520898242274711,FCRLA
ENSG00000107742.13,0.10683908345950356,0.6339813579629956,SPOCK2
ENSG00000117707.16,0.9829222576474521,0.9975451906859899,PROX1
ENSG00000144868.14,0.18084819723396117,0.7015659057515388,TMEM108
ENSG00000100290.3,0.554341683594501,0.9035268196516303,BIK
ENSG00000278318.5,0.9861817170228246,0.9979803538523901,ZNF229
ENSG00000198478.8,0.2935067158187383,0.7841917201970101,SH3BGRL2
ENSG00000158106.14,0.9109333157774464,0.9872860397490922,RHPN1
ENSG00000282939.1,0.3271513068882761,0.805154585403318,TRBV7-2
ENSG00000239998.6,0.043834208819979015,0.5099223044203635,LILRA2
ENSG00000232415.1,0.09950735917958134,0.6244867620898755,ELN-AS1
ENSG00000226608.3,0.9764534702686896,0.9967411214124835,FTLP3
ENSG00000105357.19,0.5619672987181192,0.9035268196516303,MYH14
ENSG00000226363.3,0.3062733276513546,0.7919653552540749,HAGLROS
ENSG00000188659.9,0.41551428710390526,0.8508898477243562,SAXO2
ENSG00000250722.6,0.0063885687383583925,0.41653625199180777,SELENOP
ENSG00000101282.9,0.9139821350285279,0.9874506284859019,RSPO4
ENSG00000175294.6,0.08862053452169809,0.6027299826798252,CATSPER1
ENSG00000188820.13,0.428421480050414,0.8546819438080139,CALHM6
ENSG00000265178.1,0.3590326998639479,0.8219822448404712,MIR4728
ENSG00000137265.15,0.07134605836384965,0.5677538447264091,IRF4
ENSG00000095539.15,0.0534406544469124,0.5279196495925287,SEMA4G
ENSG00000154175.18,0.03115532554621893,0.4756355531207096,ABI3BP
ENSG00000276547.1,0.5741535494953218,0.9061361884493208,PCDHGB5
ENSG00000173762.8,0.6378522995712694,0.9258940903840456,CD7
ENSG00000227619.3,0.849865734836394,0.9747476639069517,AL391056.1
ENSG00000265917.1,0.6455431191458012,0.9288737868649792,MIR3685
ENSG00000180581.7,0.8558547509486653,0.9767825170272918,SRP9P1
ENSG00000205978.6,0.5840628543893027,0.9076064088245793,NYNRIN
ENSG00000089692.9,0.5955521824103058,0.9109556744663592,LAG3
ENSG00000092096.18,0.44091475657260026,0.858229591755151,SLC22A17
ENSG00000167513.9,0.15102490972680063,0.674538134352904,CDT1
ENSG00000215252.11,0.5993281576401348,0.9143077583285374,GOLGA8B
ENSG00000184349.13,0.028076491978357185,0.46736965671443764,EFNA5
ENSG00000202533.1,0.07639491062981703,0.571677324061824,Y_RNA
ENSG00000164761.9,0.6208568495622797,0.920864670733086,TNFRSF11B
ENSG00000099617.4,0.049589429261881215,0.520898242274711,EFNA2
ENSG00000077942.19,0.4370244283244389,0.8582249401666611,FBLN1
ENSG00000204832.10,0.5338894798274381,0.8938816911342454,ST8SIA6-AS1
ENSG00000235899.2,0.31118951091826935,0.7955355439635531,LINC01564
ENSG00000187715.13,0.6013940274546972,0.9144477008935308,KBTBD12
ENSG00000111371.16,0.26354875787777493,0.7654507827544474,SLC38A1
ENSG00000196155.13,0.6701756251769329,0.9371791067011022,PLEKHG4
ENSG00000230061.2,0.9350251220651736,0.9877707876523755,TRPM2-AS
ENSG00000235029.1,0.23610236230961257,0.7470278743476142,MNX1-AS2
ENSG00000159648.11,0.15002868394390828,0.674538134352904,TEPP
ENSG00000175267.15,0.4483712427591564,0.8598988221012636,VWA3A
ENSG00000174348.14,0.7395224128120103,0.9477677066336684,PODN
ENSG00000234975.6,0.7490405828130962,0.9506764040047618,FTH1P2
ENSG00000169679.15,0.12854264323059256,0.6620855760341555,BUB1
ENSG00000169508.7,0.04650053402632592,0.5119748664284771,GPR183
ENSG00000002933.9,0.25921249234629706,0.7623693409077085,TMEM176A
ENSG00000188747.8,0.36337945649109904,0.8235807736994303,NOXA1
ENSG00000128268.12,0.5062231317444731,0.8810175956212942,MGAT3
ENSG00000142910.16,0.874740653730853,0.978818292930578,TINAGL1
ENSG00000134317.18,0.6392464995990197,0.9269367207751138,GRHL1
ENSG00000283971.1,0.3094404725743038,0.7955355439635531,MIR4442
ENSG00000234602.9,0.5874198341237973,0.9076064088245793,MCIDAS
ENSG00000188039.16,0.27198366926444506,0.7705023171721327,NWD1
ENSG00000169252.6,0.13958387536733233,0.6687186348147438,ADRB2
ENSG00000114923.17,0.5561700457340488,0.9035268196516303,SLC4A3
ENSG00000106853.20,0.6454899205673701,0.9288737868649792,PTGR1
ENSG00000278912.1,0.6304323751561567,0.92367383691023,AC008870.5
ENSG00000099960.13,0.19354681729990023,0.7135493882328569,SLC7A4
ENSG00000182853.12,0.6338328636461945,0.924230011223463,VMO1
ENSG00000215915.10,0.32692982510092355,0.805154585403318,ATAD3C
ENSG00000134690.11,0.19533959736307355,0.7160038068312844,CDCA8
ENSG00000287189.1,0.7079385377039308,0.9436811839781982,AL121956.7
ENSG00000184254.17,0.36329450810526764,0.8235807736994303,ALDH1A3
ENSG00000105997.22,0.31070564659280236,0.7955355439635531,HOXA3
ENSG00000115590.14,0.1530151061146366,0.6776872840799415,IL1R2
ENSG00000156427.8,0.15050787260509324,0.674538134352904,FGF18
ENSG00000162840.4,0.8612349014196321,0.9767825170272918,MT2P1
ENSG00000002587.10,0.5348906371739601,0.8938816911342454,HS3ST1
ENSG00000071967.12,0.08321969176093925,0.5914355452192538,CYBRD1
ENSG00000251991.1,0.44402293197419573,0.8598988221012636,RNU7-49P
ENSG00000179862.7,0.7497092989963872,0.9508097731379546,CITED4
ENSG00000126861.5,0.08071920190678156,0.5804444428024019,OMG
ENSG00000101336.17,0.454271488938535,0.8600496595270013,HCK
ENSG00000072571.20,0.0091560060549,0.422343717894382,HMMR
ENSG00000136379.12,0.816935201918116,0.9678725546419633,ABHD17C
ENSG00000182578.14,0.27601182594336704,0.7718333667520658,CSF1R
ENSG00000197757.8,0.0781797151513665,0.5758121607852904,HOXC6
ENSG00000070404.10,0.01608452324138647,0.4374080164244873,FSTL3
ENSG00000105877.18,0.5892838688473054,0.9082687846029202,DNAH11
ENSG00000079931.15,0.7069326063618022,0.9436811839781982,MOXD1
ENSG00000181195.11,0.6137570550071418,0.9208522890139409,PENK
ENSG00000105991.10,0.6034260729673459,0.9156663109230152,HOXA1
ENSG00000044524.11,0.26715772927097686,0.7678582761200466,EPHA3
ENSG00000101412.13,0.35179672116217797,0.8142509365701718,E2F1
ENSG00000186603.6,0.9867911736297559,0.9979803538523901,HPDL
ENSG00000229754.1,0.4535015569673425,0.8600080546187959,CXCR2P1
ENSG00000137309.20,0.1040073915660867,0.6296128146793003,HMGA1
ENSG00000183780.13,0.23284477121704872,0.744733634506012,SLC35F3
ENSG00000102996.5,0.8717192408160761,0.9783838026122388,MMP15
ENSG00000091129.21,0.602672293300359,0.9150236591210479,NRCAM
ENSG00000260459.2,0.4947645197808266,0.8768203004666563,FTLP14
ENSG00000125170.11,0.5102386074998868,0.8832342440599988,DOK4
ENSG00000156675.16,0.14680011996837705,0.6702993118382483,RAB11FIP1
ENSG00000105088.8,0.9699494954935277,0.9954557710227082,OLFM2
ENSG00000166831.9,0.8982927606563414,0.9849234764572464,RBPMS2
ENSG00000269404.7,0.013217034022854818,0.42500769577816633,SPIB
ENSG00000286073.1,0.0697594103123894,0.5642095455736198,AL138900.2
ENSG00000252412.1,0.7768102760978278,0.9580902573098949,Y_RNA
ENSG00000101222.12,0.7907476038705594,0.9608714494139055,SPEF1
ENSG00000239040.1,0.7733867959178555,0.956754700611548,Y_RNA
ENSG00000286342.1,0.0749001969547572,0.5697943248310305,AC073210.3
ENSG00000149573.9,0.11982556998118676,0.6573633100167535,MPZL2
ENSG00000252498.1,0.47744263988710844,0.8719141432457757,RNU6-1016P
ENSG00000227719.1,0.024051807492277935,0.4551430556553074,AC006042.1
ENSG00000214796.8,0.8387744460034983,0.9721182752827702,TUBA5P
ENSG00000238117.1,0.9099361868106624,0.9872860397490922,AP000844.2
ENSG00000186810.8,0.0958229063102597,0.615226614378372,CXCR3
ENSG00000176387.7,0.4850956268290286,0.8719141432457757,HSD11B2
ENSG00000167105.8,0.027048945075008962,0.4654252977694876,TMEM92
ENSG00000115956.10,0.07389392983538061,0.5697943248310305,PLEK
ENSG00000174808.12,0.31622822229674863,0.798715180800932,BTC
ENSG00000237973.1,0.5061229434600542,0.8810175956212942,MTCO1P12
ENSG00000127920.6,0.23461073629028234,0.7459579795131269,GNG11
ENSG00000226453.2,0.09881805614115653,0.6244867620898755,LINC02542
ENSG00000188641.14,0.7846050422996997,0.9603993609835769,DPYD
ENSG00000229312.2,0.4010489672060241,0.8444215855014771,AL353693.1
ENSG00000258732.1,0.7706193458485704,0.9563961752089646,AC025884.1
ENSG00000135842.17,0.03388589944975517,0.48557511711515106,NIBAN1
ENSG00000207697.1,0.711294608902802,0.9437001604195177,MIR573
ENSG00000233730.1,0.5517252501564184,0.9028106760495546,LINC01765
ENSG00000214725.9,0.45220671458190553,0.8600080546187959,CDIPTOSP
ENSG00000166851.15,0.008646995830005206,0.422343717894382,PLK1
ENSG00000233834.6,0.42558395720286424,0.8539749115866707,AC005083.1
ENSG00000145506.14,0.8609460016438581,0.9767825170272918,NKD2
ENSG00000135083.16,0.45066004623450384,0.8599434754293794,CCNJL
ENSG00000227008.2,0.437604541476626,0.8582249401666611,AL009174.1
ENSG00000123095.6,0.5195604708153638,0.8877363166357696,BHLHE41
ENSG00000005249.13,0.03926155228586993,0.49106991772126546,PRKAR2B
ENSG00000235109.7,0.6611834293874419,0.9331066559292748,ZSCAN31
ENSG00000128602.11,0.831826158973708,0.9709332612582274,SMO
ENSG00000230873.9,0.8365140704308887,0.9715926353890115,STMND1
ENSG00000185834.10,0.9355088306655529,0.9877707876523755,RPL12P4
ENSG00000264229.1,0.7027928254277929,0.9433377204586122,RNU4ATAC
ENSG00000158859.10,0.1097488826074893,0.6397722282574139,ADAMTS4
ENSG00000146122.17,0.12495839225647007,0.6582002079982514,DAAM2
ENSG00000254024.1,0.20066853551207323,0.7181402209351381,AP001207.3
ENSG00000275302.2,0.37086157740220516,0.8286765754947579,CCL4
ENSG00000063660.9,0.03454575484991408,0.4870889854952235,GPC1
ENSG00000143167.12,0.7906410999529526,0.9608714494139055,GPA33
ENSG00000196924.19,0.5966210720404012,0.9119367497274538,FLNA
ENSG00000172243.18,0.07900612830575213,0.5765115082089477,CLEC7A
ENSG00000208772.1,0.983686471584079,0.9977497183130197,SNORD94
ENSG00000225840.2,0.5464326145420297,0.8994501775504316,AC010970.1
ENSG00000076382.17,0.049276783409813715,0.5201110603902758,SPAG5
ENSG00000138061.12,0.3827834663691887,0.838267046379356,CYP1B1
ENSG00000167702.13,0.7610341239659116,0.9546114685332002,KIFC2
ENSG00000099194.6,0.47831615277517403,0.8719141432457757,SCD
ENSG00000101134.12,0.9441678696151697,0.9892711336977343,DOK5
ENSG00000065328.17,0.785585523752432,0.9607268851084937,MCM10
ENSG00000270748.1,0.04768795158851893,0.5160214734133853,IGKV2OR2-1
ENSG00000138080.14,0.190554560410202,0.7103139405117631,EMILIN1
ENSG00000152137.8,0.4796544124209634,0.8719141432457757,HSPB8
ENSG00000284621.1,0.981392003517784,0.9970455072240391,AP000553.4
ENSG00000173890.17,0.6412828647796496,0.928523436766732,GPR160
ENSG00000132321.17,0.7393091314827911,0.9477677066336684,IQCA1
ENSG00000189120.5,0.009496462032180715,0.422343717894382,SP6
ENSG00000169442.9,0.10127486935480316,0.6253398336816275,CD52
ENSG00000282935.1,0.3794658920565318,0.8356278413605698,DUX4L34
ENSG00000156968.9,0.35045844842159357,0.8131787406907613,MPV17L
ENSG00000077264.15,0.21391349222364361,0.7284150309160099,PAK3
ENSG00000188013.6,0.6935376689327295,0.9416208309745778,MEIS3P2
ENSG00000150893.11,0.9991119576211359,0.999992258902376,FREM2
ENSG00000024526.17,0.10523963033914406,0.6301312351699143,DEPDC1
ENSG00000198846.6,0.0186100335727059,0.4534808673388542,TOX
ENSG00000281420.1,0.12116531999768815,0.6574794830232176,AP001052.1
ENSG00000136514.3,0.5698845447152007,0.9041905959309144,RTP4
ENSG00000137266.15,0.0002472554299203701,0.24447380633376592,SLC22A23
ENSG00000134762.17,0.19400663359752124,0.7137639403518107,DSC3
ENSG00000169129.15,0.18987392212446755,0.7103139405117631,AFAP1L2
ENSG00000163888.4,0.01607012385877571,0.4374080164244873,CAMK2N2
ENSG00000113070.8,0.2531075698989993,0.7566075051649237,HBEGF
ENSG00000185101.13,0.31745823303652,0.7992497030452382,ANO9
ENSG00000137747.16,0.768602038874997,0.9563717850694351,TMPRSS13
ENSG00000188153.14,0.5593216061468527,0.9035268196516303,COL4A5
ENSG00000117594.10,0.21933804014959452,0.7320842509942724,HSD11B1
ENSG00000273257.1,0.24497124800299797,0.7508183930972546,AC069200.1
ENSG00000238279.1,0.14476371250590836,0.6702993118382483,BX470102.1
ENSG00000085662.14,0.7416091616141647,0.9490581569920794,AKR1B1
ENSG00000042980.13,0.48364422771661897,0.8719141432457757,ADAM28
ENSG00000121075.11,0.15631158101417414,0.6806689919609344,TBX4
ENSG00000112414.15,0.737613519946921,0.9471628153863872,ADGRG6
ENSG00000248527.1,0.21727294001952463,0.7307095899466156,MTATP6P1
ENSG00000167618.10,0.8628805371055055,0.9767825170272918,LAIR2
ENSG00000233732.5,0.9498986697055956,0.9900147107195209,IGHV3OR16-10
ENSG00000132688.11,0.15971235444256465,0.6838929581569986,NES
ENSG00000163362.11,0.1406106596973879,0.6695943601910094,INAVA
ENSG00000139289.13,0.8121894948133561,0.9663047069840203,PHLDA1
ENSG00000165716.11,0.3001912561532323,0.7878478351615926,DIPK1B
ENSG00000224063.6,0.7997067929048456,0.961891359147811,AC007319.1
ENSG00000112303.14,0.8629586916942472,0.9767825170272918,VNN2
ENSG00000100342.21,0.09534286760411086,0.6138106142197182,APOL1
ENSG00000122870.12,0.06516539057442079,0.5565737045693097,BICC1
ENSG00000084731.15,0.1426351746621268,0.6696621171687488,KIF3C
ENSG00000151388.11,0.2840651843311677,0.778045611914473,ADAMTS12
ENSG00000004468.13,0.5465787154225004,0.8994501775504316,CD38
ENSG00000091831.24,0.4964870673009212,0.8768203004666563,ESR1
ENSG00000171659.15,0.052691026343065446,0.5267513801271463,GPR34
ENSG00000164611.13,0.058967849114553904,0.5468179208629793,PTTG1
ENSG00000254348.1,0.3331591269054017,0.8054859623092716,AC120036.3
ENSG00000166562.9,0.07061555985538327,0.5674162817041065,SEC11C
ENSG00000169047.5,0.018925923951140077,0.4534808673388542,IRS1
ENSG00000156970.13,0.0173096782555987,0.4402558038642627,BUB1B
ENSG00000235280.2,0.14305832888144002,0.6696621171687488,MCF2L-AS1
ENSG00000006118.15,0.31944179163629777,0.800628825045347,TMEM132A
ENSG00000275713.2,0.6972383614686533,0.9424247357938722,H2BC9
ENSG00000224276.1,0.8720614965045742,0.9783838026122388,ARHGEF2-AS1
ENSG00000164089.9,0.4429298318391591,0.8596331784162651,ETNPPL
ENSG00000113083.15,0.17144317797676162,0.6927142473482991,LOX
ENSG00000263361.1,0.6828151337046406,0.938663140007596,MIR378H
ENSG00000100181.22,0.9508642302880869,0.9901922126434592,TPTEP1
ENSG00000184347.15,0.03275859268240995,0.48163655783989356,SLIT3
ENSG00000254521.7,0.9890497242244181,0.9990212309346693,SIGLEC12
ENSG00000158296.14,0.4794817519182156,0.8719141432457757,SLC13A3
ENSG00000164109.14,0.049585036100866876,0.520898242274711,MAD2L1
ENSG00000112984.12,0.013427645999393199,0.42500769577816633,KIF20A
ENSG00000134215.16,0.7935529489887422,0.9611091450774691,VAV3
ENSG00000260428.3,0.8323601272412291,0.9709332612582274,SCX
ENSG00000105479.16,0.5764973356359837,0.9067595794155162,CCDC114
ENSG00000159527.3,0.2888535358663108,0.7820239526025639,PGLYRP3
ENSG00000178965.14,0.26626467949030463,0.7678582761200466,ERICH3
ENSG00000103449.12,0.3305968285355321,0.8052370663303848,SALL1
ENSG00000183317.17,0.912547361787002,0.9874506284859019,EPHA10
ENSG00000182378.14,0.344018805876671,0.8108428946616412,PLCXD1
ENSG00000207730.3,0.06469253162453803,0.5562738017251232,MIR200B
ENSG00000077984.6,0.06946523615036182,0.5642095455736198,CST7
ENSG00000158373.8,0.27191290592688994,0.7705023171721327,H2BC5
ENSG00000224982.4,0.03771557233822998,0.49106991772126546,TMEM233
ENSG00000074276.10,0.18831979904428886,0.7096758506147332,CDHR2
ENSG00000211829.9,0.2924288095685162,0.7841917201970101,TRDC
ENSG00000158764.7,0.8609032177466206,0.9767825170272918,ITLN2
ENSG00000174371.17,0.1363888595262749,0.6672073909128985,EXO1
ENSG00000274721.1,0.9995851849658787,0.999992258902376,AC091825.1
ENSG00000135914.6,0.050070357300009576,0.520898242274711,HTR2B
ENSG00000258689.1,0.2697009207803675,0.7699844721063297,LINC01269
ENSG00000163283.7,0.18721619814393153,0.7074617856939573,ALPP
ENSG00000286403.1,0.29349162350031527,0.7841917201970101,AC010378.1
ENSG00000101850.13,0.1821060924272624,0.7032962985541095,GPR143
ENSG00000201151.1,0.35125725047046297,0.8140770147147267,AL135844.1
ENSG00000114646.10,0.29954698898654686,0.7878478351615926,CSPG5
ENSG00000238365.3,0.5333932735439764,0.8938816911342454,RNU7-57P
ENSG00000252840.1,0.4569091940798715,0.861743377484927,AL365436.3
ENSG00000203760.9,0.07489356587878057,0.5697943248310305,CENPW
ENSG00000107562.16,0.38661785732646947,0.8385377711687341,CXCL12
ENSG00000108582.12,0.4891064603406122,0.8733255307661948,CPD
ENSG00000130768.15,0.4950026437094921,0.8768203004666563,SMPDL3B
ENSG00000144366.16,0.7422539509728665,0.9495760556680211,GULP1
ENSG00000270640.1,0.48901475322741295,0.8733255307661948,AC104695.3
ENSG00000139292.13,0.6538277761889727,0.930956497700324,LGR5
ENSG00000068489.13,0.2347268534776451,0.7459579795131269,PRR11
ENSG00000177791.12,0.07773624451578912,0.5741304333519066,MYOZ1
ENSG00000130540.14,0.061618600513486575,0.5501206033923762,SULT4A1
ENSG00000231991.4,0.09222750927388894,0.6097852055808355,ANXA2P2
ENSG00000253957.1,0.15935835281857502,0.6838929581569986,IGHV3-22
ENSG00000247134.7,0.49609939860382557,0.8768203004666563,AC090204.1
ENSG00000119655.11,0.1375109224705153,0.667794102766811,NPC2
ENSG00000104112.9,0.44039601107537274,0.8582249401666611,SCG3
ENSG00000239246.3,0.6045288070850716,0.916409134542529,AC008026.1
ENSG00000158023.10,0.4985386047262923,0.8776853691041558,CFAP251
ENSG00000123610.5,0.8000598859251893,0.961891359147811,TNFAIP6
ENSG00000253683.1,0.5104821486813004,0.8832342440599988,AC027309.2
ENSG00000138166.6,0.8098662223228327,0.9656559196447799,DUSP5
ENSG00000174460.4,0.29962950632723656,0.7878478351615926,ZCCHC12
ENSG00000257829.1,0.08436227346687006,0.5948506638849367,AC121757.1
ENSG00000213442.5,0.8230424082729272,0.9683758068252137,RPL18AP3
ENSG00000168993.15,0.735181184203289,0.946497911303388,CPLX1
ENSG00000203706.8,0.95823045326199,0.9915960002124418,SERTAD4-AS1
ENSG00000078098.14,0.28765674362827487,0.780571129365233,FAP
ENSG00000116990.11,0.12191514327747996,0.6574794830232176,MYCL
ENSG00000056998.20,0.7255978339593239,0.9442459796555969,GYG2
ENSG00000101463.6,0.163469067084453,0.6870564934314682,SYNDIG1
ENSG00000244280.1,0.05948419888067005,0.5477532167009314,ECEL1P2
ENSG00000100448.4,0.026316124386635893,0.4654252977694876,CTSG
ENSG00000165821.12,0.45533648331065424,0.8607910411202299,SALL2
ENSG00000269378.1,0.3504255108625617,0.8131787406907613,ITGB1P1
ENSG00000208028.1,0.32957763372309135,0.8052370663303848,MIR616
ENSG00000235939.1,0.026200022350118556,0.4654252977694876,AL138760.1
ENSG00000168754.15,0.926991329764498,0.9876697076255315,FAM178B
ENSG00000154102.11,0.2542944053461876,0.7572932772190727,C16orf74
ENSG00000175906.5,0.19297878096282112,0.7127638121862945,ARL4D
ENSG00000012779.11,0.7156459690330341,0.9441033806141912,ALOX5
ENSG00000151693.11,0.8429226466597485,0.9730762018503519,ASAP2
ENSG00000257443.1,0.7188405967377354,0.9441033806141912,AC068305.2
ENSG00000197903.8,0.07578157363336617,0.5703446693053533,H2BC12
ENSG00000077152.11,0.14611088072756068,0.6702993118382483,UBE2T
ENSG00000106078.19,0.385058567081195,0.8384132201295119,COBL
ENSG00000240065.8,0.741605325599493,0.9490581569920794,PSMB9
ENSG00000118402.6,0.5080668249840912,0.8822850901480046,ELOVL4
ENSG00000130487.9,0.11116382151724932,0.6400259903625983,KLHDC7B
ENSG00000270933.1,0.7088452605705216,0.9436811839781982,AC010719.1
ENSG00000276043.5,0.31933754875322806,0.8006212395049236,UHRF1
ENSG00000055732.13,0.43962061317864864,0.8582249401666611,MCOLN3
ENSG00000240280.7,0.681537981533255,0.9385116734699985,TCAM1P
ENSG00000131037.15,0.21418230241036249,0.7285202630990516,EPS8L1
ENSG00000147872.10,0.6515399552239556,0.9303376608044333,PLIN2
ENSG00000205336.14,0.6666119660573284,0.9354155514271939,ADGRG1
ENSG00000162639.16,0.5326808428719056,0.8938816911342454,HENMT1
ENSG00000274641.2,0.07806709199572978,0.5758121607852904,H2BC17
ENSG00000100604.13,0.3055655876390504,0.7911698193862157,CHGA
ENSG00000189057.11,0.005167497295869266,0.39684372437209603,FAM111B
ENSG00000039139.9,0.8952609773227482,0.9849234764572464,DNAH5
ENSG00000072274.13,0.2736801854083571,0.7713081423094224,TFRC
ENSG00000164287.13,0.4966999869268145,0.8768203004666563,CDC20B
ENSG00000157315.5,0.3859570252208112,0.8384132201295119,TMED6
ENSG00000243449.6,0.009239185464025197,0.422343717894382,C4orf48
ENSG00000156049.7,0.14897302390572506,0.674538134352904,GNA14
ENSG00000122035.7,0.7701755083302531,0.9563717850694351,RASL11A
ENSG00000169213.7,0.27236012958583616,0.7705023171721327,RAB3B
ENSG00000096433.11,0.13936479224394527,0.6687186348147438,ITPR3
ENSG00000075218.19,0.00733091723881859,0.417071814080062,GTSE1
ENSG00000123892.12,0.04182226116063684,0.4982139846093936,RAB38
ENSG00000214578.5,0.8764425059531845,0.9791001838342976,HMGN2P15
ENSG00000111912.20,0.4226139956795917,0.8525571807767329,NCOA7
ENSG00000204789.4,0.31573149784925514,0.798715180800932,ZNF204P
ENSG00000172594.13,0.9012909220213458,0.9849234764572464,SMPDL3A
ENSG00000267595.1,0.8380038669612611,0.9720487404827665,BRCA1P1
ENSG00000158220.14,0.11480638645712057,0.650767218447436,ESYT3
ENSG00000112796.10,0.06931289609210738,0.5642095455736198,ENPP5
ENSG00000111331.13,0.11284077402755803,0.6449208978020116,OAS3
ENSG00000143387.14,0.8382230668562516,0.9720487404827665,CTSK
ENSG00000188171.16,0.3075920313987712,0.7933863140257594,ZNF626
ENSG00000166546.14,0.03325924068607395,0.4836040327699356,BEAN1
ENSG00000159388.6,0.0636675144193859,0.5541251395773064,BTG2
ENSG00000152154.11,0.9396931784458095,0.9885797730536688,TMEM178A
ENSG00000104892.17,0.8480560578016526,0.9746438889486686,KLC3
ENSG00000076356.7,0.8514994165156395,0.9747476639069517,PLXNA2
ENSG00000140092.14,0.19612576514332342,0.7165676690589909,FBLN5
ENSG00000226332.2,0.004643846319134041,0.39175673708153064,AL354836.1
ENSG00000197794.2,0.023845539931086252,0.45446155147114187,IGKV7-3
ENSG00000136997.21,0.9700232688553053,0.9954557710227082,MYC
ENSG00000278420.1,0.9313495262515603,0.9876697076255315,MIR6819
ENSG00000060140.9,0.24102175292986783,0.7485579798110306,STYK1
ENSG00000178445.10,0.7740208656436145,0.9569404575243812,GLDC
ENSG00000158485.11,0.06161907137871623,0.5501206033923762,CD1B
ENSG00000110079.18,0.31180586879121336,0.7956078781091929,MS4A4A
ENSG00000157992.12,0.5943617881932926,0.9102423513279659,KRTCAP3
ENSG00000035499.13,0.0035021012468135714,0.3642012503073679,DEPDC1B
ENSG00000234287.1,0.4591625046967991,0.8631790029937088,AC099560.2
ENSG00000213178.3,0.6279312078170312,0.923570100785026,RPL22P1
ENSG00000131080.15,0.47482097670812584,0.8713012236345878,EDA2R
ENSG00000212402.1,0.6271121645065026,0.923570100785026,SNORA74B
ENSG00000011422.12,0.013980051542115172,0.4265258351879355,PLAUR
ENSG00000115008.6,0.36370705658770763,0.8235807736994303,IL1A
ENSG00000127561.15,0.4493028559738744,0.8598988221012636,SYNGR3
ENSG00000223572.10,0.19049030977179057,0.7103139405117631,CKMT1A
ENSG00000178776.5,0.5136412542044317,0.8853053511729732,C5orf46
ENSG00000164411.12,0.16466023077701222,0.6876781549346181,GJB7
ENSG00000182742.6,0.5879699549342994,0.9076064088245793,HOXB4
ENSG00000135476.12,0.09715764238780693,0.6207729816539198,ESPL1
ENSG00000198910.14,0.9152523250357187,0.9874506284859019,L1CAM
ENSG00000211765.1,0.8973426756875438,0.9849234764572464,TRBJ2-2
ENSG00000205413.8,0.381281456823897,0.8374512308621752,SAMD9
ENSG00000267886.1,0.5018271478817253,0.8794891790598558,AC074135.1
ENSG00000176170.14,0.10223371670683012,0.6263245177051079,SPHK1
ENSG00000111859.17,0.36907914525239904,0.8267861114969369,NEDD9
ENSG00000221340.1,0.6018362530916943,0.914781852796945,RNU6ATAC18P
ENSG00000252759.1,0.8337666513577178,0.9714795083596443,Y_RNA
ENSG00000019549.13,0.6149603674350695,0.9208522890139409,SNAI2
ENSG00000074527.13,0.30024394899730766,0.7878478351615926,NTN4
ENSG00000186074.19,0.020969459217407897,0.4544340339991684,CD300LF
ENSG00000225783.8,0.4507968708647776,0.8599434754293794,MIAT
ENSG00000186205.13,0.8189255304788196,0.9683758068252137,MTARC1
ENSG00000160957.14,0.12968910295981664,0.6620855760341555,RECQL4
ENSG00000277496.1,0.40654220000950914,0.846432217161211,AL357033.4
ENSG00000109956.13,0.2937579825612053,0.7841917201970101,B3GAT1
ENSG00000169515.8,0.9406586500659316,0.98888717134306,CCDC8
ENSG00000200356.1,0.9634783669990086,0.9940151145118244,RNU6-833P
ENSG00000287750.1,0.9603781403026422,0.9926291767664838,AL353572.4
ENSG00000066279.18,0.2967743058919552,0.7854825845156927,ASPM
ENSG00000210140.1,0.8011762668962144,0.9623417940428617,MT-TC
ENSG00000274736.5,0.7549358426610433,0.9525510472880607,CCL23
ENSG00000230918.2,0.995228213050913,0.9995597017000601,DPP4-DT
ENSG00000085265.11,0.4499937831320209,0.8599279006790084,FCN1
ENSG00000206341.7,0.2507361319260495,0.7542824114917852,HLA-H
ENSG00000198406.7,0.6726759153313638,0.9380611862158953,BZW1P2
ENSG00000148158.17,0.004655516218162311,0.39175673708153064,SNX30
ENSG00000167103.12,0.735128941036236,0.946497911303388,PIP5KL1
ENSG00000151332.19,0.11745417545969275,0.6551921917391889,MBIP
ENSG00000154839.10,0.12148814574968249,0.6574794830232176,SKA1
ENSG00000124225.16,0.014599159786136595,0.43052179705736865,PMEPA1
ENSG00000244642.3,0.7251337298700622,0.9442459796555969,RN7SL396P
ENSG00000201785.1,0.2593469679771995,0.7623693409077085,SNORD117
ENSG00000172782.12,0.6527112492667531,0.9308003124838446,FADS6
ENSG00000278281.1,0.7263811070197492,0.9442459796555969,MIR7856
ENSG00000264201.1,0.6478963493841693,0.9298185784418065,MIR4701
ENSG00000139193.4,0.06351268898594148,0.5541251395773064,CD27
ENSG00000136167.15,0.11905185192906266,0.656774723931987,LCP1
ENSG00000198851.10,0.3841467591433455,0.8384132201295119,CD3E
ENSG00000185274.12,0.6099035557699617,0.920283615623019,GALNT17
ENSG00000119714.11,0.6271203324037189,0.923570100785026,GPR68
ENSG00000052344.16,0.7681629133364565,0.9563717850694351,PRSS8
ENSG00000227615.1,0.8675984824716511,0.9781922124326025,AP001324.1
ENSG00000211747.3,0.02901744785050889,0.4712446403550859,TRBV20-1
ENSG00000205002.4,0.9471239311621924,0.9892711336977343,AARD
ENSG00000166206.15,0.9174844441030929,0.9874506284859019,GABRB3
ENSG00000271133.5,0.21268941808754369,0.7283001286028011,AC004130.2
ENSG00000164687.11,0.6310329846082268,0.92367383691023,FABP5
ENSG00000119917.14,0.6106098985478702,0.9203730677437737,IFIT3
ENSG00000262539.1,0.6002192781631945,0.9144477008935308,AC005829.2
ENSG00000138696.11,0.5109666713793366,0.8836086563733823,BMPR1B
ENSG00000166428.14,0.1055040805805399,0.6307915928889422,PLD4
ENSG00000102886.15,0.507030876716092,0.8815308045340889,GDPD3
ENSG00000110042.8,0.9535887934829511,0.9906056725320317,DTX4
ENSG00000072210.19,0.5256075337057742,0.8906645281845703,ALDH3A2
ENSG00000137975.8,0.8485491270252197,0.9746438889486686,CLCA2
ENSG00000165238.16,0.0464439185192418,0.5119748664284771,WNK2
ENSG00000286133.2,0.8078211259849644,0.9651433907711591,AC093817.2
ENSG00000287252.1,0.871365475194662,0.9783838026122388,AL009179.1
ENSG00000141448.11,0.2851013674354612,0.778045611914473,GATA6
ENSG00000082196.21,0.8355325575768381,0.9715926353890115,C1QTNF3
ENSG00000163106.11,0.43714156001764704,0.8582249401666611,HPGDS
ENSG00000276850.5,0.9469507252954603,0.9892711336977343,AC245041.2
ENSG00000113594.10,0.00561688235483703,0.40287243569023123,LIFR
ENSG00000226539.1,0.41292669300969365,0.849345677191902,MLXP1
ENSG00000008513.16,0.8378091986078747,0.9720487404827665,ST3GAL1
ENSG00000173535.15,0.04451775502335959,0.5099223044203635,TNFRSF10C
ENSG00000225492.6,0.41371787931283277,0.849345677191902,GBP1P1
ENSG00000050730.16,0.6192243196832727,0.9208522890139409,TNIP3
ENSG00000178209.16,0.12685205459975743,0.6620750516106523,PLEC
ENSG00000138678.11,0.8990979764819728,0.9849234764572464,GPAT3
ENSG00000100097.12,0.03382927377484578,0.48557511711515106,LGALS1
ENSG00000221740.1,0.20945361332157078,0.7246841902905286,SNORD93
ENSG00000046604.13,0.1027827583672251,0.6275570473883878,DSG2
ENSG00000073605.18,0.9812603094149046,0.9970455072240391,GSDMB
ENSG00000183160.9,0.19107063555235687,0.711232342220773,TMEM119
ENSG00000131153.9,0.437319745014247,0.8582249401666611,GINS2
ENSG00000156804.7,0.07555936253980643,0.5698151474503798,FBXO32
ENSG00000158246.8,0.47579304672973777,0.8717912901626652,TENT5B
ENSG00000287097.1,0.8038307719008504,0.9629413002780141,AL590550.1
ENSG00000184113.9,0.2570111387068674,0.7601595811409996,CLDN5
ENSG00000198517.10,0.3864497537075844,0.8384132201295119,MAFK
ENSG00000268833.1,0.9923223941622045,0.9995597017000601,AC243967.2
ENSG00000231892.1,0.1890735399931963,0.7103139405117631,AC073316.2
ENSG00000226525.5,0.8219750650913039,0.9683758068252137,RPS7P10
ENSG00000166432.15,0.7209398334432606,0.9441447156516874,ZMAT1
ENSG00000229886.1,0.048361126105944244,0.5163818598736397,AC068533.2
ENSG00000204681.11,0.7185183709520959,0.9441033806141912,GABBR1
ENSG00000266392.1,0.2605622793881096,0.7630683561495547,MIR4740
ENSG00000243742.5,0.017550242822027842,0.4449436561610264,RPLP0P2
ENSG00000164292.13,0.5211530391775414,0.888161118877656,RHOBTB3
ENSG00000095627.9,0.8880615901894504,0.9846603838517736,TDRD1
ENSG00000206634.1,0.5833034158057387,0.9076064088245793,SNORA22
ENSG00000166183.16,0.5633597151982497,0.9035268196516303,ASPG
ENSG00000185052.12,0.24965309651443243,0.7531596284340898,SLC24A3
ENSG00000226421.1,0.28565060034418505,0.778045611914473,SLC25A5P5
ENSG00000110077.14,0.08603691497209932,0.598024602310462,MS4A6A
ENSG00000261189.1,0.03221784104128304,0.4763174572319437,AL031058.1
ENSG00000133083.15,0.8774102962790873,0.9793388001547721,DCLK1
ENSG00000111199.12,0.5625341137087352,0.9035268196516303,TRPV4
ENSG00000166979.13,0.7262836587298507,0.9442459796555969,EVA1C
ENSG00000267147.2,0.19076732605523367,0.7104376408177487,LINC01842
ENSG00000148700.15,0.4871878359431645,0.8726616319647593,ADD3
ENSG00000151914.20,0.7394428858072073,0.9477677066336684,DST
ENSG00000170909.13,0.9583677256982917,0.9915960002124418,OSCAR
ENSG00000120149.9,0.16139588681426315,0.6840062348190279,MSX2
ENSG00000130720.13,0.019374775678837077,0.4534808673388542,FIBCD1
ENSG00000134202.11,0.6978744491002026,0.9424803011200346,GSTM3
ENSG00000242574.9,0.0041290545933226576,0.3642012503073679,HLA-DMB
ENSG00000178458.5,0.9700224932654646,0.9954557710227082,H3P16
ENSG00000130176.8,0.3372343027915009,0.8065126189054084,CNN1
ENSG00000172794.20,0.09250850147876138,0.6097852055808355,RAB37
ENSG00000111247.15,0.29112405807586816,0.7834115431036621,RAD51AP1
ENSG00000086696.11,0.7214528470460211,0.9442459796555969,HSD17B2
ENSG00000285699.1,0.5298910083830088,0.8933158304155158,AL360267.2
ENSG00000143333.7,0.21017255847831495,0.7253337423924395,RGS16
ENSG00000275874.1,0.08479264632151283,0.5949982089294241,PICSAR
ENSG00000091262.16,0.30194811945949596,0.7888016439675527,ABCC6
ENSG00000187185.4,0.9097388387154839,0.9872860397490922,AC092118.1
ENSG00000175544.14,0.8762751612905436,0.9791001838342976,CABP4
ENSG00000169418.10,0.9513848417156651,0.9901922126434592,NPR1
ENSG00000229921.7,0.6022292208500764,0.9148517643410993,KIF25-AS1
ENSG00000278864.1,0.265122204774775,0.7669445884328739,AC055811.4
ENSG00000124780.14,0.38867804659158034,0.8402414180211534,KCNK17
ENSG00000272079.2,0.0680739061348999,0.5614855031564736,AC004233.2
ENSG00000257270.1,0.874038399581615,0.9786268315513358,AL928654.2
ENSG00000140379.9,0.8977074833977481,0.9849234764572464,BCL2A1
ENSG00000189343.7,0.7470265223238394,0.9499217968867156,RPS2P46
ENSG00000133985.3,0.24139098846417315,0.7485579798110306,TTC9
ENSG00000183691.6,0.16808099783332986,0.690957857971743,NOG
ENSG00000110375.3,0.08778267612530963,0.6015457757754022,UPK2
ENSG00000100504.17,0.13860235454330996,0.6685028197790133,PYGL
ENSG00000187193.9,0.06905704487337658,0.5642095455736198,MT1X
ENSG00000237361.3,0.32009191656471364,0.8011233444011248,TUSC8
ENSG00000148468.17,0.9934716472814239,0.9995597017000601,FAM171A1
ENSG00000122188.13,0.010124818697668963,0.422343717894382,LAX1
ENSG00000154310.17,0.20321720661291542,0.7217997774172253,TNIK
ENSG00000254046.1,0.10987662508090475,0.6397722282574139,IGHV1-17
ENSG00000169385.3,0.5431203510938893,0.8988251560076017,RNASE2
ENSG00000111674.9,0.1281948352266939,0.6620855760341555,ENO2
ENSG00000171860.5,0.3718470524397187,0.8287715369958227,C3AR1
ENSG00000264056.1,0.15038545435249479,0.674538134352904,MIR5685
ENSG00000087510.7,0.9428807896674284,0.98888717134306,TFAP2C
ENSG00000255142.1,0.44771700373544476,0.8598988221012636,AP006621.2
ENSG00000218281.1,0.5811714103753418,0.9070781322354399,H2AC9P
ENSG00000134460.18,0.2914304740928916,0.7835537219832673,IL2RA
ENSG00000155792.10,0.21828213323642878,0.7318699959742615,DEPTOR
ENSG00000063180.9,0.2673428182597482,0.7678582761200466,CA11
ENSG00000286619.1,0.7108393345258004,0.9437001604195177,AC119673.2
ENSG00000251819.1,0.13569500419709876,0.6672073909128985,RNU6-322P
ENSG00000168405.17,0.012056714303269973,0.42500769577816633,CMAHP
ENSG00000186197.15,0.01980122530780146,0.4534808673388542,EDARADD
ENSG00000074416.14,0.8044316818882015,0.9630777363002382,MGLL
ENSG00000228834.1,0.07143070510152566,0.5678561581437869,ATP5MFP2
ENSG00000104808.8,0.10842125550365389,0.636910524192222,DHDH
ENSG00000170745.12,0.4118074847501122,0.8492898390659616,KCNS3
ENSG00000107796.13,0.7985188679267802,0.961891359147811,ACTA2
ENSG00000049130.16,0.32767649098386686,0.8052370663303848,KITLG
ENSG00000209482.1,0.7811810979221492,0.9591284440008568,SNORD83A
ENSG00000151322.19,0.5888444473339813,0.9078804723589428,NPAS3
ENSG00000185100.11,0.26774248820041474,0.7684481428393616,ADSS1
ENSG00000100557.10,0.5285152144732952,0.8918458699916624,CCDC198
ENSG00000137807.16,0.00578693818889688,0.40870250959084214,KIF23
ENSG00000270318.1,0.04702944175772156,0.5125012848348058,IGHV3OR16-11
ENSG00000215788.11,0.7887160351483266,0.9608714494139055,TNFRSF25
ENSG00000162998.5,0.04705434906989519,0.5125012848348058,FRZB
ENSG00000184371.14,0.5603579059646095,0.9035268196516303,CSF1
ENSG00000157227.13,0.32429514213156396,0.8043821179870402,MMP14
ENSG00000261600.1,0.5782144892670122,0.9070406342289169,AC233266.2
ENSG00000265190.7,0.8916593693942673,0.9849234764572464,ANXA8
ENSG00000136425.14,0.24787630441913838,0.7525991292655084,CIB2
ENSG00000234604.2,0.980824282874057,0.9970455072240391,AL021068.1
ENSG00000266017.1,0.13136925852998577,0.664321988623461,MIR4477B
ENSG00000228067.1,0.026115187024284323,0.4654252977694876,LINC01740
ENSG00000254285.3,0.2447098662747427,0.7508183930972546,KRT8P3
ENSG00000100558.9,0.06217547176449821,0.5513542395259875,PLEK2
ENSG00000173621.9,0.0419762424844768,0.4992963579732504,LRFN4
ENSG00000101003.10,0.07747363708237007,0.5737981922486397,GINS1
ENSG00000225851.1,0.20031959051145906,0.7181402209351381,HLA-S
ENSG00000106258.15,0.18772788904721852,0.7087959915816222,CYP3A5
ENSG00000114251.15,0.7668936470368691,0.9557868318389714,WNT5A
ENSG00000197479.7,0.4174726833297281,0.8508898477243562,PCDHB11
ENSG00000128274.17,0.697269473009858,0.9424247357938722,A4GALT
ENSG00000163661.4,0.012764304606980924,0.42500769577816633,PTX3
ENSG00000163501.7,0.7005277178229505,0.9431477051501473,IHH
ENSG00000273820.2,0.9795477847866653,0.9969839627241234,USP27X
ENSG00000141526.17,0.01922467949783408,0.4534808673388542,SLC16A3
ENSG00000256287.1,0.47497129641988156,0.8713012236345878,LINC02398
ENSG00000110811.20,0.2610379174378204,0.7637322258561939,P3H3
ENSG00000104833.12,0.757584073440654,0.9536107608076979,TUBB4A
ENSG00000214485.6,0.7918921385551659,0.9608714494139055,RPL7P1
ENSG00000188389.11,0.8001574138043738,0.961891359147811,PDCD1
ENSG00000106538.10,0.6380301841333534,0.9258940903840456,RARRES2
ENSG00000258474.1,0.18124762324822116,0.7016117265883662,LINC02313
ENSG00000106565.18,0.10163527729295749,0.6253398336816275,TMEM176B
ENSG00000080573.7,0.35917255911412227,0.8220645088520565,COL5A3
ENSG00000137628.17,0.37313532133470706,0.829952222041235,DDX60
ENSG00000008311.15,0.6983667678231223,0.9426759613448631,AASS
ENSG00000249853.8,0.34476782853180854,0.8110436818481109,HS3ST5
ENSG00000133401.16,0.239213209804939,0.7485579798110306,PDZD2
ENSG00000221184.1,0.5725571338079474,0.9054232163976137,AL513534.1
ENSG00000262979.1,0.619748271086679,0.9208522890139409,AC124319.1
ENSG00000106089.12,0.05389832358349553,0.5302683327679723,STX1A
ENSG00000248474.1,0.6988428581400661,0.9431477051501473,LINC02122
ENSG00000159166.15,0.007452971580846566,0.417071814080062,LAD1
ENSG00000232621.1,0.7505039599653817,0.9510551623399823,C4BPAP2
ENSG00000101417.12,0.027975482644153473,0.46736965671443764,PXMP4
ENSG00000105989.10,0.7688789476592439,0.9563717850694351,WNT2
ENSG00000130988.13,0.0186425213332066,0.4534808673388542,RGN
ENSG00000164879.7,0.8353673354855802,0.9715926353890115,CA3
ENSG00000105880.7,0.6538458779801528,0.930956497700324,DLX5
ENSG00000179178.11,0.057867912770452126,0.5397820636960805,TMEM125
ENSG00000164649.20,0.4010320261963628,0.8444215855014771,CDCA7L
ENSG00000242071.3,0.8350542574407624,0.9715926353890115,RPL7AP6
ENSG00000211656.3,0.3076252623409613,0.7933863140257594,IGLV2-33
ENSG00000134755.17,0.02303258352615398,0.45446155147114187,DSC2
ENSG00000197696.10,0.0024604305658274864,0.3436589480009844,NMB
ENSG00000166396.13,0.2066776689557801,0.72433334578654,SERPINB7
ENSG00000172889.16,0.5105116262758931,0.8832342440599988,EGFL7
ENSG00000232878.3,0.6182863249109032,0.9208522890139409,DPYD-AS1
ENSG00000267383.7,0.34588593029715153,0.8118568868399018,AC011447.3
ENSG00000104415.14,0.5951684653874115,0.9108598192809337,CCN4
ENSG00000154099.18,0.0934828793363062,0.6102695387767496,DNAAF1
ENSG00000163331.12,0.1891612213382748,0.7103139405117631,DAPL1
ENSG00000074706.13,0.8979301280949559,0.9849234764572464,IPCEF1
ENSG00000154930.15,0.13616929726671093,0.6672073909128985,ACSS1
ENSG00000284928.1,0.02712969390870852,0.4654252977694876,AL445205.1
ENSG00000049283.18,0.43902900548300317,0.8582249401666611,EPN3
ENSG00000211513.5,0.9181252281465534,0.9874506284859019,MIR320E
ENSG00000154734.16,0.6388510498334974,0.9265331507486183,ADAMTS1
ENSG00000122952.17,0.07972443529976228,0.578554488530925,ZWINT
ENSG00000133477.17,0.13265291372017338,0.6644572316236499,FAM83F
ENSG00000140526.18,0.1613860195681786,0.6840062348190279,ABHD2
ENSG00000197629.6,0.006699171204897185,0.41653625199180777,MPEG1
ENSG00000159208.16,0.313365218546468,0.7968912623852751,CIART
ENSG00000287550.1,0.45627121593137054,0.8611561245567028,AL450345.2
ENSG00000264500.1,0.3918988976666773,0.8409678168383927,MIR3124
ENSG00000137727.12,0.6848131743423148,0.9390447601421359,ARHGAP20
ENSG00000230715.3,0.7981944537164016,0.961891359147811,AC018638.2
ENSG00000101916.12,0.4476235660084449,0.8598988221012636,TLR8
ENSG00000162630.6,0.009564771888542142,0.422343717894382,B3GALT2
ENSG00000198786.2,0.7639484671745864,0.955025138659946,MT-ND5
ENSG00000128408.9,0.0831416577099477,0.5914355452192538,RIBC2
ENSG00000207563.1,0.15465837852755857,0.6802505845039892,MIR23B
ENSG00000155962.13,0.6498549869267387,0.9303376608044333,CLIC2
ENSG00000101197.13,0.6787651435767286,0.9385116734699985,BIRC7
ENSG00000250682.6,0.17062304847439375,0.6925226530909693,LINC00491
ENSG00000279878.1,0.713475987864631,0.9440985964911512,AP003108.5
ENSG00000154917.11,0.5355917658323657,0.894023499135256,RAB6B
ENSG00000085831.15,0.3300578376261539,0.8052370663303848,TTC39A
ENSG00000287839.1,0.9360578101013647,0.9877707876523755,AL353807.5
ENSG00000225573.4,0.05339585827852826,0.5279196495925287,RPL35P5
ENSG00000023909.10,0.9500887065830445,0.9900147107195209,GCLM
ENSG00000204642.14,0.8988327563260469,0.9849234764572464,HLA-F
ENSG00000165309.14,0.5447337432626019,0.8994501775504316,ARMC3
ENSG00000239405.1,0.2652769117431699,0.7669445884328739,TMED10P2
ENSG00000144668.12,0.23960288398023677,0.7485579798110306,ITGA9
ENSG00000240869.3,0.13732314534349543,0.667794102766811,RN7SL128P
ENSG00000116741.8,0.15620340907270183,0.6806689919609344,RGS2
ENSG00000121152.10,0.1672575528750247,0.6901446234957983,NCAPH
ENSG00000170458.14,0.34684518805007725,0.8124209172271575,CD14
ENSG00000146070.17,0.5142845535112732,0.8853053511729732,PLA2G7
ENSG00000252516.1,0.09794642486105073,0.6242999360603636,RNA5SP82
ENSG00000002745.13,0.11048150150296944,0.6400259903625983,WNT16
ENSG00000171234.14,0.24575490072740608,0.7514207433642052,UGT2B7
ENSG00000145623.13,0.8561977662694211,0.9767825170272918,OSMR
ENSG00000135324.6,0.828379331232476,0.9703163257590058,MRAP2
ENSG00000112902.12,0.9026441441995579,0.9853595336211016,SEMA5A
ENSG00000158292.7,0.07285874114954365,0.5697943248310305,GPR153
ENSG00000170891.11,0.9687731262991478,0.9954060607128111,CYTL1
ENSG00000196196.3,0.08400349272005835,0.5948506638849367,HRCT1
ENSG00000224689.9,0.9958147946944911,0.9995597017000601,ZNF812P
ENSG00000116983.13,0.13920052850363215,0.6687186348147438,HPCAL4
ENSG00000163701.19,0.6727713159801231,0.9380611862158953,IL17RE
ENSG00000154229.12,0.8248406011223823,0.9690644707396778,PRKCA
ENSG00000275361.1,0.7768272412824395,0.9580902573098949,AC245517.5
ENSG00000182580.3,0.9511933008349648,0.9901922126434592,EPHB3
ENSG00000114446.5,0.735019920122907,0.946497911303388,IFT57
ENSG00000108830.10,0.963681109458681,0.9940562284321645,RND2
ENSG00000139209.16,0.12566412200913096,0.6595907133989555,SLC38A4
ENSG00000186193.9,0.11978451358666516,0.6573633100167535,SAPCD2
ENSG00000171840.12,0.9512331565666405,0.9901922126434592,NINJ2
ENSG00000277586.4,0.8606949183389713,0.9767825170272918,NEFL
ENSG00000143382.15,0.4712773167516653,0.8691544825147289,ADAMTSL4
ENSG00000242299.1,0.41362812257587034,0.849345677191902,AC073861.1
ENSG00000202441.2,0.1971775111086021,0.7165676690589909,RNY4P10
ENSG00000140548.10,0.17588066385327186,0.6927142473482991,ZNF710
ENSG00000236431.1,0.9791232165467144,0.9969839627241234,AC009237.8
ENSG00000232869.2,0.05785219123251063,0.5397820636960805,TRBV29-1
ENSG00000202314.1,0.3721866307432742,0.8290611797181917,SNORD6
ENSG00000090376.11,0.9376313953077811,0.9879664762068133,IRAK3
ENSG00000170190.16,0.7562637245974171,0.9527068102509267,SLC16A5
ENSG00000150782.12,0.7385949273862438,0.9476538322181975,IL18
ENSG00000162723.10,0.18513862051138558,0.7067683164022746,SLAMF9
ENSG00000252448.1,0.37750682156853144,0.8342826840875288,SNORA63
ENSG00000277893.2,0.5156241861831654,0.8853053511729732,SRD5A2
ENSG00000182667.14,0.6145340229018269,0.9208522890139409,NTM
ENSG00000281179.1,0.981554529480554,0.9970455072240391,AC135068.9
ENSG00000144802.11,0.6380289460560161,0.9258940903840456,NFKBIZ
ENSG00000158747.15,0.44114334989240644,0.858229591755151,NBL1
ENSG00000286540.1,0.9185105893492522,0.9874506284859019,AL096854.1
ENSG00000008394.13,0.13578492275965773,0.6672073909128985,MGST1
ENSG00000159708.18,0.5695184803323959,0.9041905959309144,LRRC36
ENSG00000135929.9,0.1361659940402699,0.6672073909128985,CYP27A1
ENSG00000169436.17,0.07189210179567436,0.5684862287806207,COL22A1
ENSG00000116701.15,0.8826469422280434,0.9815460864647579,NCF2
ENSG00000198121.13,0.6013166060363456,0.9144477008935308,LPAR1
ENSG00000099958.15,0.3577714361298373,0.8214722960194523,DERL3
ENSG00000206878.1,0.712174002227344,0.9440985964911512,AL713899.1
ENSG00000100197.22,0.8112064515183717,0.9659254902168176,CYP2D6
ENSG00000107281.10,0.11141719442521221,0.6400259903625983,NPDC1
ENSG00000136854.24,0.023133463574801352,0.45446155147114187,STXBP1
ENSG00000133433.11,0.7518049942184571,0.951355734940969,GSTT2B
ENSG00000056291.17,0.7895057131502591,0.9608714494139055,NPFFR2
ENSG00000138160.7,0.02442761032851695,0.45679053829448946,KIF11
ENSG00000196208.14,0.07434550750874276,0.5697943248310305,GREB1
ENSG00000265206.5,0.23388126348590138,0.7454563249114128,AC004687.1
ENSG00000202058.1,0.8350893062846777,0.9715926353890115,RN7SKP80
ENSG00000201217.1,0.5256756280396668,0.8906645281845703,Y_RNA
ENSG00000283023.1,0.4610433619846498,0.8648756117804991,FRG1GP
ENSG00000177181.15,0.1809348227222679,0.7015659057515388,RIMKLA
ENSG00000134871.19,0.4970832963605555,0.8770753678813281,COL4A2
ENSG00000136859.10,0.2820660161893649,0.7774014592536154,ANGPTL2
ENSG00000189369.9,0.8721527178559795,0.9783838026122388,GSPT2
ENSG00000137273.6,0.15471185859957984,0.6802505845039892,FOXF2
ENSG00000133665.13,0.00987432377803963,0.422343717894382,DYDC2
ENSG00000259439.2,0.13292095670049,0.6644572316236499,LINC01833
ENSG00000254367.5,0.03201776962375469,0.4760536799321421,AC087269.1
ENSG00000109072.14,0.46410049645577445,0.866995014270197,VTN
ENSG00000163221.9,0.1618417585647074,0.6841907286829972,S100A12
ENSG00000187210.14,0.24383355465718276,0.7504382186229313,GCNT1
ENSG00000109046.15,0.6445043336127758,0.9288737868649792,WSB1
ENSG00000204257.15,0.03010071969698305,0.4756355531207096,HLA-DMA
ENSG00000106511.6,0.38000216844566803,0.8363431141917735,MEOX2
ENSG00000140519.14,0.3280937873538138,0.8052370663303848,RHCG
ENSG00000112761.21,0.5297732355966995,0.8933076728991459,CCN6
ENSG00000112799.9,0.1115797523021521,0.6400259903625983,LY86
ENSG00000278030.1,0.011517944748041907,0.4228685279940024,TRBV7-9
ENSG00000276317.1,0.41696225993367797,0.8508898477243562,AL357033.3
ENSG00000272468.1,0.3952760101871664,0.8418423607478821,AL021807.1
ENSG00000217442.4,0.19421861256022,0.7138797515573142,SYCE3
ENSG00000116717.13,0.32211499886266864,0.8027503594844704,GADD45A
ENSG00000188157.15,0.0098961760585024,0.422343717894382,AGRN
ENSG00000138821.13,0.8692811493588872,0.9783838026122388,SLC39A8
ENSG00000011600.12,0.7480078074740173,0.9501753263400476,TYROBP
ENSG00000226243.1,0.3199384778281261,0.8011233444011248,RPL37AP1
ENSG00000213326.4,0.996914842005108,0.9995597017000601,RPS7P11
ENSG00000233338.1,0.6770333839691896,0.9385116734699985,TLR8-AS1
ENSG00000280285.1,0.2888061307232276,0.7820239526025639,AC108215.1
ENSG00000135063.19,0.31532232736066423,0.798715180800932,FAM189A2
ENSG00000154165.5,0.05352611365021592,0.5279196495925287,GPR15
ENSG00000188818.12,0.5850644997670151,0.9076064088245793,ZDHHC11
ENSG00000162069.16,0.7816304953731013,0.9593445076352142,BICDL2
ENSG00000178726.7,0.7068945644836833,0.9436811839781982,THBD
ENSG00000164442.10,0.2441575585015275,0.7504382186229313,CITED2
ENSG00000267073.1,0.06354786453631034,0.5541251395773064,AC005256.1
ENSG00000112981.5,0.8679813866385676,0.9781922124326025,NME5
ENSG00000235169.11,0.16930704285416265,0.6919855240272451,SMIM1
ENSG00000268416.1,0.16558655547846438,0.6883071541372872,AC010329.1
ENSG00000102934.10,0.784477076508736,0.9603993609835769,PLLP
ENSG00000169962.5,0.30197758481534587,0.7888016439675527,TAS1R3
ENSG00000012124.17,0.1352597945517035,0.6669675570528997,CD22
ENSG00000124490.14,0.42217837733395325,0.8524339340603335,CRISP2
ENSG00000117632.23,0.6680525693059509,0.9354155514271939,STMN1
ENSG00000100385.14,0.41196013467850356,0.8492898390659616,IL2RB
ENSG00000197599.12,0.0928028446284147,0.6098135540740963,CCDC154
ENSG00000249119.1,0.8095959321649565,0.9656411601867748,MTND6P4
ENSG00000137078.9,0.12972962287985718,0.6620855760341555,SIT1
ENSG00000164181.14,0.2208404367159657,0.7345561572014913,ELOVL7
ENSG00000212452.1,0.995512942660926,0.9995597017000601,SNORD69
ENSG00000231013.2,0.7790809893257753,0.9587010929631118,SCTR-AS1
ENSG00000181631.7,0.01220764372152484,0.42500769577816633,P2RY13
ENSG00000123201.14,0.97977628731088,0.9969839627241234,GUCY1B2
ENSG00000105205.7,0.14689066443765375,0.6702993118382483,CLC
ENSG00000064042.18,0.012602600710851581,0.42500769577816633,LIMCH1
ENSG00000227076.1,0.3025567873321814,0.7888016439675527,AL158166.1
ENSG00000104213.13,0.9715004717839523,0.9954557710227082,PDGFRL
ENSG00000287051.1,0.10645979658876113,0.6324171007519722,AC121757.2
ENSG00000205517.13,0.780907214878914,0.9591284440008568,RGL3
ENSG00000145945.7,0.6894996863429707,0.9398816825207783,FAM50B
ENSG00000197646.8,0.6338023867567644,0.924230011223463,PDCD1LG2
ENSG00000272379.1,0.6629949780551939,0.9333138060894436,AL008729.2
ENSG00000203727.4,0.6330487880032849,0.9240479632969153,SAMD5
ENSG00000244313.3,0.8516055176772811,0.9747476639069517,AC024293.1
ENSG00000223060.1,0.5974513827083952,0.9126767935927782,Y_RNA
ENSG00000167748.11,0.5351989493314522,0.8938816911342454,KLK1
ENSG00000170899.11,0.8321176453440102,0.9709332612582274,GSTA4
ENSG00000136327.7,0.5883335143642812,0.9076064088245793,NKX2-8
ENSG00000105810.10,0.27029431611790583,0.7699844721063297,CDK6
ENSG00000136160.17,0.7127885185090883,0.9440985964911512,EDNRB
ENSG00000164078.13,0.6530923653793533,0.9309411815746655,MST1R
ENSG00000172322.14,0.03210911386975253,0.4763174572319437,CLEC12A
ENSG00000183914.14,0.4153307477705843,0.8508898477243562,DNAH2
ENSG00000112715.25,0.3712937010028192,0.8287715369958227,VEGFA
ENSG00000162409.11,0.8707985099473446,0.9783838026122388,PRKAA2
ENSG00000184160.8,0.532164422925371,0.8938816911342454,ADRA2C
ENSG00000111537.5,0.06332822158011175,0.5541251395773064,IFNG
ENSG00000115616.3,0.4707586506688518,0.8686029686938693,SLC9A2
ENSG00000160781.17,0.9665301831692141,0.995099148131809,PAQR6
ENSG00000272626.1,0.322544363846059,0.8033142059264253,AC021146.12
ENSG00000160284.15,0.6154802715552149,0.9208522890139409,SPATC1L
ENSG00000110944.9,0.010546719229533532,0.422343717894382,IL23A
ENSG00000204248.11,0.559604495088859,0.9035268196516303,COL11A2
ENSG00000142149.9,0.7222548600438994,0.9442459796555969,HUNK
ENSG00000150281.7,0.06046332576765075,0.549004111831765,CTF1
ENSG00000090006.18,0.8006105881845484,0.9621826947756262,LTBP4
ENSG00000254428.1,0.32139153047230895,0.8026770804376723,AP003392.1
ENSG00000223573.7,0.9934716323416203,0.9995597017000601,TINCR
ENSG00000159958.7,0.007489434667653854,0.417071814080062,TNFRSF13C
ENSG00000202000.1,0.9184781605421548,0.9874506284859019,RNU1-36P
ENSG00000116132.12,0.3672779119001176,0.8247440261735882,PRRX1
ENSG00000236663.1,0.79071156171723,0.9608714494139055,FRGCA
ENSG00000149212.12,0.1734759247346452,0.6927142473482991,SESN3
ENSG00000167615.17,0.7144182293203911,0.9440985964911512,LENG8
ENSG00000183813.7,0.0896331759932253,0.6034029124309891,CCR4
ENSG00000138834.14,0.9731354508371431,0.9954557710227082,MAPK8IP3
ENSG00000180801.14,0.7403834286828196,0.9485638031877394,ARSJ
ENSG00000163762.7,0.7509386266350735,0.9512658177815286,TM4SF18
ENSG00000135127.11,0.5871485697128318,0.9076064088245793,BICDL1
ENSG00000164125.16,0.15931923833451403,0.6838929581569986,GASK1B
ENSG00000228509.6,0.6431139695407877,0.9288737868649792,AC006460.1
ENSG00000105011.9,0.08916151096602602,0.6027299826798252,ASF1B
ENSG00000169435.14,0.30067738500224056,0.7878478351615926,RASSF6
ENSG00000112379.9,0.6578024142127232,0.9325338476798936,ARFGEF3
ENSG00000231107.2,0.6739400908558928,0.9382208983470575,LINC01508
ENSG00000273716.2,0.46560876707553,0.8671922174634901,AC092670.1
ENSG00000065621.15,0.5899656660304202,0.9089654106545819,GSTO2
ENSG00000115085.14,0.06175381124320758,0.5507019694856505,ZAP70
ENSG00000024422.12,0.023367444158093633,0.45446155147114187,EHD2
ENSG00000151623.15,0.26196095847706,0.7643131248871688,NR3C2
ENSG00000110400.11,0.3465024240133876,0.8120990145024878,NECTIN1
ENSG00000243710.8,0.2004652776165052,0.7181402209351381,CFAP57
ENSG00000198223.17,0.41344426298548,0.849345677191902,CSF2RA
ENSG00000111879.20,0.9970209668304434,0.9995597017000601,FAM184A
ENSG00000168386.18,0.42399458102351206,0.8533834951389262,FILIP1L
ENSG00000252206.1,0.7840517311725319,0.960335892470537,RNU7-40P
ENSG00000149554.13,0.10991788346420044,0.6397722282574139,CHEK1
ENSG00000141750.7,0.42706138868568955,0.8546819438080139,STAC2
ENSG00000224137.1,0.008729247708698417,0.422343717894382,LINC01857
ENSG00000132749.11,0.17874424038153153,0.6973520373707617,TESMIN
ENSG00000258469.1,0.6512409120425366,0.9303376608044333,CHMP4BP1
ENSG00000228477.1,0.4159159878490847,0.8508898477243562,AL663070.1
ENSG00000067191.16,0.29319931590103565,0.7841917201970101,CACNB1
ENSG00000077943.8,0.6675155065165894,0.9354155514271939,ITGA8
ENSG00000234782.3,0.683923761345582,0.9390447601421359,TPT1P9
ENSG00000230979.3,0.9059111472411829,0.9864753819765635,AC079250.1
ENSG00000109794.13,0.2534083671217918,0.7566075051649237,FAM149A
ENSG00000188089.13,0.9718289332502356,0.9954557710227082,PLA2G4E
ENSG00000164509.15,0.563849237285019,0.9035268196516303,IL31RA
ENSG00000145703.16,0.23762961916717712,0.7485579798110306,IQGAP2
ENSG00000111962.8,0.13213719734146073,0.6644572316236499,UST
ENSG00000081181.8,0.2789283926431867,0.7757873601275705,ARG2
ENSG00000203668.3,0.7326806724972026,0.9460502970050395,CHML
ENSG00000145908.12,0.8886826520416133,0.9849234764572464,ZNF300
ENSG00000176595.4,0.6144220501154829,0.9208522890139409,KBTBD11
ENSG00000164855.16,0.2616129736759686,0.7642403242927517,TMEM184A
ENSG00000134668.12,0.16029578881899803,0.6838929581569986,SPOCD1
ENSG00000184613.11,0.20917437287657567,0.7244173771688763,NELL2
ENSG00000138944.8,0.06091842375653632,0.5493930815422854,SHISAL1
ENSG00000226286.1,0.15938082898118497,0.6838929581569986,AL008733.1
ENSG00000183762.13,0.1291727156619608,0.6620855760341555,KREMEN1
ENSG00000186212.4,0.7905837429418718,0.9608714494139055,SOWAHB
ENSG00000110448.11,0.01386691469559987,0.42589451464824546,CD5
ENSG00000197119.13,0.49227551454419205,0.8752302360181072,SLC25A29
ENSG00000188290.11,0.12344216385899914,0.6575903912309904,HES4
ENSG00000166823.5,0.25591202465162055,0.7580393664636834,MESP1
ENSG00000146233.8,0.8942465513237474,0.9849234764572464,CYP39A1
ENSG00000261192.1,0.8233191001512157,0.9683758068252137,RNF126P1
ENSG00000139926.16,0.3215431894992064,0.8026770804376723,FRMD6
ENSG00000274561.1,0.18254739072704274,0.7040223601418372,AC005332.3
ENSG00000162745.10,0.8758633258005899,0.9789570308156941,OLFML2B
ENSG00000266189.1,0.906090853268942,0.9865352579982563,MIR3186
ENSG00000232810.4,0.5628289029480246,0.9035268196516303,TNF
ENSG00000199038.1,0.18857846874378575,0.7099952036690758,MIR210
ENSG00000255769.7,0.11174177223310404,0.6400270951222686,GOLGA2P10
ENSG00000167701.14,0.2683646723126041,0.7691175934756154,GPT
ENSG00000237398.1,0.051113939088513624,0.5227904684114808,HLA-DPA3
ENSG00000149218.5,0.719298525603362,0.9441033806141912,ENDOD1
ENSG00000129951.19,0.6234909632843875,0.9218343027251411,PLPPR3
ENSG00000185585.20,0.466305076857511,0.8678760371630381,OLFML2A
ENSG00000143179.16,0.04812178169914133,0.5163818598736397,UCK2
ENSG00000158714.11,0.32930612886077526,0.8052370663303848,SLAMF8
ENSG00000165124.18,0.03509855993793049,0.48965141101612325,SVEP1
ENSG00000015413.9,0.6596982266423606,0.9331066559292748,DPEP1
ENSG00000243679.1,0.4552045227583793,0.8607859849435286,AC018638.5
ENSG00000187498.16,0.30978053620385687,0.7955355439635531,COL4A1
ENSG00000103260.9,0.02736065277658808,0.4654252977694876,METRN
ENSG00000169607.13,0.0801638077661054,0.578554488530925,CKAP2L
ENSG00000145536.15,0.40670645458430565,0.846432217161211,ADAMTS16
ENSG00000149531.15,0.5808957436659659,0.9070781322354399,FRG1BP
ENSG00000166927.13,0.300904648562092,0.7878478351615926,MS4A7
ENSG00000173210.20,0.7011367349036719,0.943251437638336,ABLIM3
ENSG00000126950.8,0.10003742943777247,0.6244867620898755,TMEM35A
ENSG00000263325.1,0.8891979711135405,0.9849234764572464,AC003965.2
ENSG00000105426.17,0.5652372544656987,0.903602805744478,PTPRS
ENSG00000125257.16,0.28461457715236493,0.778045611914473,ABCC4
ENSG00000185306.13,0.4216919115712021,0.8523476429387656,C12orf56
ENSG00000175600.16,0.2051731581290648,0.7222714121811048,SUGCT
ENSG00000165480.16,0.006947479799676054,0.41704627460330884,SKA3
ENSG00000122862.5,0.6131253389206595,0.9208522890139409,SRGN
ENSG00000121690.11,0.4566752365905691,0.8615075414813741,DEPDC7
ENSG00000114346.14,0.027171576150571978,0.4654252977694876,ECT2
ENSG00000188095.6,0.9157764984088659,0.9874506284859019,MESP2
ENSG00000128815.19,0.0010147499880403745,0.3251137189732896,WDFY4
ENSG00000008517.18,0.024116172670482317,0.4552718993401315,IL32
ENSG00000109654.16,0.6905932160317021,0.9398816825207783,TRIM2
ENSG00000116962.15,0.8872142767253819,0.9841665511510693,NID1
ENSG00000008323.15,0.023900885639948802,0.45446155147114187,PLEKHG6
ENSG00000278266.1,0.6963647743653139,0.9424247357938722,AC079949.2
ENSG00000164047.6,0.7038297200644021,0.9433377204586122,CAMP
ENSG00000273305.1,0.3922090972594132,0.8409678168383927,AC009237.15
ENSG00000233493.4,0.9181111961731034,0.9874506284859019,TMEM238
ENSG00000163823.4,0.8588561744165107,0.9767825170272918,CCR1
ENSG00000087116.16,0.1624112924346719,0.6851092054650051,ADAMTS2
ENSG00000124701.5,0.898969229498281,0.9849234764572464,APOBEC2
ENSG00000105767.3,0.6001841854333654,0.9144477008935308,CADM4
ENSG00000198959.12,0.48123922383616446,0.8719141432457757,TGM2
ENSG00000100228.12,0.5372644354452867,0.895490331394605,RAB36
ENSG00000087303.18,0.33381276421239314,0.8054859623092716,NID2
ENSG00000131773.14,0.7168414953346807,0.9441033806141912,KHDRBS3
ENSG00000240342.3,0.07453002068360931,0.5697943248310305,RPS2P5
ENSG00000265452.1,0.9350972969510825,0.9877707876523755,MIR3682
ENSG00000014914.21,0.9582100455131007,0.9915960002124418,MTMR11
ENSG00000138722.10,0.06308887245526971,0.5538656838192935,MMRN1
ENSG00000007312.13,0.0766335776184425,0.571677324061824,CD79B
ENSG00000066336.12,0.4367301275358405,0.8582249401666611,SPI1
ENSG00000197587.11,0.3584186363950994,0.8217656272131119,DMBX1
ENSG00000206585.1,0.5454491744943912,0.8994501775504316,RNVU1-7
ENSG00000256338.2,0.9853851135978446,0.9979803538523901,RPL41P2
ENSG00000143297.19,0.44645288195590815,0.8598988221012636,FCRL5
ENSG00000131941.8,0.025958570821577553,0.4654252977694876,RHPN2
ENSG00000187889.13,0.5191003738025154,0.8875779831527727,FYB2
ENSG00000078114.19,0.8099664235231768,0.9656559196447799,NEBL
ENSG00000229152.2,0.924962321184952,0.9876697076255315,ANKRD10-IT1
ENSG00000182636.8,0.8867990346365735,0.9840881543175221,NDN
ENSG00000088881.21,0.8516354859339637,0.9747476639069517,EBF4
ENSG00000174028.6,0.6664651487279365,0.9354155514271939,FAM3C2P
ENSG00000108823.16,0.3154673067263189,0.798715180800932,SGCA
ENSG00000115107.20,0.15845693712520434,0.6831755438886501,STEAP3
ENSG00000204482.11,0.150988640964449,0.674538134352904,LST1
ENSG00000254415.3,0.3504506402421068,0.8131787406907613,SIGLEC14
ENSG00000077782.21,0.6111064299370423,0.9203730677437737,FGFR1
ENSG00000203805.11,0.013178329007252921,0.42500769577816633,PLPP4
ENSG00000165140.11,0.12828396636859082,0.6620855760341555,FBP1
ENSG00000153283.13,0.057222786621669096,0.539030926083568,CD96
ENSG00000198719.9,0.48120844544860897,0.8719141432457757,DLL1
ENSG00000104419.17,0.13902956191110008,0.6687186348147438,NDRG1
ENSG00000119922.10,0.8079118929059755,0.9651433907711591,IFIT2
ENSG00000175538.11,0.24120048326870436,0.7485579798110306,KCNE3
ENSG00000114115.10,0.7375706567160826,0.9471628153863872,RBP1
ENSG00000049246.14,0.20632102950125417,0.7237261956897415,PER3
ENSG00000271605.6,0.35394189942341125,0.817663675361911,MILR1
ENSG00000198563.14,0.7699031391434629,0.9563717850694351,DDX39B
ENSG00000221869.5,0.8924275791656049,0.9849234764572464,CEBPD
ENSG00000123975.5,0.5455034256670346,0.8994501775504316,CKS2
ENSG00000138119.17,0.8055854635136708,0.9638028302315457,MYOF
ENSG00000007933.13,0.9807098841321684,0.9970455072240391,FMO3
ENSG00000183682.8,0.22895789364458108,0.7428458350180508,BMP8A
ENSG00000142449.13,0.16688564681015094,0.6901446234957983,FBN3
ENSG00000123243.15,0.7111087743238196,0.9437001604195177,ITIH5
ENSG00000256948.1,0.5696273238484733,0.9041905959309144,AC026369.3
ENSG00000158869.11,0.8635448977966942,0.9767825170272918,FCER1G
ENSG00000162511.8,0.2157708980418863,0.7288985188261606,LAPTM5
ENSG00000271550.1,0.6863255657147742,0.9392997169882443,BNIP3P11
ENSG00000254326.1,0.8582322679710039,0.9767825170272918,IGHV7-27
ENSG00000177133.11,0.05221680920198733,0.5253539650933472,PRDM16-DT
ENSG00000165810.17,0.5548187105931419,0.9035268196516303,BTNL9
ENSG00000107242.20,0.48834236007497156,0.8731283658115034,PIP5K1B
ENSG00000213988.11,0.026212448193390497,0.4654252977694876,ZNF90
ENSG00000111665.12,0.005049232031854605,0.39684372437209603,CDCA3
ENSG00000118596.12,0.22530608574493063,0.7390619220612423,SLC16A7
ENSG00000147443.13,0.24420075533949748,0.7504382186229313,DOK2
ENSG00000266852.2,0.3481551831442483,0.8131787406907613,MIR4482
ENSG00000271032.1,0.17556042426989782,0.6927142473482991,AC020907.4
ENSG00000172361.6,0.8322570538175076,0.9709332612582274,CFAP53
ENSG00000134508.12,0.22355439674212313,0.7361845454746853,CABLES1
ENSG00000050555.19,0.1628247525688103,0.6858060664639454,LAMC3
ENSG00000101017.14,0.04673146062722635,0.5119748664284771,CD40
ENSG00000102524.11,0.8214247474646377,0.9683758068252137,TNFSF13B
ENSG00000287080.2,0.44591227940251166,0.8598988221012636,H3C3
ENSG00000139540.12,0.5633723009999485,0.9035268196516303,SLC39A5
ENSG00000142632.17,0.8530667015880021,0.9755323998208901,ARHGEF19
ENSG00000200090.1,0.306056298347256,0.7917852465682568,Y_RNA
ENSG00000128039.12,0.16980047463207376,0.6922507070377535,SRD5A3
ENSG00000282995.1,0.5682891540892387,0.9041905959309144,FRG1EP
ENSG00000211661.2,0.3377535759741747,0.8065126189054084,IGLV3-22
ENSG00000155629.15,0.26158069427886904,0.7642403242927517,PIK3AP1
ENSG00000240970.1,0.052741731107547395,0.5267513801271463,RPL23AP64
ENSG00000166347.19,0.16436335858786563,0.6876654434879745,CYB5A
ENSG00000162849.16,0.7176757600784627,0.9441033806141912,KIF26B
ENSG00000182866.17,0.33378118516566513,0.8054859623092716,LCK
ENSG00000157514.16,0.3838436462687772,0.838267046379356,TSC22D3
ENSG00000127564.17,0.028404908895736068,0.46736965671443764,PKMYT1
ENSG00000168394.11,0.9213798787802987,0.9875494364704827,TAP1
ENSG00000134531.10,0.5936594205601082,0.9101015632014577,EMP1
ENSG00000136193.17,0.6377958342031205,0.9258940903840456,SCRN1
ENSG00000181409.14,0.6155198519638928,0.9208522890139409,AATK
ENSG00000269994.3,0.683737853617731,0.9390447601421359,AL513318.1
ENSG00000183486.13,0.5216939655742185,0.8882047498261018,MX2
ENSG00000261704.2,0.11466856546529582,0.650767218447436,IGHV1OR16-1
ENSG00000267640.6,0.5110631609239221,0.8836086563733823,AC016582.3
ENSG00000198353.8,0.11362630187715284,0.6480058023419458,HOXC4
ENSG00000006042.12,0.1508792816107914,0.674538134352904,TMEM98
ENSG00000124391.5,0.405855759829138,0.8462583743948848,IL17C
ENSG00000102032.13,0.5520979202072565,0.9028106760495546,RENBP
ENSG00000137558.9,0.019510963923185208,0.4534808673388542,PI15
ENSG00000250237.1,0.9792244168847021,0.9969839627241234,AC010273.3
ENSG00000170500.13,0.4472286387272759,0.8598988221012636,LONRF2
ENSG00000102048.16,0.3426647660415299,0.8090139116990226,ASB9
ENSG00000172716.16,0.6386816930245266,0.9265331507486183,SLFN11
ENSG00000221500.1,0.2415614962465621,0.7485579798110306,SNORD100
ENSG00000079308.19,0.3665637489257759,0.8244296997449211,TNS1
ENSG00000184500.16,0.5258926007802793,0.8907517071032139,PROS1
ENSG00000237438.7,0.7522551531399378,0.9515973550834652,CECR7
ENSG00000181652.19,0.9470195683892345,0.9892711336977343,ATG9B
ENSG00000128165.9,0.2554740887008693,0.7577107829019883,ADM2
ENSG00000243352.3,0.6197060215710706,0.9208522890139409,RN7SL8P
ENSG00000117152.14,0.8923127997477002,0.9849234764572464,RGS4
ENSG00000166523.8,0.8425710815727808,0.9729543438307586,CLEC4E
ENSG00000165078.13,0.8624490504644464,0.9767825170272918,CPA6
ENSG00000122877.16,0.23543741193747633,0.7464961368986278,EGR2
ENSG00000142657.21,0.26360150849849745,0.7654507827544474,PGD
ENSG00000185275.6,0.33464552219891736,0.8054859623092716,CD24P4
ENSG00000254343.2,0.4699076454302322,0.8686029686938693,AC091563.1
ENSG00000140749.9,0.05724406255916666,0.539030926083568,IGSF6
ENSG00000179583.19,0.07505713871802579,0.5697943248310305,CIITA
ENSG00000226415.1,0.13756034528242053,0.667794102766811,TPI1P1
ENSG00000185760.17,0.17431003431246345,0.6927142473482991,KCNQ5
ENSG00000254176.1,0.20706117796765125,0.7244173771688763,IGHV3-75
ENSG00000197859.11,0.3491103119673139,0.8131787406907613,ADAMTSL2
ENSG00000215548.2,0.699153849926651,0.9431477051501473,FRG1JP
ENSG00000196562.14,0.4899462172107555,0.8737714206490308,SULF2
ENSG00000174326.14,0.14071263641623752,0.6695943601910094,SLC16A11
ENSG00000279483.2,0.40926550219674496,0.8487025625193162,AC090498.1
ENSG00000259153.2,0.023410907314838667,0.45446155147114187,AC004816.1
ENSG00000128849.11,0.21528508619431655,0.7288985188261606,CGNL1
ENSG00000163399.16,0.270041968279258,0.7699844721063297,ATP1A1
ENSG00000114812.13,0.6669935296180236,0.9354155514271939,VIPR1
ENSG00000135077.9,0.9949828890248228,0.9995597017000601,HAVCR2
ENSG00000124249.7,0.6249168127844357,0.9227351109062696,KCNK15
ENSG00000054277.14,0.8974333157258536,0.9849234764572464,OPN3
ENSG00000261373.1,0.059216505225474406,0.5471992480531572,VPS9D1-AS1
ENSG00000016082.15,0.7364990483117961,0.9471628153863872,ISL1
ENSG00000100302.7,0.25943527065457483,0.7623693409077085,RASD2
ENSG00000256802.2,0.03140773872267952,0.4756355531207096,AC022613.1
ENSG00000114737.16,0.05448072826836312,0.5320568650823213,CISH
ENSG00000146411.6,0.8172225776892604,0.9678725546419633,SLC2A12
ENSG00000226999.1,0.6579469538811938,0.9325338476798936,AC073325.2
ENSG00000120457.12,0.019308334967216536,0.4534808673388542,KCNJ5
ENSG00000198682.13,0.5126253982227538,0.8843766412087203,PAPSS2
ENSG00000149534.9,0.04731798365973866,0.5134228405329668,MS4A2
ENSG00000141639.12,0.258543645362728,0.7619523974736134,MAPK4
ENSG00000167244.21,0.25102458399339644,0.7544089891290904,IGF2
ENSG00000184106.8,0.6260987461746497,0.9233456880220914,TREML3P
ENSG00000143776.18,0.29031907625594794,0.7833264125899273,CDC42BPA
ENSG00000085840.13,0.3616830032555355,0.8235807736994303,ORC1
ENSG00000250321.1,0.2540880934495768,0.7572932772190727,AC079140.2
ENSG00000186191.8,0.813866415284206,0.9672875180353241,BPIFB4
ENSG00000143341.12,0.15487978723906076,0.6806106205894282,HMCN1
ENSG00000118257.17,0.8510331356312384,0.9747476639069517,NRP2
ENSG00000202079.1,0.26938486946166607,0.7699844721063297,Y_RNA
ENSG00000143878.10,0.5283091904126216,0.8918458699916624,RHOB
ENSG00000174600.14,0.15744295765752395,0.6806689919609344,CMKLR1
ENSG00000105655.19,0.36370855559994064,0.8235807736994303,ISYNA1
ENSG00000197124.12,0.8257262367617482,0.9690644707396778,ZNF682
ENSG00000170961.7,0.5862576729953262,0.9076064088245793,HAS2
ENSG00000226137.5,0.810708835866546,0.9657626497863985,BAIAP2-DT
ENSG00000121089.4,0.7617877476246526,0.9546135016627755,NACA3P
ENSG00000255692.1,0.05055928334728591,0.520911232328412,AC002563.1
ENSG00000200769.1,0.19412484736010774,0.7138668259500011,Y_RNA
ENSG00000137198.10,0.6001274352806643,0.9144477008935308,GMPR
ENSG00000197471.12,0.15254387548917173,0.6767369910932969,SPN
ENSG00000196787.3,0.999992258902376,0.999992258902376,H2AC11
ENSG00000161714.12,0.06449191839727621,0.5556983382597547,PLCD3
ENSG00000104537.17,0.0907392104579412,0.6072310953657486,ANXA13
ENSG00000070190.13,0.5524142598361448,0.9028106760495546,DAPP1
ENSG00000180745.5,0.4525270822625429,0.8600080546187959,CLRN3
ENSG00000197744.5,0.897933413982331,0.9849234764572464,PTMAP2
ENSG00000237978.6,0.5737276839639286,0.9060580106138864,KCNMB2-AS1
ENSG00000026508.20,0.6581967726418263,0.9325338476798936,CD44
ENSG00000050165.18,0.11591673839636009,0.6527875549963761,DKK3
ENSG00000260325.2,0.20618640172203714,0.7237261956897415,HSPB9
ENSG00000108106.14,0.020791874990312396,0.4534808673388542,UBE2S
ENSG00000175264.8,0.2904740010170298,0.7833492921439907,CHST1
ENSG00000049323.16,0.5533139917448291,0.903173015394516,LTBP1
ENSG00000151617.17,0.3163373212087561,0.798715180800932,EDNRA
ENSG00000269976.1,0.5411290256787417,0.89685358745487,AC012065.2
ENSG00000236609.4,0.6615509998418736,0.9331066559292748,ZNF853
ENSG00000283098.2,0.5673117428262457,0.9041905959309144,AL132857.1
ENSG00000257084.1,0.4091944547753783,0.8487025625193162,MIR200CHG
ENSG00000160791.13,0.17109693259681447,0.6927142473482991,CCR5
ENSG00000225285.1,0.7468061990395107,0.9499217968867156,LINC01770
ENSG00000233101.10,0.07613212076747147,0.571677324061824,HOXB-AS3
ENSG00000186684.14,0.24305523820988256,0.7497342259110835,CYP27C1
ENSG00000227063.5,0.6560318742202034,0.9325338476798936,RPL41P1
ENSG00000141744.4,0.3190252752618076,0.8001564140163943,PNMT
ENSG00000006606.9,0.16095211872390353,0.6838929581569986,CCL26
ENSG00000267480.1,0.36975997359425095,0.8271497146862344,AP001542.3
ENSG00000198417.7,0.5242787869977803,0.8895261669503244,MT1F
ENSG00000197461.13,0.6995707524414145,0.9431477051501473,PDGFA
ENSG00000107954.10,0.5906116846791594,0.9094970414410876,NEURL1
ENSG00000279382.1,0.6034599846828923,0.9156663109230152,AC018665.1
ENSG00000230916.2,0.40138591050339034,0.8444215855014771,MTCO1P53
ENSG00000212327.1,0.44977773410324384,0.8599279006790084,RNU6-882P
ENSG00000267466.1,0.46108476041445823,0.8648756117804991,AC021683.1
ENSG00000151725.12,0.02001585188090085,0.4534808673388542,CENPU
ENSG00000213420.8,0.6801912405328925,0.9385116734699985,GPC2
ENSG00000162373.13,0.0712949077934638,0.5677538447264091,BEND5
ENSG00000234147.1,0.48668813337980665,0.8726616319647593,AL035446.1
ENSG00000071242.12,0.8587442334058722,0.9767825170272918,RPS6KA2
ENSG00000065361.16,0.7967973002935717,0.961891359147811,ERBB3
ENSG00000090924.15,0.8639123095481768,0.976918708867202,PLEKHG2
ENSG00000066294.15,0.031384189176560204,0.4756355531207096,CD84
ENSG00000261534.1,0.6704447322579471,0.9371791067011022,AL596244.1
ENSG00000117091.10,0.011786757168223982,0.42500769577816633,CD48
ENSG00000285417.1,0.12453987547420264,0.6582002079982514,BX571818.1
ENSG00000173705.9,0.7444013634206397,0.9497408601738444,SUSD5
ENSG00000276085.1,0.16084232725908354,0.6838929581569986,CCL3L3
ENSG00000183644.13,0.3445004928557981,0.8110436818481109,HOATZ
ENSG00000196739.15,0.9623679350822184,0.9935932225864706,COL27A1
ENSG00000204389.10,0.08777913798086437,0.6015457757754022,HSPA1A
ENSG00000140968.11,0.0029464840649571842,0.3474367838520778,IRF8
ENSG00000169258.7,0.012288555990119989,0.42500769577816633,GPRIN1
ENSG00000105352.10,0.5431585645659085,0.8988251560076017,CEACAM4
ENSG00000011028.14,0.7290694770733398,0.9449985659619017,MRC2
ENSG00000082074.19,0.08462876286960368,0.5949982089294241,FYB1
ENSG00000207003.1,0.2933568920378332,0.7841917201970101,RNU6-611P
ENSG00000254109.6,0.3962753706557237,0.8418423607478821,RBPMS-AS1
ENSG00000165996.14,0.1617710312057682,0.6841907286829972,HACD1
ENSG00000287024.1,0.28296410804146516,0.7778985111598209,AL022162.1
ENSG00000050344.9,0.14228420258951768,0.6696621171687488,NFE2L3
ENSG00000272849.1,0.14915426444162327,0.674538134352904,AC084018.1
ENSG00000170962.13,0.3945558534156016,0.8414496631214367,PDGFD
ENSG00000227368.1,0.496273031990874,0.8768203004666563,CDK8P2
ENSG00000023171.18,0.59022663529388,0.9091903963339028,GRAMD1B
ENSG00000229119.3,0.12951681944837404,0.6620855760341555,AC026403.1
ENSG00000189433.7,0.16724486406665268,0.6901446234957983,GJB4
ENSG00000185090.14,0.14590808240320982,0.6702993118382483,MANEAL
ENSG00000169439.12,0.15411106088272764,0.6787988386535309,SDC2
ENSG00000115361.8,0.8627884006494358,0.9767825170272918,ACADL
ENSG00000197822.11,0.3255187345461203,0.8049607615570882,OCLN
ENSG00000276712.1,0.42533294267036137,0.8539009644360753,MIR7111
ENSG00000163507.14,0.1783735534005621,0.6964518223796331,CIP2A
ENSG00000197405.8,0.9565463142663301,0.9914288671218165,C5AR1
ENSG00000218426.5,0.08506919813484055,0.5954825140804678,AL590867.2
ENSG00000162975.5,0.0013808202688758663,0.3251137189732896,KCNF1
ENSG00000277363.5,0.7435910249766766,0.9497408601738444,SRCIN1
ENSG00000151468.11,0.08946383287209532,0.6027759097259574,CCDC3
ENSG00000222881.1,0.2515928014177743,0.7549692940874789,Y_RNA
ENSG00000136688.11,0.6051820333230409,0.9172235837488509,IL36G
ENSG00000116157.6,0.23811626179291945,0.7485579798110306,GPX7
ENSG00000149591.17,0.747238640728256,0.9499217968867156,TAGLN
ENSG00000266315.1,0.9936639090970203,0.9995597017000601,MIR4668
ENSG00000265972.6,0.5532124489127093,0.903173015394516,TXNIP
ENSG00000150687.12,0.6284998438838094,0.923570100785026,PRSS23
ENSG00000102409.10,1.4326654188209732e-05,0.10556255151291748,BEX4
ENSG00000157890.17,0.6674719044095647,0.9354155514271939,MEGF11
ENSG00000154096.14,0.24791642385838786,0.7525991292655084,THY1
ENSG00000185905.4,0.0331005135994817,0.4830720711658676,C16orf54
ENSG00000169064.13,0.9685473885245444,0.9954060607128111,ZBBX
ENSG00000158315.11,0.17084281002884377,0.6927142473482991,RHBDL2
ENSG00000124104.19,0.571690485473976,0.9047762585232394,SNX21
ENSG00000248545.3,0.029241725750320722,0.4713957596537879,AC105290.1
ENSG00000203995.10,0.7775116258675671,0.9584099985370821,ZYG11A
ENSG00000259485.2,0.04998413866619613,0.520898242274711,LINC02253
ENSG00000110852.4,0.5534455461044101,0.903173015394516,CLEC2B
ENSG00000179954.16,0.20466623889193725,0.7222714121811048,SSC5D
ENSG00000196169.15,0.36249676192248104,0.8235807736994303,KIF19
ENSG00000112773.16,0.21059582082860145,0.7258577676184021,TENT5A
ENSG00000137691.13,0.31167694699659304,0.7955355439635531,CFAP300
ENSG00000277681.1,0.19256974964746762,0.7127638121862945,MIR6739
ENSG00000229647.2,0.268485334252503,0.7691847134868883,MYOSLID
ENSG00000162739.14,0.2024601431556195,0.7203845938902042,SLAMF6
ENSG00000153291.16,0.5152341499631254,0.8853053511729732,SLC25A27
ENSG00000255874.2,0.12200278320647973,0.6574794830232176,PRECSIT
ENSG00000236552.2,0.41175844363837044,0.8492898390659616,RPL13AP5
ENSG00000161638.11,0.5155247854597055,0.8853053511729732,ITGA5
ENSG00000133800.9,0.07335969258993073,0.5697943248310305,LYVE1
ENSG00000187678.10,0.978075825908925,0.9969839627241234,SPRY4
ENSG00000168143.9,0.42958108218306157,0.8550544439023697,FAM83B
ENSG00000140403.12,0.3551003869233844,0.8184277565745836,DNAJA4
ENSG00000231738.11,0.11843794902480935,0.6560533450884047,TSPAN19
ENSG00000170367.5,0.5402114821195334,0.8964298505394434,CST5
ENSG00000104738.18,0.0885140495088567,0.6027299826798252,MCM4
ENSG00000150630.4,0.478147011355164,0.8719141432457757,VEGFC
ENSG00000157150.5,0.08871274671494411,0.6027299826798252,TIMP4
ENSG00000160838.14,0.8637754281194544,0.9769035797004411,LRRC71
ENSG00000025039.15,0.36510725878053274,0.8235807736994303,RRAGD
ENSG00000182010.11,0.5658674281310635,0.9041207652835104,RTKN2
ENSG00000260015.1,0.046723749960712796,0.5119748664284771,AC010547.2
ENSG00000119125.17,0.6629760454320168,0.9333138060894436,GDA
ENSG00000134533.6,0.028575284396864527,0.46736965671443764,RERG
ENSG00000173209.23,0.5022993803034681,0.8794891790598558,AHSA2P
ENSG00000180211.5,0.8800012852938125,0.9798437734620014,FO393411.1
ENSG00000114805.18,0.8500842675711101,0.9747476639069517,PLCH1
ENSG00000154188.10,0.1681113716630631,0.690957857971743,ANGPT1
ENSG00000152527.14,0.08729188746221372,0.6015457757754022,PLEKHH2
ENSG00000188158.16,0.4738904284633242,0.8708323733680406,NHS
ENSG00000178814.17,0.557541461714898,0.9035268196516303,OPLAH
ENSG00000138759.19,0.5356132302344507,0.894023499135256,FRAS1
ENSG00000261150.3,0.4308892700617324,0.855072204492913,EPPK1
ENSG00000117407.17,0.6998829682505067,0.9431477051501473,ARTN
ENSG00000223318.1,0.6979835150393379,0.9424803011200346,RNA5SP111
ENSG00000160712.13,0.2339840249653261,0.7454563249114128,IL6R
ENSG00000118004.18,0.10914960948015306,0.6392614434779952,COLEC11
ENSG00000205213.14,0.028051752660942165,0.46736965671443764,LGR4
ENSG00000204472.13,0.28551618655131483,0.778045611914473,AIF1
ENSG00000106415.13,0.060178611049664196,0.5485465594748047,GLCCI1
ENSG00000118193.12,0.035160809286619216,0.48965141101612325,KIF14
ENSG00000139572.4,0.9736946887224025,0.9954557710227082,GPR84
ENSG00000198722.14,0.14204273544192506,0.6696621171687488,UNC13B
ENSG00000100368.14,0.00907940746381302,0.422343717894382,CSF2RB
ENSG00000143119.14,0.22273745986023283,0.7356606833117714,CD53
ENSG00000135205.15,0.22104662447843731,0.7346549578253947,CCDC146
ENSG00000035862.12,0.9443942250357205,0.9892711336977343,TIMP2
ENSG00000067141.17,0.3583537142497346,0.8217656272131119,NEO1
ENSG00000139880.19,0.07685885537354673,0.571677324061824,CDH24
ENSG00000196730.13,0.9638952303507841,0.9940562284321645,DAPK1
ENSG00000008226.20,0.2010066307396202,0.7181402209351381,DLEC1
ENSG00000106333.13,0.30119492459275043,0.7878478351615926,PCOLCE
ENSG00000134962.7,0.17581838868744049,0.6927142473482991,KLB
ENSG00000257826.1,0.9705664385237441,0.9954557710227082,AL133304.2
ENSG00000008300.17,0.3130643192225484,0.7968912623852751,CELSR3
ENSG00000146242.9,0.038175277272889954,0.49106991772126546,TPBG
ENSG00000141401.12,0.1388334945774908,0.6687186348147438,IMPA2
ENSG00000180340.7,0.9539267735117251,0.9907511526362586,FZD2
ENSG00000018280.17,0.7248637905658584,0.9442459796555969,SLC11A1
ENSG00000287929.1,0.0349747665394021,0.48964673155162936,AL354953.1
ENSG00000283418.1,0.5794165018917441,0.9070406342289169,U6
ENSG00000152253.9,0.03140870989797096,0.4756355531207096,SPC25
ENSG00000162755.14,0.13622915960726703,0.6672073909128985,KLHDC9
ENSG00000005379.17,0.03583522879541448,0.4907711046618811,TSPOAP1
ENSG00000211752.3,0.09439193116599247,0.6123586449973578,TRBV27
ENSG00000144278.15,0.1352468364106941,0.6669675570528997,GALNT13
ENSG00000171889.5,0.2084836468826753,0.7244173771688763,MIR31HG
ENSG00000176014.13,0.12373688795373398,0.6575903912309904,TUBB6
ENSG00000069812.11,0.6824370575745993,0.9385116734699985,HES2
ENSG00000250616.2,0.4957685480134547,0.8768203004666563,AC012645.1
ENSG00000264112.1,0.004047371930876721,0.3642012503073679,AC015813.1
ENSG00000122176.12,0.7208909517808433,0.9441447156516874,FMOD
ENSG00000160097.20,0.6678494077929401,0.9354155514271939,FNDC5
ENSG00000123342.16,0.9583756538083587,0.9915960002124418,MMP19
ENSG00000178695.6,0.09193818055934724,0.6097852055808355,KCTD12
ENSG00000152583.12,0.10345377458571499,0.628509490762677,SPARCL1
ENSG00000184730.11,0.9976831944951627,0.9995597017000601,APOBR
ENSG00000136002.20,0.14349902510758902,0.6696621171687488,ARHGEF4
ENSG00000249353.2,0.8417996536788012,0.9729543438307586,NPM1P27
ENSG00000272669.1,0.07245560904152247,0.5697943248310305,AL021707.6
ENSG00000165929.13,0.9742372987362246,0.9954557710227082,TC2N
ENSG00000198467.16,0.03835954337723492,0.49106991772126546,TPM2
ENSG00000206754.1,0.7541511232913272,0.9523535687267055,SNORD101
ENSG00000276926.1,0.7265083479372899,0.9442459796555969,MIR6797
ENSG00000197149.5,0.5314787235647788,0.8938816911342454,AC107956.1
ENSG00000277224.2,0.3262819569630949,0.805154585403318,H2BC7
ENSG00000118432.12,0.5338322309803437,0.8938816911342454,CNR1
ENSG00000182481.10,0.016073688219067895,0.4374080164244873,KPNA2
ENSG00000133962.8,0.6941821529509831,0.9421724141802121,CATSPERB
ENSG00000136250.12,0.16926016125970916,0.6919855240272451,AOAH
ENSG00000137501.17,0.6380592524252127,0.9258940903840456,SYTL2
ENSG00000168646.13,0.7344698649043817,0.946497911303388,AXIN2
ENSG00000171522.6,0.1413845751354341,0.6696621171687488,PTGER4
ENSG00000017483.15,0.8188726644462864,0.9683758068252137,SLC38A5
ENSG00000228502.1,0.09729158783087119,0.6211270861518895,EEF1A1P11
ENSG00000228997.1,0.9452564822403922,0.9892711336977343,AL136452.1
ENSG00000143845.15,0.9168204007987738,0.9874506284859019,ETNK2
ENSG00000154330.13,0.03619359839854519,0.4907711046618811,PGM5
ENSG00000064205.10,0.4631386687098987,0.8660583615828129,CCN5
ENSG00000108187.16,0.848844751206239,0.9746497288490856,PBLD
ENSG00000090776.6,0.41724411060852107,0.8508898477243562,EFNB1
ENSG00000108352.13,0.6473875316388885,0.9298185784418065,RAPGEFL1
ENSG00000106546.14,0.9310784801718043,0.9876697076255315,AHR
ENSG00000183853.18,0.9011904980040882,0.9849234764572464,KIRREL1
ENSG00000253414.3,0.22006671234406563,0.7335557078135522,AC124067.2
ENSG00000154760.14,0.6342581312439663,0.924278153673503,SLFN13
ENSG00000187416.12,0.6281145250501218,0.923570100785026,LHFPL3
ENSG00000279332.1,0.46699699997846,0.8680627299267651,AC090772.4
ENSG00000272720.1,0.24294413879458734,0.7497342259110835,AL022322.1
ENSG00000131459.13,0.5494496640620401,0.901589543674977,GFPT2
ENSG00000130005.13,0.1448904075331061,0.6702993118382483,GAMT
ENSG00000163430.12,0.9155023887487046,0.9874506284859019,FSTL1
ENSG00000227640.3,0.26107862689192773,0.7637322258561939,SOX21-AS1
ENSG00000101198.15,0.6138553388037189,0.9208522890139409,NKAIN4
ENSG00000130054.5,0.004105382141933468,0.3642012503073679,FAM155B
ENSG00000214274.10,0.9603506616665192,0.9926291767664838,ANG
ENSG00000114200.10,0.2909440386646036,0.7834115431036621,BCHE
ENSG00000084636.18,0.393754875676119,0.8410443497529722,COL16A1
ENSG00000113532.13,0.2912858688814025,0.7834312216429424,ST8SIA4
ENSG00000101460.13,0.79900351535852,0.961891359147811,MAP1LC3A
ENSG00000202337.1,0.9616478880832611,0.9931629187542232,RNU6-8
ENSG00000133816.17,0.749297215622632,0.9506764040047618,MICAL2
ENSG00000168306.13,0.5333018194236153,0.8938816911342454,ACOX2
ENSG00000228499.1,0.45153663231383256,0.8600080546187959,TMSB10P1
ENSG00000129422.14,0.09969371182527227,0.6244867620898755,MTUS1
ENSG00000182492.16,0.31348163808873586,0.7968912623852751,BGN
ENSG00000088899.15,0.9136159435481338,0.9874506284859019,LZTS3
ENSG00000004776.13,0.7889048971379276,0.9608714494139055,HSPB6
ENSG00000003987.14,0.3965014928459054,0.8418423607478821,MTMR7
ENSG00000163599.17,0.18858406105040812,0.7099952036690758,CTLA4
ENSG00000133106.15,0.7145502676953968,0.9440985964911512,EPSTI1
ENSG00000227081.5,0.2188792961999874,0.7318699959742615,AC005912.1
ENSG00000246575.2,0.24508382945349072,0.7508183930972546,AC093162.1
ENSG00000163435.16,0.8635018597996486,0.9767825170272918,ELF3
ENSG00000105289.15,0.5548805887859871,0.9035268196516303,TJP3
ENSG00000262482.1,0.5623607322095581,0.9035268196516303,AC004034.1
ENSG00000217275.2,0.06015522206100343,0.5485465594748047,AL031777.1
ENSG00000149243.16,0.12833250065701693,0.6620855760341555,KLHL35
ENSG00000107165.13,0.06500584292852014,0.5565737045693097,TYRP1
ENSG00000224858.5,0.4403460288511939,0.8582249401666611,RPL29P11
ENSG00000268062.1,0.6221963461390999,0.9212978468663946,SRP14P4
ENSG00000104998.4,0.6999527769171439,0.9431477051501473,IL27RA
ENSG00000123384.14,0.44227732585252844,0.8590405287509884,LRP1
ENSG00000277998.1,0.8147598386829935,0.9678725546419633,AC107075.1
ENSG00000211886.1,0.6200028055488266,0.920864670733086,TRAJ3
ENSG00000174123.11,0.03196893000211784,0.4760536799321421,TLR10
ENSG00000181524.6,0.8786737832617787,0.9798437734620014,RPL24P4
ENSG00000184661.14,0.057037880071762824,0.5389331767568732,CDCA2
ENSG00000102024.18,0.36385100432168105,0.8235807736994303,PLS3
ENSG00000199804.1,0.7649242097066543,0.95540036298431,RNA5SP383
ENSG00000244593.1,0.8033743732188536,0.9628622631712972,AC025062.1
ENSG00000079215.14,0.25158992453760753,0.7549692940874789,SLC1A3
ENSG00000132704.16,0.020547743301626623,0.4534808673388542,FCRL2
ENSG00000235408.6,0.32639271259267055,0.805154585403318,SNORA71B
ENSG00000234745.12,0.23078245470732334,0.7432429779078834,HLA-B
ENSG00000271392.1,0.9591904149944739,0.9919200134143403,AC006237.1
ENSG00000199377.1,0.9009906524101836,0.9849234764572464,RNU5F-1
ENSG00000179456.10,0.35315969587097296,0.8163334875334295,ZBTB18
ENSG00000104687.14,0.6929798991311034,0.9411866418487341,GSR
ENSG00000127528.6,0.9198833976134136,0.9874506284859019,KLF2
ENSG00000211788.2,0.24710580856138756,0.7521281195487424,TRAV13-1
ENSG00000226816.3,0.06052232433847018,0.549004111831765,AC005082.1
ENSG00000087077.14,0.2969759226832985,0.7854825845156927,TRIP6
ENSG00000198768.11,0.12087315265012269,0.6574794830232176,APCDD1L
ENSG00000228561.2,0.04694067528344788,0.5125012848348058,AC026355.2
ENSG00000183044.12,0.011478521523507819,0.4228685279940024,ABAT
ENSG00000162444.12,0.2888267531559545,0.7820239526025639,RBP7
ENSG00000265112.1,0.7144801500271365,0.9440985964911512,MIR3153
ENSG00000171956.7,0.5523678102211653,0.9028106760495546,FOXB1
ENSG00000126368.6,0.47355496889089854,0.8708323733680406,NR1D1
ENSG00000130653.16,0.006845728540952593,0.41653625199180777,PNPLA7
ENSG00000212443.1,0.39448174399206504,0.8414496631214367,SNORA53
ENSG00000112541.17,0.8995051091160021,0.9849234764572464,PDE10A
ENSG00000134817.11,0.7202135203185865,0.9441033806141912,APLNR
ENSG00000277702.1,0.04821735478418705,0.5163818598736397,AC239859.5
ENSG00000163687.14,0.0009617369294479918,0.3251137189732896,DNASE1L3
ENSG00000207757.1,0.6547355319483763,0.9318024573068832,MIR93
ENSG00000260051.1,0.27768481821590707,0.7739559239210095,AL031600.1
ENSG00000158856.18,0.32319186614970635,0.803661635097195,DMTN
ENSG00000164294.14,0.053374782401352704,0.5279196495925287,GPX8
ENSG00000242861.1,0.24362023627178803,0.7504382186229313,AL591895.1
ENSG00000174307.7,0.9561070084229911,0.9914288671218165,PHLDA3
ENSG00000116574.6,0.6644585671594458,0.9347924914693666,RHOU
ENSG00000162747.12,0.9271766457180224,0.9876697076255315,FCGR3B
ENSG00000141934.10,0.6432422109869577,0.9288737868649792,PLPP2
ENSG00000272502.1,0.3977304346311925,0.8418645271428238,AC104958.2
ENSG00000267523.1,0.8662355402885539,0.9777633497436868,AC008735.2
ENSG00000111796.4,0.13118027576247965,0.664321988623461,KLRB1
ENSG00000271781.1,0.07042174519146287,0.5674162817041065,AC026740.1
ENSG00000159723.5,0.9560721975637295,0.9914288671218165,AGRP
ENSG00000158352.16,0.40799787747354155,0.8474296179217251,SHROOM4
ENSG00000122122.10,0.019602874484374297,0.4534808673388542,SASH3
ENSG00000143476.18,0.30716902815361513,0.7932442091724112,DTL
ENSG00000165617.15,0.36545746089570164,0.8235807736994303,DACT1
ENSG00000184489.12,0.37445036895695405,0.8310779063852092,PTP4A3
ENSG00000282826.2,0.17444474392182674,0.6927142473482991,FRG1CP
ENSG00000140443.15,0.9420348707984263,0.98888717134306,IGF1R
ENSG00000252147.1,0.7756430514495215,0.9576432923337443,RNY3P16
ENSG00000240231.1,0.4578041869857399,0.8624032195897123,RPS27P29
ENSG00000165795.23,0.02926110214791528,0.4713957596537879,NDRG2
ENSG00000153253.19,0.19458373663112835,0.7142074306033707,SCN3A
ENSG00000229638.1,0.12097827163589454,0.6574794830232176,RPL4P4
ENSG00000265874.1,0.2723275278947562,0.7705023171721327,MIR4489
ENSG00000065717.15,0.995310672465395,0.9995597017000601,TLE2
ENSG00000137709.10,0.31102064008551145,0.7955355439635531,POU2F3
ENSG00000167601.12,0.5595690769496349,0.9035268196516303,AXL
ENSG00000134853.12,0.5613265154070656,0.9035268196516303,PDGFRA
ENSG00000108960.9,0.13382537267730304,0.664923805199414,MMD
ENSG00000207031.1,0.5699515971882146,0.9041905959309144,SNORD59A
ENSG00000204140.10,0.06495027878383144,0.5565737045693097,CLPSL1
ENSG00000143171.13,0.9303257888989578,0.9876697076255315,RXRG
ENSG00000197747.9,0.0021511060648020286,0.3436589480009844,S100A10
ENSG00000252915.1,0.7259946566824644,0.9442459796555969,Y_RNA
ENSG00000005421.9,0.3189518311913723,0.8001564140163943,PON1
ENSG00000131094.4,0.07617823464945087,0.571677324061824,C1QL1
ENSG00000217801.10,0.6874562264197729,0.9393841661479239,AL390719.1
ENSG00000270885.2,0.3497304856797514,0.8131787406907613,RASL10B
ENSG00000166582.10,0.6241218008678144,0.9220775952305588,CENPV
ENSG00000147100.11,0.645196616634494,0.9288737868649792,SLC16A2
ENSG00000113389.16,0.5459002720200025,0.8994501775504316,NPR3
ENSG00000166681.14,0.2725493657961602,0.7705023171721327,BEX3
ENSG00000184916.9,0.6621267068530585,0.9331066559292748,JAG2
ENSG00000008256.16,0.6494014286716723,0.9303376608044333,CYTH3
ENSG00000072858.11,0.7547052957182312,0.9525510472880607,SIDT1
ENSG00000168398.7,0.26730894254986903,0.7678582761200466,BDKRB2
ENSG00000127946.17,0.2920993881189964,0.7841917201970101,HIP1
ENSG00000154856.13,0.871831194609465,0.9783838026122388,APCDD1
ENSG00000052795.13,0.7299096682489946,0.9449985659619017,FNIP2
ENSG00000287837.1,0.7462302653417205,0.9499217968867156,AL590064.1
ENSG00000086570.12,0.44825885634432705,0.8598988221012636,FAT2
ENSG00000143797.12,0.07543645645103585,0.5698151474503798,MBOAT2
ENSG00000207146.1,0.06395809499484395,0.5541251395773064,Y_RNA
ENSG00000078596.11,0.23917480771623423,0.7485579798110306,ITM2A
ENSG00000181315.11,0.3842668587731203,0.8384132201295119,ZNF322
ENSG00000112837.17,0.6825863030939193,0.9385116734699985,TBX18
ENSG00000135100.18,0.13310101670167068,0.6644572316236499,HNF1A
ENSG00000175745.14,0.766481845085433,0.9555564201934101,NR2F1
ENSG00000091879.14,0.40727528015403325,0.8466616205041795,ANGPT2
ENSG00000130529.16,0.08547484781982563,0.5956881464800183,TRPM4
ENSG00000227117.6,0.7848968010626421,0.9603993609835769,HORMAD2-AS1
ENSG00000119630.14,0.29558919288339425,0.7848642214527185,PGF
ENSG00000147804.10,0.1466303692147668,0.6702993118382483,SLC39A4
ENSG00000203878.11,0.05568507550055052,0.5370653141972119,CHIAP2
ENSG00000084710.14,0.556362798860932,0.9035268196516303,EFR3B
ENSG00000171208.10,0.31671171109441804,0.798715180800932,NETO2
ENSG00000004777.18,0.9803693785562725,0.9970455072240391,ARHGAP33
ENSG00000170873.19,0.9371503015962267,0.9878543291079629,MTSS1
ENSG00000147573.17,0.18087754521926597,0.7015659057515388,TRIM55
ENSG00000064393.16,0.8913992075102775,0.9849234764572464,HIPK2
ENSG00000186174.12,0.3682644799032748,0.8259064462815151,BCL9L
ENSG00000119986.7,0.6537863846559866,0.930956497700324,AVPI1
ENSG00000178826.11,0.1944237326172705,0.7139930286746893,TMEM139
ENSG00000139946.10,0.1434156046449562,0.6696621171687488,PELI2
ENSG00000173200.13,0.02420025275990552,0.4557714269782206,PARP15
ENSG00000085741.13,0.644977610738213,0.9288737868649792,WNT11
ENSG00000165568.18,0.8154924643867003,0.9678725546419633,AKR1E2
ENSG00000280027.1,0.8718323430597318,0.9783838026122388,AC007342.9
ENSG00000133101.10,0.12977401984194825,0.6620855760341555,CCNA1
ENSG00000174175.17,0.08944854673457506,0.6027759097259574,SELP
ENSG00000161800.13,0.06533611145945631,0.5565737045693097,RACGAP1
ENSG00000161888.11,0.026273646715074702,0.4654252977694876,SPC24
ENSG00000141738.14,0.4974805756156576,0.8772374019153003,GRB7
ENSG00000212296.1,0.4619485409042112,0.8655732389424213,SNORD72
ENSG00000129151.9,0.44874220788798425,0.8598988221012636,BBOX1
ENSG00000206685.1,0.7783095649210798,0.9586338915307505,RNU6-1189P
ENSG00000117616.18,0.9405666665693156,0.98888717134306,RSRP1
ENSG00000254615.3,0.022790959975985885,0.45446155147114187,AC027031.2
ENSG00000272034.1,0.6388244134773731,0.9265331507486183,SNORD14A
ENSG00000146072.6,0.984669548626044,0.997869636488817,TNFRSF21
ENSG00000106123.12,0.765697532793677,0.9555564201934101,EPHB6
ENSG00000174807.4,0.23571614184818576,0.7465330110970323,CD248
ENSG00000274312.1,0.9263024784008762,0.9876697076255315,AC015722.2
ENSG00000235601.1,0.15996251724160437,0.6838929581569986,BARX1-DT
ENSG00000172986.13,0.5460617739412583,0.8994501775504316,GXYLT2
ENSG00000116667.15,0.5089320656758539,0.8823488792753093,C1orf21
ENSG00000168528.12,0.09198634444767308,0.6097852055808355,SERINC2
ENSG00000187583.11,0.5820895827088612,0.9070781322354399,PLEKHN1
ENSG00000106780.9,0.12152197717516729,0.6574794830232176,MEGF9
ENSG00000158806.14,0.5200187570830376,0.8877363166357696,NPM2
ENSG00000228613.1,0.5455743640144037,0.8994501775504316,AC141930.1
ENSG00000185250.16,0.8905578126603417,0.9849234764572464,PPIL6
ENSG00000164684.13,0.1004631454231622,0.6244867620898755,ZNF704
ENSG00000125319.15,0.0660423158943097,0.5565737045693097,HROB
ENSG00000142583.18,0.762764543973394,0.9548136640021437,SLC2A5
ENSG00000271420.1,0.8092042083845684,0.9655762993395589,AL109936.2
ENSG00000113140.11,0.5842303392874671,0.9076064088245793,SPARC
ENSG00000089327.15,0.029463978176192892,0.47178151290219794,FXYD5
ENSG00000099998.18,0.7919920051349928,0.9608714494139055,GGT5
ENSG00000203499.12,0.015768439359904313,0.4374080164244873,IQANK1
ENSG00000253395.1,0.1265549324848124,0.661632198251729,AP003469.2
ENSG00000233695.2,0.00706500642185125,0.41704627460330884,GAS6-AS1
ENSG00000243302.3,0.9554841300412151,0.9914288671218165,AC018638.4
ENSG00000141527.18,0.4329010532552674,0.855072204492913,CARD14
ENSG00000179388.9,0.49380423397155726,0.8765690059952913,EGR3
ENSG00000264230.9,0.5340885690232136,0.8938816911342454,ANXA8L1
ENSG00000221598.3,0.23465497871051771,0.7459579795131269,MIR1249
ENSG00000270871.1,0.7781787763624411,0.9586338915307505,AC015849.3
ENSG00000273328.5,0.719975272522279,0.9441033806141912,AC099329.2
ENSG00000281406.2,0.48029525529432493,0.8719141432457757,BLACAT1
ENSG00000104435.14,0.4601583220504246,0.8641624708971649,STMN2
ENSG00000069188.17,0.9965135772920352,0.9995597017000601,SDK2
ENSG00000177943.14,0.5736630901703377,0.9060580106138864,MAMDC4
ENSG00000101445.10,0.005237277206806969,0.3970796346385027,PPP1R16B
ENSG00000130164.14,0.314784563145971,0.7985714863645383,LDLR
ENSG00000241106.8,0.08794630480355839,0.6015457757754022,HLA-DOB
ENSG00000179399.15,0.5793403335999056,0.9070406342289169,GPC5
ENSG00000143001.5,0.15175999027008696,0.6755326522433247,TMEM61
ENSG00000134326.11,0.6430246729481581,0.9288737868649792,CMPK2
ENSG00000074181.9,0.1971688557906427,0.7165676690589909,NOTCH3
ENSG00000166780.11,0.4959915562006131,0.8768203004666563,BMERB1
ENSG00000265996.1,0.21820376649516166,0.7318699959742615,MIR3671
ENSG00000249916.1,0.14660191575986425,0.6702993118382483,AC119150.1
ENSG00000140678.17,0.26826361455943376,0.7691175934756154,ITGAX
ENSG00000178750.3,0.4859667088137576,0.8726616319647593,STX19
ENSG00000273962.1,0.09991167373012759,0.6244867620898755,IGKV2-40
ENSG00000136014.12,0.09895063490990827,0.6244867620898755,USP44
ENSG00000137875.4,0.5456136069567328,0.8994501775504316,BCL2L10
ENSG00000183741.12,0.7415594504000007,0.9490581569920794,CBX6
ENSG00000253676.1,0.321751552731822,0.8026770804376723,TAGLN2P1
ENSG00000121807.6,0.00013674366542786606,0.21632847870688413,CCR2
ENSG00000204815.10,0.7738539609855554,0.9568836691254875,TTC25
ENSG00000273877.4,0.18220095756536853,0.7032962985541095,AC236972.3
ENSG00000219507.4,0.6366416631505014,0.9258200370712146,FTH1P8
ENSG00000117069.15,0.49761873860859074,0.8772374019153003,ST6GALNAC5
ENSG00000160191.18,0.006668305697540381,0.41653625199180777,PDE9A
ENSG00000102678.7,0.7573908215925071,0.953555793240483,FGF9
ENSG00000172824.16,0.016330385869611448,0.4374080164244873,CES4A
ENSG00000128606.13,0.3838293094175331,0.838267046379356,LRRC17
ENSG00000147180.17,0.7675116378052578,0.9562262769489545,ZNF711
ENSG00000142765.18,0.5071747117493972,0.8815308045340889,SYTL1
ENSG00000263961.8,0.8795159493556794,0.9798437734620014,RHEX
ENSG00000178821.13,0.8100181814268261,0.9656559196447799,TMEM52
ENSG00000211746.3,0.005046296747032581,0.39684372437209603,TRBV19
ENSG00000183010.17,0.8463756722689392,0.9746438889486686,PYCR1
ENSG00000010610.10,0.3039702785105791,0.7899004875142106,CD4
ENSG00000183696.14,0.08462811463599267,0.5949982089294241,UPP1
ENSG00000254419.1,0.7736424286957184,0.9568836691254875,AL139349.1
ENSG00000163171.8,0.44514822256829245,0.8598988221012636,CDC42EP3
ENSG00000168658.19,0.65954832487915,0.9331066559292748,VWA3B
ENSG00000168062.10,0.35029523226930137,0.8131787406907613,BATF2
ENSG00000139737.22,0.19176713373968765,0.7121493088642861,SLAIN1
ENSG00000141736.14,0.5464315593016043,0.8994501775504316,ERBB2
ENSG00000183508.5,0.04583498842514266,0.5099223044203635,TENT5C
ENSG00000252244.1,0.6149316961104174,0.9208522890139409,RNU7-3P
ENSG00000172955.17,0.16791331860088432,0.690957857971743,ADH6
ENSG00000121207.12,0.16493655708312543,0.6881055730630392,LRAT
ENSG00000133519.12,0.9335403736629887,0.9877707876523755,ZDHHC8P1
ENSG00000161132.6,0.713194038217595,0.9440985964911512,AC007663.1
ENSG00000088726.16,0.8214502351677556,0.9683758068252137,TMEM40
ENSG00000267301.1,0.33282536178110866,0.8054859623092716,RPL23AP77
ENSG00000237350.1,0.45084520766190095,0.8599434754293794,CDC42P6
ENSG00000197057.10,0.1334194946946079,0.664923805199414,DTHD1
ENSG00000010030.14,0.6952492322755348,0.9424247357938722,ETV7
ENSG00000229404.6,0.7689156784922345,0.9563717850694351,LINC00858
ENSG00000253047.1,0.7746700079950156,0.9575933369652404,AL356356.1
ENSG00000227051.7,0.10838941535395324,0.636910524192222,C14orf132
ENSG00000179761.12,0.5772977359207678,0.9070406342289169,PIPOX
ENSG00000162572.21,0.9452677111910606,0.9892711336977343,SCNN1D
ENSG00000185432.12,0.23842243893765067,0.7485579798110306,METTL7A
ENSG00000116678.20,0.8916422910726632,0.9849234764572464,LEPR
ENSG00000167850.4,0.698223117596602,0.9426429186190685,CD300C
ENSG00000251179.1,0.24833174074641773,0.7525991292655084,TMEM92-AS1
ENSG00000176597.12,0.322007349010564,0.8027349923333001,B3GNT5
ENSG00000123338.13,0.0875837034064479,0.6015457757754022,NCKAP1L
ENSG00000132274.16,0.3042611606846557,0.7901040446884374,TRIM22
ENSG00000147509.14,0.011547358033717384,0.4228685279940024,RGS20
ENSG00000240409.1,0.17206427871395097,0.6927142473482991,MTATP8P1
ENSG00000111424.12,0.7211428467318828,0.9442459796555969,VDR
ENSG00000229196.4,0.22992530979481482,0.7430266615775709,AC087071.1
ENSG00000272006.1,0.38064998464947686,0.8368375148908733,AC037487.3
ENSG00000271361.1,0.8602647130141219,0.9767825170272918,HTATSF1P2
ENSG00000214652.6,0.205358837673237,0.7222714121811048,ZNF727
ENSG00000168917.9,0.1616388162007374,0.6840893719357051,SLC35G2
ENSG00000240376.1,0.8647084632146373,0.9771205634325401,AC010343.1
ENSG00000111012.10,0.9467724477612932,0.9892711336977343,CYP27B1
ENSG00000185015.8,0.2234493008561632,0.7361845454746853,CA13
ENSG00000132837.15,0.4799082918295796,0.8719141432457757,DMGDH
ENSG00000146904.9,0.1816440885698442,0.7025940051772458,EPHA1
ENSG00000251893.2,0.5600251451100968,0.9035268196516303,SNORA70
ENSG00000112852.7,0.5138469093552789,0.8853053511729732,PCDHB2
ENSG00000146677.7,0.9058681896922461,0.9864753819765635,AC004453.1
ENSG00000272482.1,0.34748860686521865,0.8129650636805322,AC254633.1
ENSG00000176428.6,0.02216019612912177,0.45446155147114187,VPS37D
ENSG00000140511.12,0.24761100595618463,0.7525991292655084,HAPLN3
ENSG00000185442.13,0.2992741136229076,0.7878478351615926,FAM174B
ENSG00000200913.1,0.3407505701196693,0.8074302066897383,SNORD46
ENSG00000130270.16,0.003438754077655148,0.3642012503073679,ATP8B3
ENSG00000105928.16,0.6580920123370815,0.9325338476798936,GSDME
ENSG00000164220.7,0.787595377000067,0.9608714494139055,F2RL2
ENSG00000186462.9,0.41876821378232465,0.8510138334903893,NAP1L2
ENSG00000123094.15,0.3211517316616414,0.8026770804376723,RASSF8
ENSG00000248268.1,0.4730345403480889,0.8707710528632495,AC010275.1
ENSG00000170525.21,0.1758631726524233,0.6927142473482991,PFKFB3
ENSG00000218809.1,0.6151266878488815,0.9208522890139409,AL391903.1
ENSG00000147168.13,0.6471142541757795,0.9296537868743945,IL2RG
ENSG00000173546.7,0.08747806941521885,0.6015457757754022,CSPG4
ENSG00000177614.11,0.13394166015525377,0.6650838241230743,PGBD5
ENSG00000180190.12,0.6502978370287001,0.9303376608044333,TDRP
ENSG00000168961.17,0.8959845949475838,0.9849234764572464,LGALS9
ENSG00000255100.1,0.5841819273138036,0.9076064088245793,AP003119.2
ENSG00000239467.6,0.9545556829275409,0.9911440603776384,AC007405.3
ENSG00000232573.1,0.2728567477622872,0.7707710556231608,RPL3P4
ENSG00000278840.1,0.43084462156566017,0.855072204492913,AC009878.1
ENSG00000251728.1,0.2232501135988696,0.7361018751842678,Y_RNA
ENSG00000240184.7,0.33882446441079295,0.8065126189054084,PCDHGC3
ENSG00000082397.17,0.9228653993662544,0.9876697076255315,EPB41L3
ENSG00000156127.8,0.14619390751450376,0.6702993118382483,BATF
ENSG00000142512.15,0.942617184263797,0.98888717134306,SIGLEC10
ENSG00000145632.15,0.7727751366805711,0.9563961752089646,PLK2
ENSG00000265750.1,0.3322823166462334,0.8054859623092716,AC090772.3
ENSG00000188002.10,0.37679666081636043,0.8335524892882314,AC026412.1
ENSG00000265800.1,0.5843510736925509,0.9076064088245793,AC022211.3
ENSG00000075275.18,0.3963338693662617,0.8418423607478821,CELSR1
ENSG00000264279.1,0.21722589745842563,0.7307095899466156,MIR4786
ENSG00000148803.12,0.8732943484469198,0.9784360192939285,FUOM
ENSG00000143324.14,0.6773901572835158,0.9385116734699985,XPR1
ENSG00000204381.12,0.3213643655629162,0.8026770804376723,LAYN
ENSG00000101276.18,0.1353954762352308,0.6669675570528997,SLC52A3
ENSG00000122420.10,0.5202965314694599,0.8877363166357696,PTGFR
ENSG00000198003.12,0.9091511493564187,0.9872346903369438,CCDC151
ENSG00000100336.17,0.3972544961644353,0.8418423607478821,APOL4
ENSG00000132517.15,0.874083257257925,0.9786268315513358,SLC52A1
ENSG00000157833.13,0.9271465521641974,0.9876697076255315,GAREM2
ENSG00000206384.10,0.18666005359972596,0.7073857182115731,COL6A6
ENSG00000260711.2,0.3938698900169947,0.8410443497529722,AL121839.2
ENSG00000101846.8,0.535735952705577,0.894023499135256,STS
ENSG00000201772.1,0.7789040204905928,0.9586338915307505,SNORA5C
ENSG00000134802.18,0.9283703133762717,0.9876697076255315,SLC43A3
ENSG00000222033.1,0.1192229477171243,0.656774723931987,LINC01124
ENSG00000118503.15,0.5885098951784156,0.9076064088245793,TNFAIP3
ENSG00000140105.18,0.4011014956622595,0.8444215855014771,WARS1
ENSG00000143248.13,0.5783582379140773,0.9070406342289169,RGS5
ENSG00000198759.12,0.7582177174998695,0.9536495699513385,EGFL6
ENSG00000163808.17,0.27244661301533435,0.7705023171721327,KIF15
ENSG00000158055.16,0.9717940343969663,0.9954557710227082,GRHL3
ENSG00000257924.1,0.7145895076099518,0.9440985964911512,LINC02416
ENSG00000232879.2,0.7338926087044471,0.946497911303388,GLRX5P2
ENSG00000234695.1,0.2755734300214569,0.7718333667520658,TFPI2-DT
ENSG00000184557.4,0.46211324754157335,0.8655732389424213,SOCS3
ENSG00000106571.15,0.5781843831414522,0.9070406342289169,GLI3
ENSG00000272564.1,0.7308612395163812,0.9454141450003144,AC012511.1
ENSG00000188765.7,0.34560768693296817,0.8118568868399018,TMSB4XP2
ENSG00000286555.1,0.4218635931865067,0.8523476429387656,AP003065.1
ENSG00000283000.2,0.1331434528601119,0.6644572316236499,LINC02635
ENSG00000067840.12,0.6668247506369895,0.9354155514271939,PDZD4
ENSG00000151136.15,0.8029704424055658,0.9627855387946074,BTBD11
ENSG00000238364.1,0.6586113591666518,0.9328430378299228,RNU7-140P
ENSG00000155850.8,0.8370158427697719,0.971788539014956,SLC26A2
ENSG00000210077.1,0.0637637323471689,0.5541251395773064,MT-TV
ENSG00000026103.22,0.31374354375188357,0.7968912623852751,FAS
ENSG00000283413.1,0.9362367888505057,0.9877707876523755,AC008703.1
ENSG00000132359.15,0.8947641858389935,0.9849234764572464,RAP1GAP2
ENSG00000154198.14,0.7586482210094634,0.953887685294048,CYP4Z2P
ENSG00000141068.14,0.14431176526503403,0.6702993118382483,KSR1
ENSG00000277840.1,0.46488397798354675,0.866995014270197,AC026368.1
ENSG00000165507.9,0.1655164021173034,0.6883071541372872,DEPP1
ENSG00000113088.6,0.016434903269299358,0.4374080164244873,GZMK
ENSG00000105737.9,0.41219010014844837,0.8492898390659616,GRIK5
ENSG00000148935.11,0.12110324450598746,0.6574794830232176,GAS2
ENSG00000110002.16,0.7016498525479796,0.9433377204586122,VWA5A
ENSG00000101457.13,0.7726200501297626,0.9563961752089646,DNTTIP1
ENSG00000111716.14,0.016957621275181235,0.4374080164244873,LDHB
ENSG00000189045.15,0.3304102317786247,0.8052370663303848,ANKDD1B
ENSG00000164877.19,0.3814127649696516,0.8374512308621752,MICALL2
ENSG00000286451.1,0.7190375225395464,0.9441033806141912,AL499602.1
ENSG00000134242.16,0.42765360873546243,0.8546819438080139,PTPN22
ENSG00000213939.4,0.7645166720770771,0.9550529641747129,AC091153.1
ENSG00000185522.9,0.7794834372682561,0.9587857622975424,LMNTD2
ENSG00000164485.15,0.7699974253612476,0.9563717850694351,IL22RA2
ENSG00000154217.15,0.19372104209489024,0.7135493882328569,PITPNC1
ENSG00000136982.6,0.15596785404098562,0.6806689919609344,DSCC1
ENSG00000131042.15,0.44129866696672293,0.858229591755151,LILRB2
ENSG00000272668.2,0.0666340452878807,0.5565737045693097,AL590560.3
ENSG00000005844.19,0.20875945368816562,0.7244173771688763,ITGAL
ENSG00000121064.13,0.07072976659421606,0.5674162817041065,SCPEP1
ENSG00000179348.12,0.12357622923468381,0.6575903912309904,GATA2
ENSG00000089820.16,0.39140862973034507,0.8409678168383927,ARHGAP4
ENSG00000233539.5,0.01347942259843626,0.42500769577816633,AC011294.1
ENSG00000232818.2,0.19318580329751167,0.7127638121862945,RPS2P32
ENSG00000143858.12,0.47780029358561626,0.8719141432457757,SYT2
ENSG00000265246.1,0.21099917448166342,0.7269144480084396,AC129926.1
ENSG00000161328.11,0.1426474399733216,0.6696621171687488,LRRC56
ENSG00000258788.3,0.9111164470244932,0.9872860397490922,CKS1BP1
ENSG00000121361.5,0.5935327646443216,0.9101015632014577,KCNJ8
ENSG00000101384.12,0.812032105891346,0.9663047069840203,JAG1
ENSG00000239559.2,0.4298936069146425,0.8550559007103367,RPL37P2
ENSG00000198888.2,0.5881722928013796,0.9076064088245793,MT-ND1
ENSG00000100162.15,0.005164854801499233,0.39684372437209603,CENPM
ENSG00000169242.12,0.43857635310010556,0.8582249401666611,EFNA1
ENSG00000102554.14,0.06969822475470033,0.5642095455736198,KLF5
ENSG00000007174.18,0.2724935234719981,0.7705023171721327,DNAH9
ENSG00000279369.1,0.39039036424780393,0.8409678168383927,AC046185.3
ENSG00000265724.1,0.8984666953955158,0.9849234764572464,MIR4284
ENSG00000198515.16,0.14896934862508515,0.674538134352904,CNGA1
ENSG00000230330.1,0.9367515352638445,0.9877707876523755,HMGN2P3
ENSG00000268812.3,0.6735004587889081,0.9382208983470575,AC004264.1
ENSG00000224543.4,0.9298931439457897,0.9876697076255315,SNRPGP15
ENSG00000122591.12,0.3427584191971127,0.8090139116990226,FAM126A
ENSG00000109738.11,0.3713445226120573,0.8287715369958227,GLRB
ENSG00000156802.13,0.16552247428630334,0.6883071541372872,ATAD2
ENSG00000230438.7,0.9007357386238288,0.9849234764572464,SERPINB9P1
ENSG00000198814.13,0.1891629532633427,0.7103139405117631,GK
ENSG00000181392.17,0.03908957858840756,0.49106991772126546,SYNE4
ENSG00000132530.17,0.7984305310239292,0.961891359147811,XAF1
ENSG00000085465.13,0.6212812903865303,0.920864670733086,OVGP1
ENSG00000255847.5,0.8854468008257701,0.9832509980627874,AP003717.1
ENSG00000188372.15,0.24836305763105143,0.7525991292655084,ZP3
ENSG00000128383.13,0.7437876798755589,0.9497408601738444,APOBEC3A
ENSG00000138646.9,0.92128329842755,0.9875494364704827,HERC5
ENSG00000163431.13,0.42038264315825413,0.852182583377995,LMOD1
ENSG00000242732.4,0.020698407421677167,0.4534808673388542,RTL5
ENSG00000073861.3,0.4493254932765074,0.8598988221012636,TBX21
ENSG00000250182.3,0.6805446401248418,0.9385116734699985,EEF1A1P13
ENSG00000134769.21,0.22670665447745267,0.7404427847421226,DTNA
ENSG00000267461.1,0.3234350912671857,0.803871252768513,AC079210.1
ENSG00000178828.7,0.7822940343093551,0.9595440264603029,RNF186
ENSG00000037965.6,0.01262666361918013,0.42500769577816633,HOXC8
ENSG00000143185.4,0.11595025471174568,0.6527875549963761,XCL2
ENSG00000252361.1,0.5180546546677218,0.8872231470245763,RNU6-118P
ENSG00000166073.11,0.5581951122381169,0.9035268196516303,GPR176
ENSG00000055163.20,0.17809375588628745,0.6963527479290824,CYFIP2
ENSG00000283199.3,0.7394418993692706,0.9477677066336684,C13orf46
ENSG00000203797.12,0.55651415088978,0.9035268196516303,DDO
ENSG00000144824.21,0.35109110107032515,0.8139304248142649,PHLDB2
ENSG00000272275.1,0.7153253167759852,0.9441033806141912,AC092687.3
ENSG00000241439.1,0.9803486248757124,0.9970455072240391,AC092903.1
ENSG00000076641.4,0.7904215823596147,0.9608714494139055,PAG1
ENSG00000113368.12,0.6316163432784734,0.92367383691023,LMNB1
ENSG00000254893.6,0.3073820183670716,0.7932762692605337,AC113404.3
ENSG00000102302.8,0.7017527764092004,0.9433377204586122,FGD1
ENSG00000160593.19,0.04004339195549592,0.4941392049422352,JAML
ENSG00000174501.14,0.7546122276126688,0.9525510472880607,ANKRD36C
ENSG00000207340.1,0.9469931854066351,0.9892711336977343,RNVU1-1
ENSG00000287315.1,0.938419133706276,0.9885331399143219,AL670729.3
ENSG00000119514.7,0.9191141438065676,0.9874506284859019,GALNT12
ENSG00000279930.1,0.36330103081394083,0.8235807736994303,AL032819.2
ENSG00000188015.10,0.10649552189653945,0.6324171007519722,S100A3
ENSG00000178053.20,0.592047729063383,0.9099406358722543,MLF1
ENSG00000213199.8,0.4541893709230773,0.8600496595270013,ASIC3
ENSG00000178026.13,0.27960371641762727,0.7764195254397811,LRRC75B
ENSG00000147813.16,0.5661355151029897,0.9041207652835104,NAPRT
ENSG00000261742.6,0.2970561774225339,0.7854825845156927,LINC00922
ENSG00000174469.23,0.40684390513867563,0.846432217161211,CNTNAP2
ENSG00000119943.13,0.7316655683647685,0.9455112964818361,PYROXD2
ENSG00000228559.2,0.016251733072773274,0.4374080164244873,AL033519.4
ENSG00000106992.19,0.9565847173038816,0.9914288671218165,AK1
ENSG00000070731.11,0.44118318927303146,0.858229591755151,ST6GALNAC2
ENSG00000158402.20,0.0010532976871043022,0.3251137189732896,CDC25C
ENSG00000238517.1,0.911352081829916,0.9872860397490922,MIR1270
ENSG00000143226.15,0.250791749965031,0.7542824114917852,FCGR2A
ENSG00000159871.15,0.10009750814924595,0.6244867620898755,LYPD5
ENSG00000086300.16,0.04314571986243189,0.5083573537368472,SNX10
ENSG00000266830.1,0.7926011796186544,0.9609245482591051,AC061975.6
ENSG00000274512.5,0.25259076383437196,0.7562425972482522,TBC1D3L
ENSG00000184163.3,0.25597005661498085,0.7580393664636834,C1QTNF12
ENSG00000134955.12,0.18710797166525706,0.7074617856939573,SLC37A2
ENSG00000265871.1,0.035978999958258324,0.4907711046618811,MIR3174
ENSG00000201264.1,0.9237771007119426,0.9876697076255315,SNORD73B
ENSG00000224307.2,0.07997063257836369,0.578554488530925,AL161785.1
ENSG00000164023.14,0.7195999986366273,0.9441033806141912,SGMS2
ENSG00000165389.7,0.9098822725320994,0.9872860397490922,SPTSSA
ENSG00000118526.7,0.4018005536223045,0.8448278519809751,TCF21
ENSG00000182118.8,0.1464676584749089,0.6702993118382483,FAM89A
ENSG00000158050.5,0.09067891519375566,0.6072310953657486,DUSP2
ENSG00000228630.5,0.07636571558829618,0.571677324061824,HOTAIR
ENSG00000206337.12,0.8651755078065388,0.977229511173743,HCP5
ENSG00000221520.1,0.9465491857366324,0.9892711336977343,MIR1285-1
ENSG00000183918.17,0.06282147492999732,0.5538656838192935,SH2D1A
ENSG00000135074.16,0.6579103641491444,0.9325338476798936,ADAM19
ENSG00000284615.1,0.9208624593744459,0.9874506284859019,AL078582.1
ENSG00000187123.15,0.3918353397819242,0.8409678168383927,LYPD6
ENSG00000222057.1,0.09883978251092204,0.6244867620898755,RNU4-62P
ENSG00000120915.14,0.26029742616134505,0.7628575920475136,EPHX2
ENSG00000204516.10,0.4648425958259983,0.866995014270197,MICB
ENSG00000140285.12,0.38925971300768725,0.8405196615077124,FGF7
ENSG00000197561.7,0.5772855784250509,0.9070406342289169,ELANE
ENSG00000048740.18,0.26940504185519315,0.7699844721063297,CELF2
ENSG00000139239.7,0.14457954911976428,0.6702993118382483,RPL14P1
ENSG00000230487.8,0.664518101078666,0.9347924914693666,PSMG3-AS1
ENSG00000250056.8,0.7555367938356816,0.9526315975113622,LINC01018
ENSG00000157240.4,0.7448394452242659,0.9497408601738444,FZD1
ENSG00000137819.14,0.3931466432469928,0.8410443497529722,PAQR5
ENSG00000109452.12,0.5176509852956314,0.8870492404004429,INPP4B
ENSG00000167964.13,0.39706257749482565,0.8418423607478821,RAB26
ENSG00000211804.3,0.041127142781395884,0.49678863018942077,TRDV1
ENSG00000005187.12,0.8818231232685698,0.9810384579872625,ACSM3
ENSG00000115138.11,0.27353439680225594,0.7713081423094224,POMC
ENSG00000252671.1,0.554333709408048,0.9035268196516303,Y_RNA
ENSG00000269190.6,0.33276599569366777,0.8054859623092716,FBXO17
ENSG00000133687.16,0.8357169190434071,0.9715926353890115,TMTC1
ENSG00000173281.5,0.2929483274489755,0.7841917201970101,PPP1R3B
ENSG00000214708.4,0.560349934648632,0.9035268196516303,AC116407.1
ENSG00000065534.19,0.3045234931306194,0.7901040446884374,MYLK
ENSG00000162873.15,0.3661385669818895,0.8243058121997366,KLHDC8A
ENSG00000262001.1,0.04465090635320849,0.5099223044203635,DLGAP1-AS2
ENSG00000262943.7,0.9226286716505715,0.9876697076255315,ALOX12P2
ENSG00000101049.17,0.5705043162510491,0.9041905959309144,SGK2
ENSG00000253626.3,0.8958566911062027,0.9849234764572464,EIF5AL1
ENSG00000239911.2,0.12259409375878892,0.6575903912309904,PRKAG2-AS1
ENSG00000272894.5,0.24894910654306202,0.7530353471340805,AC004982.2
ENSG00000233392.5,0.2770634129293702,0.7729256421458272,UICLM
ENSG00000250451.5,0.05351516399328747,0.5279196495925287,HOXC-AS1
ENSG00000260260.1,0.25451463528003415,0.7572932772190727,SNHG19
ENSG00000226221.1,0.4010495180839183,0.8444215855014771,RPL26P19
ENSG00000095383.20,0.9401618265205366,0.9887160274093667,TBC1D2
ENSG00000123685.9,0.3010647180524015,0.7878478351615926,BATF3
ENSG00000251008.1,0.6833786924665853,0.9390447601421359,ORAOV1P1
ENSG00000128311.14,0.4214047013438582,0.8523476429387656,TST
ENSG00000100721.11,0.8905588008860128,0.9849234764572464,TCL1A
ENSG00000104341.17,0.7438981105741986,0.9497408601738444,LAPTM4B
ENSG00000173198.6,0.2550824696419064,0.7572932772190727,CYSLTR1
ENSG00000135454.14,0.08789938632772266,0.6015457757754022,B4GALNT1
ENSG00000204634.13,0.28751560567084944,0.780571129365233,TBC1D8
ENSG00000179799.9,0.504871400975291,0.8806972250572762,OR7E22P
ENSG00000241529.3,0.8900203238550405,0.9849234764572464,RN7SL767P
ENSG00000249780.1,0.2450128898502017,0.7508183930972546,AC093809.1
ENSG00000184384.14,0.447635046395116,0.8598988221012636,MAML2
ENSG00000207181.1,0.6899521481453106,0.9398816825207783,SNORA14B
ENSG00000170425.3,0.2467857689640932,0.7521281195487424,ADORA2B
ENSG00000183840.7,0.6862984994101563,0.9392997169882443,GPR39
ENSG00000136960.13,0.3263007745013788,0.805154585403318,ENPP2
ENSG00000253247.1,0.029677482344882933,0.47296201250629416,IGHV3-76
ENSG00000177606.8,0.9796659589615702,0.9969839627241234,JUN
ENSG00000202522.1,0.8338143015171919,0.9714795083596443,Y_RNA
ENSG00000199906.1,0.19262913407807236,0.7127638121862945,RNU5B-2P
ENSG00000125266.8,0.34856676744327175,0.8131787406907613,EFNB2
ENSG00000186407.7,0.29631104875216385,0.7854825845156927,CD300E
ENSG00000255198.4,0.17599758347462585,0.6927142473482991,SNHG9
ENSG00000221978.12,0.6014250633176473,0.9144477008935308,CCNL2
ENSG00000114790.13,0.20263566079421474,0.7203845938902042,ARHGEF26
ENSG00000167613.16,0.9129044926298322,0.9874506284859019,LAIR1
ENSG00000085514.16,0.7498528510561169,0.9508393799060411,PILRA
ENSG00000244682.7,0.6177575764911538,0.9208522890139409,FCGR2C
ENSG00000112290.13,0.22292866883818757,0.7356606833117714,WASF1
ENSG00000162894.12,0.04469937117568398,0.5099223044203635,FCMR
ENSG00000112208.11,0.15117824118107256,0.6748419231051264,BAG2
ENSG00000101255.11,0.7953561231341544,0.961891359147811,TRIB3
ENSG00000263316.1,0.6958884827921483,0.9424247357938722,AC027763.2
ENSG00000187726.9,0.8930487706130689,0.9849234764572464,DNAJB13
ENSG00000020633.19,0.860453275669445,0.9767825170272918,RUNX3
ENSG00000101000.6,0.9805614693140899,0.9970455072240391,PROCR
ENSG00000064300.9,0.9951333398692107,0.9995597017000601,NGFR
ENSG00000185630.19,0.5181113400433277,0.8872231470245763,PBX1
ENSG00000126803.9,0.023845362105613367,0.45446155147114187,HSPA2
ENSG00000233476.3,0.7281371943475199,0.944965579538783,EEF1A1P6
ENSG00000106772.18,0.09158984487408055,0.6095470036770904,PRUNE2
ENSG00000197892.13,0.7364227783692435,0.9471628153863872,KIF13B
ENSG00000101577.10,0.045022522279408964,0.5099223044203635,LPIN2
ENSG00000199172.3,0.2804542743437273,0.7770204238384879,MIR331
ENSG00000167191.12,0.1822702164394342,0.7032962985541095,GPRC5B
ENSG00000180354.16,0.33026931590189335,0.8052370663303848,MTURN
ENSG00000162598.13,0.1882418708290146,0.7096758506147332,C1orf87
ENSG00000185761.11,0.019856346922005316,0.4534808673388542,ADAMTSL5
ENSG00000137841.12,0.6418365481309313,0.928523436766732,PLCB2
ENSG00000228288.7,0.40420714302729377,0.8462583743948848,PCAT6
ENSG00000175841.8,0.7701424121051111,0.9563717850694351,FAM172BP
ENSG00000275180.1,0.21944017182141845,0.7320842509942724,AC048341.2
ENSG00000140398.14,0.2876179526814024,0.780571129365233,NEIL1
ENSG00000275888.1,0.5758952769299126,0.9065982244706933,AC132872.3
ENSG00000203875.13,0.657825464323517,0.9325338476798936,SNHG5
ENSG00000223274.6,0.5450280242551659,0.8994501775504316,RNA5SP498
ENSG00000092964.18,0.13360002248137282,0.664923805199414,DPYSL2
ENSG00000129295.9,0.7676405636695146,0.9562262769489545,LRRC6
ENSG00000201499.1,0.2078216919623423,0.7244173771688763,RNU6-312P
ENSG00000245694.10,0.3306117438333478,0.8052370663303848,CRNDE
ENSG00000267530.3,0.9322524415697144,0.9876697076255315,LINC01836
ENSG00000101224.17,0.1517119561418581,0.6755326522433247,CDC25B
ENSG00000061656.10,0.19650207840645761,0.7165676690589909,SPAG4
ENSG00000173898.14,0.4528692878060647,0.8600080546187959,SPTBN2
ENSG00000133026.13,0.49101195176115287,0.8743233514074497,MYH10
ENSG00000147459.18,0.5467620433446463,0.8994501775504316,DOCK5
ENSG00000205869.2,0.4542589473653196,0.8600496595270013,KRTAP5-1
ENSG00000106025.9,0.4207508374413298,0.852182583377995,TSPAN12
ENSG00000010310.9,0.19062965800445947,0.7103139405117631,GIPR
ENSG00000130592.17,0.8458103920549622,0.9744189049162179,LSP1
ENSG00000164659.15,0.8758030171358604,0.9789570308156941,ELAPOR2
ENSG00000181031.16,0.5377435360953208,0.8957433694256903,RPH3AL
ENSG00000166963.13,0.44524499222381586,0.8598988221012636,MAP1A
ENSG00000279041.1,0.5163584950605524,0.8853053511729732,AC102945.2
ENSG00000049249.9,0.6189665385879835,0.9208522890139409,TNFRSF9
ENSG00000268119.6,0.3723702917677746,0.8292367702373584,AC010615.2
ENSG00000168502.17,0.08804927867704337,0.6015457757754022,MTCL1
ENSG00000114013.16,0.23172548301892504,0.74419349195278,CD86
ENSG00000271916.1,0.28888419589187,0.7820239526025639,AC012467.1
ENSG00000254827.6,0.5746572614545662,0.9063960057339171,SLC22A18AS
ENSG00000231414.1,0.6361460067811079,0.9254947422546558,RPL39P15
ENSG00000238961.1,0.918724353129221,0.9874506284859019,SNORA47
ENSG00000120820.12,0.9577663346560232,0.9915960002124418,GLT8D2
ENSG00000212541.1,0.8305871957062898,0.9709332612582274,RNU6-510P
ENSG00000176399.4,0.6814080612521152,0.9385116734699985,DMRTA1
ENSG00000104490.18,0.03865512174293648,0.49106991772126546,NCALD
ENSG00000149564.12,0.5791688001705516,0.9070406342289169,ESAM
ENSG00000268620.1,0.2892051287325913,0.7820260883527144,AC078899.3
ENSG00000188549.12,0.5017918240727357,0.8794891790598558,CCDC9B
ENSG00000106211.10,0.344664699317501,0.8110436818481109,HSPB1
ENSG00000164458.10,0.7103565651716208,0.9437001604195177,TBXT
ENSG00000111913.20,0.20159207045273642,0.7190224570746158,RIPOR2
ENSG00000164574.16,0.5121519619197981,0.8843313727975557,GALNT10
ENSG00000072694.21,0.13858383118422726,0.6685028197790133,FCGR2B
ENSG00000172215.6,0.045473291440484925,0.5099223044203635,CXCR6
ENSG00000112655.16,0.43944742591424346,0.8582249401666611,PTK7
ENSG00000235568.7,0.4541198179780145,0.8600496595270013,NFAM1
ENSG00000266869.2,0.9470233948609216,0.9892711336977343,AC005993.1
ENSG00000140057.9,0.6039727822519106,0.9160929448921598,AK7
ENSG00000145147.20,0.501662505657638,0.8794891790598558,SLIT2
ENSG00000197191.6,0.8195337167000976,0.9683758068252137,CYSRT1
ENSG00000104894.12,0.22804170805881704,0.7420032541115766,CD37
ENSG00000276180.1,0.020793515195861104,0.4534808673388542,H4C9
ENSG00000085117.12,0.5593141017648933,0.9035268196516303,CD82
ENSG00000172915.18,0.13034012353024074,0.6638701720052829,NBEA
ENSG00000125726.11,0.6963359614796805,0.9424247357938722,CD70
ENSG00000147676.14,0.36754697040873685,0.824999017007125,MAL2
ENSG00000169083.18,0.5626500621927718,0.9035268196516303,AR
ENSG00000250328.6,0.44318383079412504,0.8596331784162651,MGC32805
ENSG00000211785.1,0.014286862152826922,0.4296923179804599,TRAV12-1
ENSG00000170965.10,0.4634984206689542,0.8663214809762353,PLAC1
ENSG00000180061.10,0.384913554629043,0.8384132201295119,TMEM150B
ENSG00000256564.1,0.33479287481400866,0.8054859623092716,AC007552.2
ENSG00000124216.4,0.19879881975356192,0.7167313718939021,SNAI1
ENSG00000267121.6,0.8620510538654707,0.9767825170272918,AC008105.3
ENSG00000167123.19,0.2400516794666197,0.7485579798110306,CERCAM
ENSG00000144152.13,0.5473586913833872,0.9001262471606222,FBLN7
ENSG00000204103.4,0.471504125934892,0.8691674752144012,MAFB
ENSG00000078053.17,0.6302896664431543,0.92367383691023,AMPH
ENSG00000258949.1,0.16775906903077964,0.690957857971743,AL049870.3
ENSG00000120594.17,0.1324199906944727,0.6644572316236499,PLXDC2
ENSG00000185860.13,0.5450449684244253,0.8994501775504316,CCDC190
ENSG00000260279.4,0.8073836096301812,0.9651433907711591,AC137932.1
ENSG00000132639.13,0.0924989058886243,0.6097852055808355,SNAP25
ENSG00000184925.12,0.9183856409144107,0.9874506284859019,LCN12
ENSG00000076706.17,0.1966161892012671,0.7165676690589909,MCAM
ENSG00000118513.19,0.6601933909923562,0.9331066559292748,MYB
ENSG00000131797.12,0.5656203241577042,0.904032484155878,CLUHP3
ENSG00000166833.22,0.24076778425194517,0.7485579798110306,NAV2
ENSG00000158286.13,0.42630493965845684,0.8540295924990163,RNF207
ENSG00000151364.17,0.6260909097371201,0.9233456880220914,KCTD14
ENSG00000211888.2,0.03153165326455767,0.4756355531207096,TRAJ1
ENSG00000151892.15,0.27874419003732576,0.7757873601275705,GFRA1
ENSG00000158014.15,0.42911838304244976,0.8548822604941004,SLC30A2
ENSG00000267541.1,0.6195458912746279,0.9208522890139409,MTCO2P2
ENSG00000164342.13,0.20826391044366963,0.7244173771688763,TLR3
ENSG00000168785.8,0.4065765759619462,0.846432217161211,TSPAN5
ENSG00000093072.18,0.004056942620923652,0.3642012503073679,ADA2
ENSG00000169692.13,0.5648071093972888,0.9035459161481156,AGPAT2
ENSG00000089012.14,0.1188275631176727,0.656774723931987,SIRPG
ENSG00000183484.12,0.9873640587308121,0.9980894191131915,GPR132
ENSG00000215030.5,0.1291634307460398,0.6620855760341555,RPL13P12
ENSG00000177098.9,0.8792886851631958,0.9798437734620014,SCN4B
ENSG00000183111.12,0.13287808490233785,0.6644572316236499,ARHGEF37
ENSG00000227195.11,0.19586718060110545,0.7165676690589909,MIR663AHG
ENSG00000118307.20,0.8948036762183562,0.9849234764572464,CFAP94
ENSG00000178464.6,0.9012779964274534,0.9849234764572464,RPL10P16
ENSG00000105278.12,0.07183396519914856,0.5684862287806207,ZFR2
ENSG00000171847.11,0.8441783193033657,0.9738151532287622,FAM90A1
ENSG00000205129.8,0.9312330752066664,0.9876697076255315,C4orf47
ENSG00000100156.10,0.8016153192958176,0.9623417940428617,SLC16A8
ENSG00000263266.2,0.2528602607249981,0.7566075051649237,RPS7P1
ENSG00000252202.1,0.45257650749565204,0.8600080546187959,Y_RNA
ENSG00000233609.3,0.5159693598702713,0.8853053511729732,RPL10P19
ENSG00000261469.1,0.2941782810121606,0.7841917201970101,AC020978.4
ENSG00000263946.1,0.6310421026139628,0.92367383691023,AC015818.3
ENSG00000239713.9,0.6182133252175817,0.9208522890139409,APOBEC3G
ENSG00000277476.1,0.3200821100986362,0.8011233444011248,AC005332.5
ENSG00000196177.13,0.232108948810785,0.7443753129172285,ACADSB
ENSG00000230006.7,0.06255816285158962,0.5534296386446361,ANKRD36BP2
ENSG00000010327.10,0.27646887444345086,0.7724186559429419,STAB1
ENSG00000232546.1,0.5109006044518164,0.8836086563733823,AC027644.1
ENSG00000214401.4,0.22065600747479938,0.7343186952520164,KANSL1-AS1
ENSG00000240006.1,0.9690894818895666,0.9954060607128111,LINC02004
ENSG00000178860.8,0.7090135621216729,0.9436811839781982,MSC
ENSG00000187116.14,0.8145137231214348,0.9678238771053851,LILRA5
ENSG00000144369.13,0.2491896205309848,0.7531596284340898,FAM171B
ENSG00000188483.8,0.015287344115049657,0.4374080164244873,IER5L
ENSG00000130224.15,0.858202429794184,0.9767825170272918,LRCH2
ENSG00000185133.14,0.008887736402399437,0.422343717894382,INPP5J
ENSG00000239887.6,0.034863316616364506,0.4894209537641177,C1orf226
ENSG00000006740.17,0.13749069285289003,0.667794102766811,ARHGAP44
ENSG00000148082.10,0.36379933149324706,0.8235807736994303,SHC3
ENSG00000182326.15,0.46270928769010033,0.8657087137718055,C1S
ENSG00000100196.11,0.1377176132709182,0.667794102766811,KDELR3
ENSG00000222898.1,0.7868790861071626,0.9608714494139055,RN7SKP97
ENSG00000170017.12,0.7928817039128814,0.9609245482591051,ALCAM
ENSG00000199687.1,0.06898763540635233,0.5642095455736198,RNU1-38P
ENSG00000235890.2,0.4585630187666633,0.8630105825468253,TSPEAR-AS1
ENSG00000200394.1,0.08156228937671982,0.5843819827625487,SNORA38B
ENSG00000207973.1,0.3974889710539089,0.8418423607478821,MIR589
ENSG00000147454.14,0.43380062021042587,0.855072204492913,SLC25A37
ENSG00000253304.2,0.5144821871601849,0.8853053511729732,TMEM200B
ENSG00000139631.19,0.8596890909642794,0.9767825170272918,CSAD
ENSG00000257894.2,0.6448068898904973,0.9288737868649792,AC027288.3
ENSG00000095303.17,0.01973180385465415,0.4534808673388542,PTGS1
ENSG00000112530.11,0.5368017621440241,0.8952903067276845,PACRG
ENSG00000121236.21,0.004963961847506117,0.39684372437209603,TRIM6
ENSG00000071575.11,0.22304372232862837,0.7357280415427233,TRIB2
ENSG00000222317.1,0.08061614900877914,0.5802308814007671,RNA5SP118
ENSG00000131378.14,0.04394510352598594,0.5099223044203635,RFTN1
ENSG00000259225.7,0.3501551672195853,0.8131787406907613,LINC02345
ENSG00000089472.16,0.661929949133774,0.9331066559292748,HEPH
ENSG00000259318.1,0.8727492600816801,0.9783838026122388,HMGN1P1
ENSG00000251381.8,0.34724657830917194,0.8129392830591825,LINC00958
ENSG00000177469.13,0.5159698954482947,0.8853053511729732,CAVIN1
ENSG00000006756.16,0.8468401770162084,0.9746438889486686,ARSD
ENSG00000109929.10,0.4022280503732216,0.845005771821153,SC5D
ENSG00000118515.11,0.3087712881171403,0.7952656765963484,SGK1
ENSG00000078589.13,0.00929270896155115,0.422343717894382,P2RY10
ENSG00000177283.7,0.28460980235661804,0.778045611914473,FZD8
ENSG00000221926.13,0.39165932566547446,0.8409678168383927,TRIM16
ENSG00000235269.2,0.41904683096756856,0.8510138334903893,LINC02331
ENSG00000166033.13,0.31723759256005396,0.7991558462261232,HTRA1
ENSG00000125810.10,0.2186785960285042,0.7318699959742615,CD93
ENSG00000232815.1,0.4525640892246223,0.8600080546187959,DUX4L50
ENSG00000197446.9,0.199162522809456,0.7167313718939021,CYP2F1
ENSG00000058668.15,0.6418667701947522,0.928523436766732,ATP2B4
ENSG00000121653.11,0.8614498271338591,0.9767825170272918,MAPK8IP1
ENSG00000149781.13,0.27821317140396695,0.7748824597906263,FERMT3
ENSG00000228929.1,0.11485095283851084,0.650767218447436,RPS13P2
ENSG00000198053.12,0.3793226542841013,0.8356278413605698,SIRPA
ENSG00000039068.19,0.1853328493154536,0.7067683164022746,CDH1
ENSG00000188931.4,0.9402176938272132,0.9887160274093667,CFAP126
ENSG00000286646.1,0.2722024934400866,0.7705023171721327,AL121933.2
ENSG00000216775.3,0.5316094543798164,0.8938816911342454,AL109918.1
ENSG00000163072.16,0.9747041814183806,0.9954693447410445,NOSTRIN
ENSG00000159247.13,0.6136450046916516,0.9208522890139409,TUBBP5
ENSG00000280587.1,0.22748294414140816,0.7408444690626698,LINC01348
ENSG00000141338.14,0.24911031822155769,0.7531596284340898,ABCA8
ENSG00000121281.13,0.9205708189653165,0.9874506284859019,ADCY7
ENSG00000212664.5,0.4173731797803767,0.8508898477243562,AC064799.1
ENSG00000231226.1,0.5134800153648116,0.8853053511729732,TRIM31-AS1
ENSG00000103942.13,0.045174256189821384,0.5099223044203635,HOMER2
ENSG00000133466.14,0.0004279528581554887,0.3251137189732896,C1QTNF6
ENSG00000276103.1,0.4343369357043131,0.8553623342892931,U4
ENSG00000143434.16,0.9750744503075979,0.9957189390566873,SEMA6C
ENSG00000168010.11,0.5640018432935998,0.9035268196516303,ATG16L2
ENSG00000166510.14,0.8622662276267576,0.9767825170272918,CCDC68
ENSG00000129173.13,0.027348010425290524,0.4654252977694876,E2F8
ENSG00000206538.9,0.7863449610520017,0.9608714494139055,VGLL3
ENSG00000196584.3,0.15046216334043142,0.674538134352904,XRCC2
ENSG00000276170.4,0.2672260652420523,0.7678582761200466,AC244153.1
ENSG00000088305.18,0.21874333421422396,0.7318699959742615,DNMT3B
ENSG00000228314.1,0.5936945722022151,0.9101015632014577,CYP4F29P
ENSG00000106070.20,0.16073067698565932,0.6838929581569986,GRB10
ENSG00000149294.17,0.07378978592923677,0.5697943248310305,NCAM1
ENSG00000180694.14,0.3123415601637142,0.7959477258037949,TMEM64
ENSG00000170955.10,0.15335644747589336,0.6777493687304476,CAVIN3
ENSG00000226179.6,0.6002941397531754,0.9144477008935308,LINC00685
ENSG00000275022.1,0.6533393712058272,0.930956497700324,MIR6753
ENSG00000167608.12,0.2413647731118212,0.7485579798110306,TMC4
ENSG00000176720.6,0.6883479414859596,0.9397363163883224,BOK
ENSG00000173706.14,0.48834988849150984,0.8731283658115034,HEG1
ENSG00000196301.3,0.21243318621583615,0.7280530775421421,HLA-DRB9
ENSG00000168615.13,0.701178059837347,0.943251437638336,ADAM9
ENSG00000202461.1,0.19022359121268345,0.7103139405117631,Y_RNA
ENSG00000286299.1,0.5973782485407262,0.9126767935927782,AL121938.1
ENSG00000182472.9,0.6270349553935383,0.923570100785026,CAPN12
ENSG00000279672.1,0.4430643125850353,0.8596331784162651,AP006621.5
ENSG00000234268.1,0.7248425999187158,0.9442459796555969,AP000936.3
ENSG00000185189.18,0.5055509732689412,0.8808364294943253,NRBP2
ENSG00000203814.6,0.7447611916455772,0.9497408601738444,H2BC18
ENSG00000275223.1,0.19873414083605362,0.7167313718939021,AL121906.2
ENSG00000273142.1,0.5700636911607351,0.9041905959309144,LINC02604
ENSG00000259459.6,0.05628661763204661,0.5370653141972119,LINC02568
ENSG00000198826.11,0.0051585010480654885,0.39684372437209603,ARHGAP11A
ENSG00000085999.13,0.7296052439162524,0.9449985659619017,RAD54L
ENSG00000272622.2,0.2951899456439187,0.7841917201970101,AC010735.2
ENSG00000126259.20,0.6919001307750905,0.940357131073342,KIRREL2
ENSG00000099864.18,0.4386547066889199,0.8582249401666611,PALM
ENSG00000151498.12,0.36447402667621176,0.8235807736994303,ACAD8
ENSG00000278267.1,0.04043568290618349,0.49588566168668435,MIR6859-1
ENSG00000149809.16,0.04364280552167644,0.5099181560952151,TM7SF2
ENSG00000175489.10,0.5048467243847101,0.8806972250572762,LRRC25
ENSG00000143816.8,0.7128655749379205,0.9440985964911512,WNT9A
ENSG00000118971.9,0.28107781821312505,0.777282484252833,CCND2
ENSG00000100350.15,0.7272983153690636,0.944721743596785,FOXRED2
ENSG00000116819.8,0.822961502379566,0.9683758068252137,TFAP2E
ENSG00000088280.19,0.26193755969184934,0.7643131248871688,ASAP3
ENSG00000270467.1,0.9652203191709121,0.9943598867954815,IGHV3OR16-12
ENSG00000176771.17,0.13935812816930326,0.6687186348147438,NCKAP5
ENSG00000069702.11,0.41250196086104296,0.849345677191902,TGFBR3
ENSG00000109576.14,0.4825558207727233,0.8719141432457757,AADAT
ENSG00000150051.14,0.7035561826648982,0.9433377204586122,MKX
ENSG00000214872.8,0.5593693086430671,0.9035268196516303,SMTNL1
ENSG00000171877.21,0.44878703319598434,0.8598988221012636,FRMD5
ENSG00000138778.13,0.033787526048812654,0.48557511711515106,CENPE
ENSG00000137960.6,0.43009073715555535,0.8550559007103367,GIPC2
ENSG00000099849.15,0.9612917999618221,0.9931237907387512,RASSF7
ENSG00000145860.12,0.3829600433792767,0.838267046379356,RNF145
ENSG00000231322.5,0.12287864013875842,0.6575903912309904,RPL13AP17
ENSG00000021762.20,0.06268937499691453,0.5534296386446361,OSBPL5
ENSG00000119915.5,0.9777043218736494,0.9969839627241234,ELOVL3
ENSG00000136999.5,0.8676284285264338,0.9781922124326025,CCN3
ENSG00000177989.13,0.9245903536808572,0.9876697076255315,ODF3B
ENSG00000265107.3,0.2816007512690131,0.777282484252833,GJA5
ENSG00000251739.1,0.4705150010485821,0.8686029686938693,RNU6-1053P
ENSG00000163032.12,0.14463956741076991,0.6702993118382483,VSNL1
ENSG00000000938.13,0.673157807099867,0.9382208983470575,FGR
ENSG00000233328.3,0.48498077162396036,0.8719141432457757,PFN1P1
ENSG00000200502.1,0.5863758180243033,0.9076064088245793,Y_RNA
ENSG00000170523.3,0.29869696000749757,0.7873501442511079,KRT83
ENSG00000206190.12,0.9447597183223672,0.9892711336977343,ATP10A
ENSG00000135047.16,0.12380220301959168,0.6575903912309904,CTSL
ENSG00000169255.15,0.3133254009998997,0.7968912623852751,B3GALNT1
ENSG00000278869.1,0.5404644699396467,0.8964298505394434,BX539320.1
ENSG00000175061.18,0.14945901627091407,0.674538134352904,SNHG29
ENSG00000129116.19,0.2548420908775763,0.7572932772190727,PALLD
ENSG00000112378.12,0.003670092883339135,0.3642012503073679,PERP
ENSG00000135052.16,0.18981139370941794,0.7103139405117631,GOLM1
ENSG00000131187.10,0.3382074929225355,0.8065126189054084,F12
ENSG00000205755.12,0.76451876217841,0.9550529641747129,CRLF2
ENSG00000186204.15,0.6817853026235148,0.9385116734699985,CYP4F12
ENSG00000172817.4,0.6993613008810498,0.9431477051501473,CYP7B1
ENSG00000196083.10,0.1433198474544661,0.6696621171687488,IL1RAP
ENSG00000164050.13,0.6924213090644196,0.9405894821740612,PLXNB1
ENSG00000137473.18,0.8893869507608502,0.9849234764572464,TTC29
ENSG00000188060.7,0.7553873964513296,0.9526315975113622,RAB42
ENSG00000273542.2,0.9481449747613394,0.9898148014203767,H4C12
ENSG00000269855.2,0.3079003462758326,0.7938369423213286,RNF225
ENSG00000171450.6,0.8461243200418382,0.9746386153387128,CDK5R2
ENSG00000113504.21,0.650230350637061,0.9303376608044333,SLC12A7
ENSG00000130881.14,0.5875088781343238,0.9076064088245793,LRP3
ENSG00000171649.12,0.5072981317622216,0.8815308045340889,ZIK1
ENSG00000112149.10,0.48397669729228676,0.8719141432457757,CD83
ENSG00000161405.17,0.11631021451455206,0.6537678536470838,IKZF3
ENSG00000140807.7,0.2682363323648971,0.7691175934756154,NKD1
ENSG00000182175.14,0.48220368570019057,0.8719141432457757,RGMA
ENSG00000110013.13,0.8751214074852733,0.978818292930578,SIAE
ENSG00000280099.1,0.47393064917730265,0.8708323733680406,AL603750.1
ENSG00000276830.1,0.8926809804832694,0.9849234764572464,MIR6730
ENSG00000171617.14,0.9654467674575598,0.9943598867954815,ENC1
ENSG00000253522.6,0.8862259536564604,0.9837282196776034,MIR3142HG
ENSG00000131055.5,0.780287886583498,0.958918779857855,COX4I2
ENSG00000267296.2,0.8753586273518505,0.978818292930578,CEBPA-DT
ENSG00000162104.10,0.4218440704331814,0.8523476429387656,ADCY9
ENSG00000108379.10,0.5041561237453515,0.8806972250572762,WNT3
ENSG00000185862.7,0.04547232906085107,0.5099223044203635,EVI2B
ENSG00000181350.12,0.4966487925152502,0.8768203004666563,LRRC75A
ENSG00000144045.14,0.4100019546998773,0.848883749929601,DQX1
ENSG00000234741.8,0.17939306017615309,0.6983263316896511,GAS5
ENSG00000143842.15,0.6788806998230291,0.9385116734699985,SOX13
ENSG00000075702.18,0.32304451569848214,0.8036388314342652,WDR62
ENSG00000228253.1,0.5004972925008792,0.878981701527965,MT-ATP8
ENSG00000165105.10,0.04106864840604841,0.49678863018942077,RASEF
ENSG00000173918.15,0.7922740476100242,0.9608843478373644,C1QTNF1
ENSG00000269416.6,0.8680606023229651,0.9781922124326025,LINC01224
ENSG00000117560.8,0.03481881912187996,0.4894209537641177,FASLG
ENSG00000149527.18,0.3111366421236266,0.7955355439635531,PLCH2
ENSG00000255306.1,0.6448538283680594,0.9288737868649792,AC004923.4
ENSG00000258919.1,0.5010803509677881,0.879419919271179,AL049836.1
ENSG00000201643.1,0.5098754321915182,0.8832342440599988,SNORA14A
ENSG00000213214.5,0.19992677984602325,0.7181402209351381,ARHGEF35
ENSG00000175463.12,0.14542296017807496,0.6702993118382483,TBC1D10C
ENSG00000164683.18,0.42636698619198676,0.8540295924990163,HEY1
ENSG00000243650.3,0.7324733835798476,0.9460300612674954,RN7SL834P
ENSG00000165730.16,0.06200614096852014,0.5511255495908903,STOX1
ENSG00000198743.7,0.4528398731147534,0.8600080546187959,SLC5A3
ENSG00000261762.1,0.29437116652265205,0.7841917201970101,AC027228.2
ENSG00000229646.2,0.04305105681658763,0.5082594916704599,AL109914.1
ENSG00000253520.1,0.5385393099644129,0.8962436233575649,AC136628.3
ENSG00000088826.18,0.14276502788896858,0.6696621171687488,SMOX
ENSG00000113369.9,0.40782708446543925,0.8473633407201534,ARRDC3
ENSG00000105559.12,0.570158065346831,0.9041905959309144,PLEKHA4
ENSG00000111885.7,0.09652914121968144,0.6184717927612828,MAN1A1
ENSG00000184139.8,0.4003753571310287,0.8444215855014771,RPL7AP28
ENSG00000184709.7,0.5327545347749503,0.8938816911342454,LRRC26
ENSG00000132182.12,0.5488636329580683,0.9011632638189228,NUP210
ENSG00000100065.15,0.9866901257894287,0.9979803538523901,CARD10
ENSG00000173852.15,0.016543587999119737,0.4374080164244873,DPY19L1
ENSG00000004399.13,0.051995654201052545,0.5249333640725932,PLXND1
ENSG00000179715.13,0.9138338656075565,0.9874506284859019,PCED1B
ENSG00000198185.11,0.7469195910361801,0.9499217968867156,ZNF334
ENSG00000257512.1,0.06609647201903557,0.5565737045693097,AC124947.2
ENSG00000253428.1,0.7891876586970032,0.9608714494139055,LINC01942
ENSG00000241556.1,0.8400386619871985,0.9726182279937213,AC018475.1
ENSG00000275557.1,0.4827740962045819,0.8719141432457757,AC242842.1
ENSG00000146700.9,0.6762286898651382,0.9385116734699985,SSC4D
ENSG00000132334.17,0.3732782531242349,0.829952222041235,PTPRE
ENSG00000169495.5,0.008992676799598314,0.422343717894382,HTRA4
ENSG00000266402.3,0.40009067547279764,0.8444215855014771,SNHG25
ENSG00000205403.13,0.13484534173145743,0.6669675570528997,CFI
ENSG00000114315.4,0.13329667557370706,0.6648024614048064,HES1
ENSG00000132854.19,0.4348788868221136,0.8561204566358683,KANK4
ENSG00000269028.3,0.3049225027056218,0.7905398218293899,MTRNR2L12
ENSG00000166869.3,0.43842069120701166,0.8582249401666611,CHP2
ENSG00000189143.9,0.2581515874512111,0.7617430548697861,CLDN4
ENSG00000274620.1,0.5053984975206902,0.8808364294943253,MIR378J
ENSG00000201207.1,0.7892538632388155,0.9608714494139055,Y_RNA
ENSG00000126822.17,0.07440149895863721,0.5697943248310305,PLEKHG3
ENSG00000176244.7,0.24596450905199424,0.7514790523759268,ACBD7
ENSG00000183826.18,0.13309263207105326,0.6644572316236499,BTBD9
ENSG00000145248.7,0.4211839458135721,0.8523476429387656,SLC10A4
ENSG00000212916.4,0.8417229293166792,0.9729543438307586,MAP10
ENSG00000167280.17,0.46052508691670235,0.86464596190627,ENGASE
ENSG00000198763.3,0.2948256892835835,0.7841917201970101,MT-ND2
ENSG00000146530.14,0.724177245684614,0.9442459796555969,VWDE
ENSG00000171385.10,0.15737415678802,0.6806689919609344,KCND3
ENSG00000105246.6,0.672447962077669,0.9380611862158953,EBI3
ENSG00000071794.16,0.5753725396313871,0.9065982244706933,HLTF
ENSG00000138606.19,0.8015148145067871,0.9623417940428617,SHF
ENSG00000244586.1,0.22952105936492018,0.7430266615775709,WNT5A-AS1
ENSG00000133256.13,0.015622616837962766,0.4374080164244873,PDE6B
ENSG00000168672.4,0.011011580861197488,0.42260216119490046,LRATD2
ENSG00000176171.11,0.3186539189894576,0.8001564140163943,BNIP3
ENSG00000143507.18,0.5162646464498016,0.8853053511729732,DUSP10
ENSG00000164850.15,0.8766121634208123,0.9791022610362363,GPER1
ENSG00000111863.13,0.820869290251546,0.9683758068252137,ADTRP
ENSG00000221923.9,0.7728863768575382,0.9563961752089646,ZNF880
ENSG00000277290.1,0.29064218231906813,0.7833492921439907,AC136475.10
ENSG00000182752.10,0.26718500981426585,0.7678582761200466,PAPPA
ENSG00000173156.7,0.02215526387832981,0.45446155147114187,RHOD
ENSG00000120693.14,0.010397571186756339,0.422343717894382,SMAD9
ENSG00000153086.14,0.29941696991074784,0.7878478351615926,ACMSD
ENSG00000274602.5,0.18362801615528052,0.7057811505287993,PI4KAP1
ENSG00000213598.4,0.12504193045545267,0.6582002079982514,AL049873.1
ENSG00000184381.20,0.6221211577123391,0.9212978468663946,PLA2G6
ENSG00000128284.19,0.8269905590367672,0.9697365889343389,APOL3
ENSG00000106462.11,0.5210784795887009,0.888161118877656,EZH2
ENSG00000013619.14,0.7681790726221831,0.9563717850694351,MAMLD1
ENSG00000110876.10,0.523328793623456,0.8890744754212923,SELPLG
ENSG00000196872.12,0.6485220097678188,0.9298185784418065,CRACDL
ENSG00000198727.2,0.21390630969369906,0.7284150309160099,MT-CYB
ENSG00000091592.16,0.05180124556698067,0.5246451375605854,NLRP1
ENSG00000137434.11,0.4141864372245626,0.8496407464850337,C6orf52
ENSG00000214944.9,0.5184123398936485,0.8872231470245763,ARHGEF28
ENSG00000133424.22,0.48722094048925346,0.8726616319647593,LARGE1
ENSG00000261349.1,0.520254338890858,0.8877363166357696,AL031432.2
ENSG00000174705.13,0.9839597817643809,0.9977497183130197,SH3PXD2B
ENSG00000138316.11,0.2309597016052563,0.7432429779078834,ADAMTS14
ENSG00000273576.1,0.5863426105380034,0.9076064088245793,AC009283.1
ENSG00000230295.1,0.6307427446458996,0.92367383691023,GTF2IP23
ENSG00000074660.16,0.2615503677068907,0.7642403242927517,SCARF1
ENSG00000172164.15,0.400409047415788,0.8444215855014771,SNTB1
ENSG00000156453.14,0.727680896463383,0.9449275352710138,PCDH1
ENSG00000129757.14,0.5310123936458452,0.8938816911342454,CDKN1C
ENSG00000113805.8,0.19059036926367584,0.7103139405117631,CNTN3
ENSG00000115415.20,0.5410929192550643,0.89685358745487,STAT1
ENSG00000198886.2,0.3642299112527746,0.8235807736994303,MT-ND4
ENSG00000111261.14,0.3477095396177904,0.8131787406907613,MANSC1
ENSG00000129038.16,0.02306554081731311,0.45446155147114187,LOXL1
ENSG00000170442.12,0.09695755130066698,0.6202753040970888,KRT86
ENSG00000152642.11,0.006048816165714702,0.41653625199180777,GPD1L
ENSG00000011638.11,0.94131403886985,0.98888717134306,TMEM159
ENSG00000163874.11,0.23400354674526394,0.7454563249114128,ZC3H12A
ENSG00000200953.1,0.4523430114097976,0.8600080546187959,Y_RNA
ENSG00000013725.14,0.08031377171795233,0.5791084177657274,CD6
ENSG00000065154.12,0.06208000817768436,0.5511255495908903,OAT
ENSG00000232368.1,0.4476231643796069,0.8598988221012636,FTLP2
ENSG00000259723.1,0.739170339508147,0.9477677066336684,AL354993.2
ENSG00000138642.15,0.9113829521904302,0.9872860397490922,HERC6
ENSG00000279461.2,0.6750517187417113,0.9382208983470575,AC005480.2
ENSG00000211745.3,0.12174736775741449,0.6574794830232176,TRBV4-2
ENSG00000102010.15,0.48080908057358396,0.8719141432457757,BMX
ENSG00000163794.6,0.8574785759522446,0.9767825170272918,UCN
ENSG00000071909.19,0.9394492318433972,0.9885797730536688,MYO3B
ENSG00000107130.10,0.03158800856246299,0.4756355531207096,NCS1
ENSG00000138448.12,0.2554759365359801,0.7577107829019883,ITGAV
ENSG00000204396.11,0.6144172129965957,0.9208522890139409,VWA7
ENSG00000109846.9,0.3657779467941762,0.8238335874549925,CRYAB
ENSG00000286449.1,0.3349425385117035,0.805520506883741,AC016590.4
ENSG00000100292.18,0.42591290256444114,0.8540295924990163,HMOX1
ENSG00000122679.8,0.9457196674605699,0.9892711336977343,RAMP3
ENSG00000164035.10,0.5926692991167957,0.9099406358722543,EMCN
ENSG00000259925.1,0.4828955161662898,0.8719141432457757,AC130456.2
ENSG00000067606.17,0.10452874427735259,0.6301253749973149,PRKCZ
ENSG00000068615.19,0.769575839433573,0.9563717850694351,REEP1
ENSG00000113810.16,0.8255085197710035,0.9690644707396778,SMC4
ENSG00000145819.18,0.2631416660621438,0.7654507827544474,ARHGAP26
ENSG00000153233.13,0.9667595954866415,0.995099148131809,PTPRR
ENSG00000242600.8,0.42178494495681895,0.8523476429387656,MBL1P
ENSG00000114019.15,0.4267347931734117,0.8544132604297908,AMOTL2
ENSG00000169314.15,0.7708347928991206,0.9563961752089646,C22orf15
ENSG00000183397.5,0.9920244867151458,0.9995597017000601,C19orf71
ENSG00000203724.11,0.013891376078286641,0.42589451464824546,C1orf53
ENSG00000099256.19,0.49075271854014657,0.8743233514074497,PRTFDC1
ENSG00000146410.12,0.054931618548490574,0.533140003335657,MTFR2
ENSG00000228205.1,0.40550783648427535,0.8462583743948848,AC131235.1
ENSG00000135477.11,0.9343701228298209,0.9877707876523755,KRT87P
ENSG00000231123.1,0.36381047527110055,0.8235807736994303,SPATA20P1
ENSG00000009950.16,0.4957526028917665,0.8768203004666563,MLXIPL
ENSG00000121753.12,0.0053211683023617305,0.3970796346385027,ADGRB2
ENSG00000203780.12,0.5139616522784533,0.8853053511729732,FANK1
ENSG00000101115.13,0.4669591302351177,0.8680627299267651,SALL4
ENSG00000277493.1,0.33452489777917094,0.8054859623092716,AC139769.3
ENSG00000171219.9,0.27336429796736383,0.7711524953358945,CDC42BPG
ENSG00000197930.13,0.0032131922622555408,0.3642012503073679,ERO1A
ENSG00000166025.18,0.5799524757324113,0.9070406342289169,AMOTL1
ENSG00000102096.9,0.17324750218850898,0.6927142473482991,PIM2
ENSG00000196569.13,0.24388434820573707,0.7504382186229313,LAMA2
ENSG00000167641.11,0.31553884471317406,0.798715180800932,PPP1R14A
ENSG00000226330.1,0.026182363456455165,0.4654252977694876,AL606489.1
ENSG00000162426.16,0.6334118823319875,0.924230011223463,SLC45A1
ENSG00000277013.1,0.16674220908218612,0.6901446234957983,AC008556.1
ENSG00000020577.14,0.14733934752979336,0.6715838129166816,SAMD4A
ENSG00000154553.16,0.6571496062555162,0.9325338476798936,PDLIM3
ENSG00000186567.13,0.10148528354387581,0.6253398336816275,CEACAM19
ENSG00000226976.3,0.5672818948728771,0.9041905959309144,COX6A1P2
ENSG00000103034.14,0.26830350077259413,0.7691175934756154,NDRG4
ENSG00000019991.18,0.10597104973792754,0.63167370265788,HGF
ENSG00000007237.19,0.06098837492438958,0.5493930815422854,GAS7
ENSG00000253590.1,0.01102691362154189,0.42260216119490046,IGLV3-13
ENSG00000283429.1,0.4630360140623997,0.8660583615828129,MIR1244-3
ENSG00000206612.1,0.8299417043781747,0.9706992283944051,SNORA2A
ENSG00000104899.8,0.00680913700036374,0.41653625199180777,AMH
ENSG00000213862.4,0.5348259343015815,0.8938816911342454,AC044787.1
ENSG00000169413.3,0.0678817443730163,0.5614829381605683,RNASE6
ENSG00000244482.10,0.7261291541990759,0.9442459796555969,LILRA6
ENSG00000165959.12,0.6770287895632379,0.9385116734699985,CLMN
ENSG00000237440.9,0.5526366292263124,0.9028106760495546,ZNF737
ENSG00000013297.12,0.1653159451469272,0.6883071541372872,CLDN11
ENSG00000143184.5,0.46506171716038436,0.866995014270197,XCL1
ENSG00000091651.9,0.5480883058989471,0.9007763667691164,ORC6
ENSG00000149380.12,0.653188818930391,0.9309411815746655,P4HA3
ENSG00000081026.19,0.911199741299547,0.9872860397490922,MAGI3
ENSG00000107821.15,0.5256909467297683,0.8906645281845703,KAZALD1
ENSG00000225380.4,0.22739120639415036,0.7408444690626698,IGKV1OR9-2
ENSG00000163918.11,0.3748327200801449,0.83121020909278,RFC4
ENSG00000225032.5,0.6197270611734557,0.9208522890139409,AL162586.1
ENSG00000180353.11,0.0754506371329854,0.5698151474503798,HCLS1
ENSG00000221046.1,0.9229459321158958,0.9876697076255315,RNU6ATAC38P
ENSG00000174788.10,0.9610604054077905,0.9930748277956398,PCP2
ENSG00000201988.2,0.20866249213110902,0.7244173771688763,Y_RNA
ENSG00000202358.1,0.087657061111938,0.6015457757754022,RNU6-652P
ENSG00000259820.1,0.7552418653153445,0.9526315975113622,AC083843.2
ENSG00000068366.20,0.7938987479379002,0.9613807556933237,ACSL4
ENSG00000224550.1,0.5326075607210445,0.8938816911342454,NDUFA4P1
ENSG00000186854.11,0.5766277889074973,0.9067844553197423,TRABD2A
ENSG00000206991.1,0.6453704746329119,0.9288737868649792,RNU6-610P
ENSG00000088926.14,0.6956266749637343,0.9424247357938722,F11
ENSG00000167552.14,0.5428231428299397,0.898646098741068,TUBA1A
ENSG00000153904.21,0.9926819842192662,0.9995597017000601,DDAH1
ENSG00000231327.1,0.3784052662284273,0.8348911733209756,LINC01816
ENSG00000101400.6,0.8203131549279362,0.9683758068252137,SNTA1
ENSG00000151491.14,0.9014687415566093,0.9849234764572464,EPS8
ENSG00000163154.6,0.4319364766175463,0.855072204492913,TNFAIP8L2
ENSG00000113578.18,0.6015008075536081,0.9144477008935308,FGF1
ENSG00000124097.7,0.697792547914638,0.9424803011200346,HMGB1P1
ENSG00000165912.16,0.03918299234503204,0.49106991772126546,PACSIN3
ENSG00000099889.14,0.28139525135671273,0.777282484252833,ARVCF
ENSG00000133937.5,0.9998914810169912,0.999992258902376,GSC
ENSG00000115884.11,0.44820823957958167,0.8598988221012636,SDC1
ENSG00000140287.11,0.11359730578349896,0.6480058023419458,HDC
ENSG00000147614.4,0.11923242775806996,0.656774723931987,ATP6V0D2
ENSG00000088387.19,0.195813969793156,0.7165676690589909,DOCK9
ENSG00000259772.6,0.023153453681199473,0.45446155147114187,AC012236.1
ENSG00000260025.1,0.5947460366887793,0.9106545006210307,CRIM1-DT
ENSG00000214456.8,0.07690584582594662,0.571677324061824,PLIN5
ENSG00000134070.5,0.4367686756285475,0.8582249401666611,IRAK2
ENSG00000275234.1,0.1701396414551823,0.6922862983078663,AC010503.4
ENSG00000211454.15,0.32359265224576517,0.8039000877085435,AKR7L
ENSG00000165891.16,0.026170513629223444,0.4654252977694876,E2F7
ENSG00000128266.9,0.09049457888210871,0.6066204397944746,GNAZ
ENSG00000172232.10,0.6624677688026687,0.9331066559292748,AZU1
ENSG00000201820.1,0.494748130646939,0.8768203004666563,Y_RNA
ENSG00000100767.17,0.1313086500673618,0.664321988623461,PAPLN
ENSG00000109089.7,0.24222293112377044,0.7494582623252689,CDR2L
ENSG00000125355.16,0.43931220326844134,0.8582249401666611,TMEM255A
ENSG00000266995.1,0.4965157054771856,0.8768203004666563,AP001542.1
ENSG00000105854.13,0.4561562648712568,0.8611446432295087,PON2
ENSG00000199053.3,0.8218776638088884,0.9683758068252137,MIR324
ENSG00000162645.13,0.19862601218178216,0.7167313718939021,GBP2
ENSG00000250266.2,0.31208351999547007,0.7959477258037949,LINC01612
ENSG00000241399.7,0.0388796191557264,0.49106991772126546,CD302
ENSG00000163013.12,0.33235024047310746,0.8054859623092716,FBXO41
ENSG00000188338.15,0.08534428331571722,0.5954825140804678,SLC38A3
ENSG00000237592.2,0.9908868923674605,0.9995597017000601,IGKV1OR10-1
ENSG00000260135.7,0.16081174966617495,0.6838929581569986,MMP2-AS1
ENSG00000160654.11,0.02798485658324028,0.46736965671443764,CD3G
ENSG00000146918.20,0.14773100643233286,0.6727416585375665,NCAPG2
ENSG00000101004.15,0.4224434517612937,0.8524339340603335,NINL
ENSG00000148143.13,0.920930691770126,0.9874506284859019,ZNF462
ENSG00000114279.13,0.9080330086632593,0.9870270815175733,FGF12
ENSG00000108465.15,0.6699479501520488,0.9370978400888959,CDK5RAP3
ENSG00000270504.1,0.3375034829132673,0.8065126189054084,AL391422.4
ENSG00000200550.1,0.6253637485664939,0.9230360242257234,RNU6-137P
ENSG00000003137.8,0.35683100346938434,0.8197889158997473,CYP26B1
ENSG00000188293.6,0.34737481374716017,0.8129392830591825,IGFL1
ENSG00000117791.16,0.8083337163003412,0.9651433907711591,MTARC2
ENSG00000263345.1,0.24154917004654297,0.7485579798110306,AC006435.2
ENSG00000115165.10,0.09933652128783443,0.6244867620898755,CYTIP
ENSG00000167895.15,0.49326030982321833,0.8763901731135797,TMC8
ENSG00000198088.10,0.005995488301401316,0.41653625199180777,NUP62CL
ENSG00000249379.2,0.5468338690063244,0.8994501775504316,AL033397.2
ENSG00000213280.2,0.2923390685843744,0.7841917201970101,AC090114.1
ENSG00000272533.1,0.4462435315424381,0.8598988221012636,SNORA28
ENSG00000103489.12,0.7663122206130988,0.9555564201934101,XYLT1
ENSG00000198113.3,0.5921182761556574,0.9099406358722543,TOR4A
ENSG00000177675.9,0.15101120052924924,0.674538134352904,CD163L1
ENSG00000202399.1,0.28458330726224945,0.778045611914473,Y_RNA
ENSG00000170421.12,0.031183536639970876,0.4756355531207096,KRT8
ENSG00000263712.1,0.8109476004906774,0.9657626497863985,MIR4639
ENSG00000171992.13,0.9323964337583728,0.9876697076255315,SYNPO
ENSG00000248693.1,0.2823114483074698,0.7775360571420912,LINC02100
ENSG00000077420.16,0.03919505407819268,0.49106991772126546,APBB1IP
ENSG00000167306.20,0.1277780849601737,0.6620855760341555,MYO5B
ENSG00000218416.4,0.022645981781479925,0.45446155147114187,AC110619.1
ENSG00000166578.10,0.7249800538686337,0.9442459796555969,IQCD
ENSG00000196937.11,0.2934746222349995,0.7841917201970101,FAM3C
ENSG00000184304.16,0.8844962496929193,0.9825968797164659,PRKD1
ENSG00000134516.18,0.027673475280397476,0.46736965671443764,DOCK2
ENSG00000141232.5,0.9296362291801316,0.9876697076255315,TOB1
ENSG00000169126.16,0.5811032993047417,0.9070781322354399,ARMC4
ENSG00000243225.2,0.599856904789021,0.9144477008935308,AC007686.1
ENSG00000006377.11,0.504640958422711,0.8806972250572762,DLX6
ENSG00000007129.18,0.02352566309552692,0.45446155147114187,CEACAM21
ENSG00000080572.13,0.8537187259425818,0.9759958263052207,DNAAF6
ENSG00000121068.14,0.7868771781576301,0.9608714494139055,TBX2
ENSG00000109084.14,0.9791228244431319,0.9969839627241234,TMEM97
ENSG00000213853.10,0.32532691660434254,0.8049220864373943,EMP2
ENSG00000224520.2,0.03736661023618099,0.49106991772126546,KRT8P45
ENSG00000181847.12,0.20651363743623014,0.7240792872874913,TIGIT
ENSG00000162733.19,0.1096038900951667,0.6397722282574139,DDR2
ENSG00000109762.16,0.9590926557263364,0.9919200134143403,SNX25
ENSG00000111666.11,0.6442417761708766,0.9288737868649792,CHPT1
ENSG00000165757.9,0.630317667190106,0.92367383691023,JCAD
ENSG00000160469.17,0.40249577178972684,0.8451663272781363,BRSK1
ENSG00000154928.18,0.8035992541600738,0.9629413002780141,EPHB1
ENSG00000230629.2,0.23918052793139674,0.7485579798110306,RPS23P8
ENSG00000251720.1,0.7286140533385697,0.9449985659619017,RNU7-123P
ENSG00000140931.20,0.05442925649146455,0.5320568650823213,CMTM3
ENSG00000122694.16,0.5185486355895335,0.8872231470245763,GLIPR2
ENSG00000021488.13,0.04391130190960984,0.5099223044203635,SLC7A9
ENSG00000081923.15,0.28831976717055585,0.7820239526025639,ATP8B1
ENSG00000180900.20,0.28645520699138677,0.7787253257493141,SCRIB
ENSG00000046653.15,0.6948208022783029,0.9424247357938722,GPM6B
ENSG00000207750.1,0.12386974499799945,0.6575903912309904,MIR553
ENSG00000051180.17,0.16893024333816836,0.6919855240272451,RAD51
ENSG00000200924.1,0.3613823777886559,0.8235807736994303,RNU6-1048P
ENSG00000278108.1,0.253327657427294,0.7566075051649237,MIR6757
ENSG00000198899.2,0.01618624962089685,0.4374080164244873,MT-ATP6
ENSG00000179085.8,0.6289720314697125,0.92367383691023,DPM3
ENSG00000165633.13,0.8609919966779558,0.9767825170272918,VSTM4
ENSG00000249855.1,0.5640984407173577,0.9035268196516303,EEF1A1P19
ENSG00000211710.3,0.16511824486053314,0.6881376801089658,TRBV4-1
ENSG00000265539.1,0.3425528427336142,0.8090139116990226,MIR3164
ENSG00000256235.2,0.41553179715273647,0.8508898477243562,SMIM3
ENSG00000102384.13,0.3266260838856213,0.805154585403318,CENPI
ENSG00000114268.12,0.7005333008482701,0.9431477051501473,PFKFB4
ENSG00000211678.2,0.875152656904678,0.978818292930578,IGLJ3
ENSG00000198756.12,0.9324800728884285,0.9876697076255315,COLGALT2
ENSG00000253448.1,0.03743786899211136,0.49106991772126546,IGLV3-6
ENSG00000232803.1,0.04059132244896537,0.4959602325888798,SLCO4A1-AS1
ENSG00000272674.3,0.5156749166473977,0.8853053511729732,PCDHB16
ENSG00000270326.1,0.20263662723207385,0.7203845938902042,SMIM15P2
ENSG00000258424.1,0.9461847158459837,0.9892711336977343,AL512791.1
ENSG00000162496.9,0.8254343660981307,0.9690644707396778,DHRS3
ENSG00000245750.10,0.005088789798397174,0.39684372437209603,DRAIC
ENSG00000243802.2,0.4102759261669867,0.848883749929601,AC090589.1
ENSG00000167693.17,0.3457689390969202,0.8118568868399018,NXN
ENSG00000152580.8,0.15252653098812163,0.6767369910932969,IGSF10
ENSG00000234964.4,0.2906612101697361,0.7833492921439907,FABP5P7
ENSG00000203734.12,0.027744565309579968,0.46736965671443764,ECT2L
ENSG00000211734.3,0.024031351373862954,0.4551430556553074,TRBV5-1
ENSG00000199331.1,0.6791991198412579,0.9385116734699985,Y_RNA
ENSG00000170485.17,0.012698746316472453,0.42500769577816633,NPAS2
ENSG00000160179.19,0.7050243479227055,0.9433377204586122,ABCG1
ENSG00000171433.12,0.8180356338681154,0.9683720239294811,GLOD5
ENSG00000273096.1,0.443712226307174,0.8598988221012636,AL021707.8
ENSG00000031081.11,0.6572569924386551,0.9325338476798936,ARHGAP31
ENSG00000172818.10,0.20883695436785193,0.7244173771688763,OVOL1
ENSG00000180914.10,0.803156822103853,0.9628622631712972,OXTR
ENSG00000160352.16,0.23575720122887314,0.7465330110970323,ZNF714
ENSG00000262903.1,0.4320889249698022,0.855072204492913,AC027796.4
ENSG00000100116.17,0.915767231817727,0.9874506284859019,GCAT
ENSG00000141854.9,0.9957846790772906,0.9995597017000601,MISP3
ENSG00000167861.16,0.7039322871430203,0.9433377204586122,HID1
ENSG00000160345.13,0.506420391061293,0.8811670244819243,C9orf116
ENSG00000254153.1,0.7311535906599178,0.9454675334510299,AC103957.2
ENSG00000267108.1,0.30032289869836637,0.7878478351615926,AP001029.1
ENSG00000147251.15,0.24948531177905034,0.7531596284340898,DOCK11
ENSG00000248243.1,0.7052861833761884,0.9433377204586122,LINC02014
ENSG00000091136.15,0.6413723728627577,0.928523436766732,LAMB1
ENSG00000036672.16,0.5218908124336185,0.8882134927685656,USP2
ENSG00000186517.14,0.02862145943647164,0.46736965671443764,ARHGAP30
ENSG00000287626.1,0.23546243509002232,0.7464961368986278,AL021978.1
ENSG00000103021.9,0.47061138703978145,0.8686029686938693,CCDC113
ENSG00000074590.13,0.7249524041531823,0.9442459796555969,NUAK1
ENSG00000201555.1,0.26459009125240585,0.7669445884328739,Y_RNA
ENSG00000177202.3,0.5389143645024254,0.8964298505394434,SPACA4
ENSG00000175879.9,0.46758504112674526,0.8680627299267651,HOXD8
ENSG00000101265.16,0.05159782716729335,0.5241276364465433,RASSF2
ENSG00000100836.10,0.3196317897992372,0.8008512693417694,PABPN1
ENSG00000173627.8,0.8262074796192683,0.9691978590817756,APOBEC4
ENSG00000164530.15,0.275322263918539,0.7718333667520658,PI16
ENSG00000237991.3,0.06630710167187662,0.5565737045693097,RPL35P1
ENSG00000226564.1,0.7639728722322847,0.955025138659946,FTH1P20
ENSG00000163462.18,0.4686338930731623,0.8685318871154436,TRIM46
ENSG00000101405.3,0.614258199377697,0.9208522890139409,OXT
ENSG00000271736.2,0.7382940217861678,0.9476538322181975,LINC02772
ENSG00000171241.9,0.18308220364891145,0.705100749836532,SHCBP1
ENSG00000165181.16,0.9568733353665254,0.9914393500565546,SHOC1
ENSG00000260418.1,0.5278168920365458,0.8918458699916624,AL023284.4
ENSG00000131831.18,0.172417672508082,0.6927142473482991,RAI2
ENSG00000151790.9,0.5072227450510958,0.8815308045340889,TDO2
ENSG00000270919.1,0.6280336467151238,0.923570100785026,AC108451.2
ENSG00000231948.2,0.7929146051184803,0.9609245482591051,HS1BP3-IT1
ENSG00000109265.14,0.6121174694777959,0.9208522890139409,CRACD
ENSG00000162062.15,0.010545807287574756,0.422343717894382,TEDC2
ENSG00000183421.12,0.5998460813271211,0.9144477008935308,RIPK4
ENSG00000169684.13,0.3835706201129977,0.838267046379356,CHRNA5
ENSG00000064763.11,0.8381527605608075,0.9720487404827665,FAR2
ENSG00000112769.20,0.8924111360464916,0.9849234764572464,LAMA4
ENSG00000230623.6,0.18945329762209867,0.7103139405117631,AC104461.1
ENSG00000226051.8,0.4984029319403126,0.8776853691041558,ZNF503-AS1
ENSG00000056736.10,0.15335564534332424,0.6777493687304476,IL17RB
ENSG00000105122.13,0.07684782730722,0.571677324061824,RASAL3
ENSG00000265195.1,0.5007266666819872,0.8791893304005591,MIR4312
ENSG00000207525.1,0.8313339751326223,0.9709332612582274,Y_RNA
ENSG00000221643.1,0.6745408382022919,0.9382208983470575,SNORA77
ENSG00000136153.20,0.7427724692933986,0.9497408601738444,LMO7
ENSG00000168779.20,0.09452499361647687,0.6123586449973578,SHOX2
ENSG00000213362.3,0.61912862061183,0.9208522890139409,FTH1P12
ENSG00000166796.12,0.8316161286677635,0.9709332612582274,LDHC
ENSG00000155307.19,0.14127624247321985,0.6696621171687488,SAMSN1
ENSG00000136573.14,0.16144622508307524,0.6840062348190279,BLK
ENSG00000171119.2,0.6173633956819031,0.9208522890139409,NRTN
ENSG00000224383.8,0.9683080459219274,0.9953627866461918,PRR29
ENSG00000179241.13,0.01150454684709862,0.4228685279940024,LDLRAD3
ENSG00000226383.7,0.9182488015810684,0.9874506284859019,LINC01876
ENSG00000173641.18,0.05709557548953979,0.5389331767568732,HSPB7
ENSG00000101871.16,0.9996771216459298,0.999992258902376,MID1
ENSG00000179144.5,4.003636593410271e-05,0.10556255151291748,GIMAP7
ENSG00000132698.15,0.18391497096403725,0.7061977768570556,RAB25
ENSG00000167034.10,0.7881272779849972,0.9608714494139055,NKX3-1
ENSG00000165644.11,0.1983813613119846,0.7167313718939021,COMTD1
ENSG00000181444.13,0.2844496939814612,0.778045611914473,ZNF467
ENSG00000155761.14,0.5748431602446602,0.9063960057339171,SPAG17
ENSG00000102879.16,0.11807534355294935,0.6557466683289438,CORO1A
ENSG00000171533.11,0.7249085882159361,0.9442459796555969,MAP6
ENSG00000253313.6,0.4283842915134435,0.8546819438080139,C1orf210
ENSG00000176826.15,0.981130210930351,0.9970455072240391,FKBP9P1
ENSG00000168056.17,0.25420405902487936,0.7572932772190727,LTBP3
ENSG00000196353.11,0.8935905711337229,0.9849234764572464,CPNE4
ENSG00000242779.7,0.4183452108470317,0.8508898477243562,ZNF702P
ENSG00000217130.1,0.7036990733735236,0.9433377204586122,AL139100.1
ENSG00000287860.1,0.7307375270085125,0.9454141450003144,AC079804.3
ENSG00000249626.1,0.7621521609874475,0.9546135016627755,AC024560.2
ENSG00000211887.2,0.13410016411892786,0.6651725485737122,TRAJ2
ENSG00000213315.5,0.5676686757656478,0.9041905959309144,AL122020.1
ENSG00000263272.1,0.8292214839503738,0.9704467870120572,AC004148.1
ENSG00000253958.2,0.315346863427861,0.798715180800932,CLDN23
ENSG00000267892.1,0.019464258231295235,0.4534808673388542,AC022144.1
ENSG00000163885.12,0.10585846402288339,0.63167370265788,CFAP100
ENSG00000188042.8,0.38478980389218087,0.8384132201295119,ARL4C
ENSG00000267369.1,0.02202521422035833,0.45446155147114187,TAF5LP1
ENSG00000065054.14,0.34106340925167705,0.8076933695871822,SLC9A3R2
ENSG00000206913.1,0.3135675951246204,0.7968912623852751,AP000577.1
ENSG00000261068.2,0.1763750308671902,0.6927142473482991,AL512274.1
ENSG00000142731.11,0.028290435423235862,0.46736965671443764,PLK4
ENSG00000158457.6,0.4286207372672448,0.8548638506767288,TSPAN33
ENSG00000135636.14,0.9791803923172646,0.9969839627241234,DYSF
ENSG00000113721.14,0.8080429013300165,0.9651433907711591,PDGFRB
ENSG00000229891.2,0.43012230454190004,0.8550559007103367,LINC01315
ENSG00000135540.11,0.2806779892710366,0.7770958680902693,NHSL1
ENSG00000184867.14,0.9228216305928271,0.9876697076255315,ARMCX2
ENSG00000164199.18,0.0023387303531991195,0.3436589480009844,ADGRV1
ENSG00000273837.1,0.2741285879100327,0.7713081423094224,AC018755.4
ENSG00000107731.12,0.1915726138314863,0.71200746468162,UNC5B
ENSG00000235245.1,0.9869715434467745,0.9979803538523901,AL360181.2
ENSG00000092853.14,0.2743200884859808,0.7713446392170954,CLSPN
ENSG00000286407.1,0.6161517249174469,0.9208522890139409,AC004863.1
ENSG00000163145.13,0.2853372663613739,0.778045611914473,C1QTNF7
ENSG00000066735.14,0.7616554139257448,0.9546135016627755,KIF26A
ENSG00000267751.5,0.4842200270227155,0.8719141432457757,AC009005.1
ENSG00000158715.6,0.9885388437199493,0.998933209273459,SLC45A3
ENSG00000169991.11,0.20823002520929432,0.7244173771688763,IFFO2
ENSG00000182621.18,0.8796622357921952,0.9798437734620014,PLCB1
ENSG00000157110.16,0.2517782137086086,0.754992192987301,RBPMS
ENSG00000128833.13,0.7232716673824315,0.9442459796555969,MYO5C
ENSG00000127423.11,0.35896237840408607,0.8219822448404712,AUNIP
ENSG00000167996.16,0.13070935357781877,0.664321988623461,FTH1
ENSG00000130475.14,0.43534687286454044,0.8566153642682873,FCHO1
ENSG00000125772.14,0.7079221476841948,0.9436811839781982,GPCPD1
ENSG00000110455.14,0.739806108621804,0.9479776962900485,ACCS
ENSG00000173207.13,0.05813147756041638,0.5409646911798748,CKS1B
ENSG00000012048.23,0.23721067889029834,0.748438958923917,BRCA1
ENSG00000185483.12,0.5943401302938836,0.9102423513279659,ROR1
ENSG00000108375.13,0.0492628176138851,0.5201110603902758,RNF43
ENSG00000229689.3,0.3310977830712921,0.8054828708764966,AC009237.3
ENSG00000134602.16,0.13222850799042363,0.6644572316236499,STK26
ENSG00000122778.10,0.5555670034592194,0.9035268196516303,KIAA1549
ENSG00000272871.1,0.9460465179600441,0.9892711336977343,AL159169.2
ENSG00000251768.1,0.6189455884184818,0.9208522890139409,RNA5SP217
ENSG00000272933.1,0.9925954244811356,0.9995597017000601,AL391121.1
ENSG00000205078.6,0.26760577791061374,0.7683345565419074,SYCE1L
ENSG00000172380.6,0.1291073426725959,0.6620855760341555,GNG12
ENSG00000202081.1,0.9310454162722798,0.9876697076255315,RNU6-1280P
ENSG00000130589.16,0.1285043952314426,0.6620855760341555,HELZ2
ENSG00000143110.12,0.5793501944121026,0.9070406342289169,C1orf162
ENSG00000252916.1,0.42466911273806873,0.8535654857564274,RNU6-762P
ENSG00000149485.19,0.12696656213393046,0.6620750516106523,FADS1
ENSG00000156299.13,0.5192275842062475,0.8875779831527727,TIAM1
ENSG00000110628.16,0.08524546820988954,0.5954825140804678,SLC22A18
ENSG00000230415.1,0.46670303598860097,0.8680627299267651,LINC01786
ENSG00000182534.13,0.8977852401199528,0.9849234764572464,MXRA7
ENSG00000242960.1,0.5445221505051181,0.8994501775504316,FTH1P23
ENSG00000143590.14,0.3632987871345559,0.8235807736994303,EFNA3
ENSG00000204991.11,0.453467924622187,0.8600080546187959,SPIRE2
ENSG00000217094.2,0.4654009181182934,0.8670092468948896,PPIAP31
ENSG00000062282.15,0.9118211141947966,0.9874506284859019,DGAT2
ENSG00000271631.1,0.007930028237524298,0.422343717894382,AL139041.1
ENSG00000266066.1,0.21366261096443334,0.7284150309160099,POLRMTP1
ENSG00000264148.1,0.07387261631098227,0.5697943248310305,AC138207.3
ENSG00000224093.5,0.2599252825451935,0.7626146086544808,BCAR3-AS1
ENSG00000104549.12,0.123247226213679,0.6575903912309904,SQLE
ENSG00000231964.1,0.43438565067510626,0.8553623342892931,AL731567.1
ENSG00000285873.1,0.19689268772574245,0.7165676690589909,AL445253.1
ENSG00000107485.18,0.17583650066642037,0.6927142473482991,GATA3
ENSG00000234692.1,0.6241073925808708,0.9220775952305588,AL355601.1
ENSG00000135272.12,0.8487362848935477,0.9746497288490856,MDFIC
ENSG00000121966.7,0.37521047754803694,0.8318147077928734,CXCR4
ENSG00000197273.4,0.11743846815617584,0.6551921917391889,GUCA2A
ENSG00000141696.13,0.017928510977017167,0.4516386045484261,P3H4
ENSG00000236801.1,0.259531746264565,0.7623693409077085,RPL24P8
ENSG00000182022.18,0.49580593958985675,0.8768203004666563,CHST15
ENSG00000221947.8,0.44758768326565457,0.8598988221012636,XKR9
ENSG00000147536.12,0.2246310432537093,0.7379494459810265,GINS4
ENSG00000182873.5,0.44926194990854385,0.8598988221012636,PRKCZ-AS1
ENSG00000258752.2,0.06682249395534214,0.5569714722726621,AL357093.2
ENSG00000215861.6,0.845630362700344,0.9744189049162179,AC245297.1
ENSG00000127586.17,0.18817869678180058,0.7096758506147332,CHTF18
ENSG00000225178.5,0.7547066798485089,0.9525510472880607,RPSAP58
ENSG00000247982.6,0.3313035534257816,0.8054859623092716,LINC00926
ENSG00000232082.1,0.6456318685440778,0.9288737868649792,RPS6KA2-IT1
ENSG00000135931.18,0.9939108379344251,0.9995597017000601,ARMC9
ENSG00000221164.1,0.41377730820645087,0.849345677191902,SNORA11F
ENSG00000211787.1,0.46981872832667493,0.8686029686938693,TRAV8-3
ENSG00000147027.4,0.565231288629205,0.903602805744478,TMEM47
ENSG00000184949.16,0.7146981537027831,0.9440985964911512,FAM227A
ENSG00000165434.8,0.6798446955635719,0.9385116734699985,PGM2L1
ENSG00000039560.14,0.7304017597388769,0.9454141450003144,RAI14
ENSG00000204323.5,0.1857475087107129,0.7067683164022746,SMIM5
ENSG00000243649.9,0.28159620516278216,0.777282484252833,CFB
ENSG00000150337.13,0.9300093805642478,0.9876697076255315,FCGR1A
ENSG00000165029.17,0.14033769615546024,0.6695943601910094,ABCA1
ENSG00000266835.6,0.30117404748958376,0.7878478351615926,GAPLINC
ENSG00000090013.11,0.015984776940827707,0.4374080164244873,BLVRB
ENSG00000115594.12,0.8745371902185521,0.978818292930578,IL1R1
ENSG00000185033.14,0.012971087978392968,0.42500769577816633,SEMA4B
ENSG00000200385.1,0.11429086315469604,0.650767218447436,AL136296.1
ENSG00000279518.1,0.8803650154819702,0.9799641935554018,AC083843.3
ENSG00000138771.16,0.05387688754175593,0.5302683327679723,SHROOM3
ENSG00000172687.13,0.7754520715997743,0.9576432923337443,ZNF738
ENSG00000127824.14,0.03977203064733984,0.4939440179824599,TUBA4A
ENSG00000158113.13,0.11543879447306438,0.6514989677609411,LRRC43
ENSG00000287442.1,0.19579593256542063,0.7165676690589909,AC079460.2
ENSG00000284154.1,0.3663020291895055,0.8243098295559,MIR3605
ENSG00000188559.15,0.3284606340015358,0.8052370663303848,RALGAPA2
ENSG00000136010.14,0.2891541865415551,0.7820260883527144,ALDH1L2
ENSG00000265407.1,0.9292065718473019,0.9876697076255315,MIR4324
ENSG00000110324.11,0.02435890837741094,0.45658522574720506,IL10RA
ENSG00000238164.6,0.6786835005275167,0.9385116734699985,TNFRSF14-AS1
ENSG00000160360.13,0.7488830807505676,0.9506764040047618,GPSM1
ENSG00000247095.3,0.02389643913702089,0.45446155147114187,MIR210HG
ENSG00000226779.1,0.5885031896258307,0.9076064088245793,NAALADL2-AS2
ENSG00000167851.15,0.1970919286442787,0.7165676690589909,CD300A
ENSG00000144959.11,0.5478994104584554,0.9007763667691164,NCEH1
ENSG00000154639.19,0.2919425437315524,0.7841917201970101,CXADR
ENSG00000230734.1,0.21161278948793436,0.7274477031071538,RPL10P3
ENSG00000176268.5,0.364481182660252,0.8235807736994303,CYCSP34
ENSG00000272666.1,0.5089824876350015,0.8823488792753093,KLHDC7B-DT
ENSG00000170915.9,0.6792631597341576,0.9385116734699985,PAQR8
ENSG00000274134.1,0.5201262022350202,0.8877363166357696,MIR6774
ENSG00000204709.4,0.07081017124482059,0.5674857695506897,LINC01556
ENSG00000285624.2,0.9814227994933363,0.9970455072240391,AC025062.3
ENSG00000251087.3,0.32997423358726713,0.8052370663303848,ALG1L3P
ENSG00000183807.8,0.8241548350401804,0.9687532234239877,FAM162B
ENSG00000183087.15,0.03782024993282584,0.49106991772126546,GAS6
ENSG00000221716.1,0.5597192205364895,0.9035268196516303,SNORA11
ENSG00000175497.17,0.10386437795926472,0.6295534326879569,DPP10
ENSG00000165490.13,0.15681293155353782,0.6806689919609344,DDIAS
ENSG00000200170.1,0.6227922901710665,0.9215914833416433,Y_RNA
ENSG00000153898.13,0.04019607181373125,0.49522309605858,MCOLN2
ENSG00000010278.15,0.5345853632749209,0.8938816911342454,CD9
ENSG00000279741.1,0.6447664385371666,0.9288737868649792,AC007342.8
ENSG00000164128.7,0.9795004316421583,0.9969839627241234,NPY1R
ENSG00000184574.10,0.7816656576117516,0.9593445076352142,LPAR5
ENSG00000283929.1,0.7883543544343219,0.9608714494139055,MIR5010
ENSG00000130675.15,0.3832845891704798,0.838267046379356,MNX1
ENSG00000124191.18,0.7910796677928082,0.9608714494139055,TOX2
ENSG00000143061.18,0.5642982112444479,0.9035268196516303,IGSF3
ENSG00000261804.2,0.9451311894205868,0.9892711336977343,AC007342.4
ENSG00000196653.12,0.1045726066949104,0.6301253749973149,ZNF502
ENSG00000111275.13,0.061506132126949414,0.5501206033923762,ALDH2
ENSG00000255085.8,0.17748961979850347,0.6950212339634467,AF186192.2
ENSG00000258521.1,0.7955248061723128,0.961891359147811,AL157871.2
ENSG00000234380.2,0.6079664058113554,0.9184407771254077,LINC01426
ENSG00000128340.15,0.853858206927282,0.9760142220801735,RAC2
ENSG00000282221.1,0.12982234240568585,0.6620855760341555,AC119427.1
ENSG00000104635.15,0.9786282774527054,0.9969839627241234,SLC39A14
ENSG00000198624.13,0.1879888559926921,0.7094426769571539,CCDC69
ENSG00000254799.1,0.10522303570907898,0.6301312351699143,SLC25A47P1
ENSG00000198720.13,0.20859352197011047,0.7244173771688763,ANKRD13B
ENSG00000134250.20,0.7088999885010034,0.9436811839781982,NOTCH2
ENSG00000227755.1,0.5113680565619712,0.883749470702467,AP000344.1
ENSG00000100625.9,0.8007646877001198,0.9621826947756262,SIX4
ENSG00000205116.3,0.9459943991224065,0.9892711336977343,TMEM88B
ENSG00000179431.7,0.135184443264485,0.6669675570528997,FJX1
ENSG00000102245.8,0.050839882598929714,0.520911232328412,CD40LG
ENSG00000225556.1,0.9658494398203865,0.9946451072749976,C2CD4D
ENSG00000240859.3,0.9850953636169699,0.9979803538523901,AC093627.4
ENSG00000122786.20,0.17454601056391922,0.6927142473482991,CALD1
ENSG00000073464.13,0.3426207153068853,0.8090139116990226,CLCN4
ENSG00000166402.9,0.632428675997472,0.92367383691023,TUB
ENSG00000139146.14,0.8921572877805808,0.9849234764572464,SINHCAF
ENSG00000175877.4,0.6903691871557053,0.9398816825207783,TMEM270
ENSG00000169026.13,0.37729424806344125,0.8340965629351091,SLC49A3
ENSG00000105609.17,0.48378273404425554,0.8719141432457757,LILRB5
ENSG00000110328.6,0.9162150123185635,0.9874506284859019,GALNT18
ENSG00000229970.3,0.12035210223736273,0.6573930488935716,AC007128.1
ENSG00000140853.16,0.042833455146489556,0.5064463829726942,NLRC5
ENSG00000232352.1,0.6206901842991797,0.920864670733086,SEMA3B-AS1
ENSG00000259711.1,0.03439324401661807,0.4866736317915008,AC106738.1
ENSG00000137393.10,0.1972146416613683,0.7165676690589909,RNF144B
ENSG00000134716.11,0.07832726428939422,0.5758121607852904,CYP2J2
ENSG00000126217.21,0.46189827523564186,0.8655732389424213,MCF2L
ENSG00000169855.20,0.38758110144357594,0.8397059743683061,ROBO1
ENSG00000111671.10,0.6511367862456674,0.9303376608044333,SPSB2
ENSG00000240038.6,0.7896666066477863,0.9608714494139055,AMY2B
ENSG00000115526.11,0.8342933375836995,0.9714795083596443,CHST10
ENSG00000244405.8,0.6297357301798496,0.92367383691023,ETV5
ENSG00000140450.9,0.5154918121189671,0.8853053511729732,ARRDC4
ENSG00000261115.6,0.10731917015773636,0.6345083777054531,TMEM178B
ENSG00000104921.15,0.33435818683957774,0.8054859623092716,FCER2
ENSG00000143036.17,0.3032830763014398,0.7895055882368981,SLC44A3
ENSG00000136490.9,0.24372890321745733,0.7504382186229313,LIMD2
ENSG00000160796.18,0.9770662209276257,0.9969839627241234,NBEAL2
ENSG00000229413.2,0.79112372918437,0.9608714494139055,AC018638.1
ENSG00000272824.1,0.6348266168725955,0.924700536240243,AC245100.6
ENSG00000162460.7,0.032336596021941055,0.4763174572319437,TMEM82
ENSG00000100968.14,0.5350142435550763,0.8938816911342454,NFATC4
ENSG00000198938.2,0.013509722739367234,0.42500769577816633,MT-CO3
ENSG00000107099.16,0.052269730787416466,0.5253539650933472,DOCK8
ENSG00000236699.9,0.3567078227650171,0.8197889158997473,ARHGEF38
ENSG00000244486.9,0.5115569030786766,0.8838827224448083,SCARF2
ENSG00000130413.15,0.006616347606321744,0.41653625199180777,STK33
ENSG00000102575.13,0.8019920488407768,0.9623417940428617,ACP5
ENSG00000196576.15,0.9041656208765249,0.9859464784486099,PLXNB2
ENSG00000253441.1,0.06527200515710048,0.5565737045693097,IGHV3-25
ENSG00000064687.13,0.7255019879720456,0.9442459796555969,ABCA7
ENSG00000100479.13,0.06851503119959416,0.5639478634638813,POLE2
ENSG00000067445.21,0.843291045135981,0.9732174156734185,TRO
ENSG00000173848.19,0.8197972431077034,0.9683758068252137,NET1
ENSG00000171049.9,0.36722574140548603,0.8247440261735882,FPR2
ENSG00000235681.1,0.45490950354305304,0.8607505064645543,AC245884.3
ENSG00000211789.2,0.023850590946790873,0.45446155147114187,TRAV12-2
ENSG00000165804.16,0.8186500627297346,0.9683758068252137,ZNF219
ENSG00000223658.8,0.9535484855309055,0.9906056725320317,C1GALT1C1L
ENSG00000173482.17,0.533281588242822,0.8938816911342454,PTPRM
ENSG00000138829.12,0.7640201109279567,0.955025138659946,FBN2
ENSG00000205334.2,0.5619343403414849,0.9035268196516303,LINC01460
ENSG00000262558.1,0.6252506087559265,0.9230360242257234,AC129507.3
ENSG00000196368.5,0.9669534000330193,0.995099148131809,NUDT11
ENSG00000223705.9,0.8648994651529828,0.9771967960805733,NSUN5P1
ENSG00000253616.5,0.2672377823100761,0.7678582761200466,AC107959.3
ENSG00000129474.16,0.45590416342578866,0.8611446432295087,AJUBA
ENSG00000162415.7,0.47392585563427525,0.8708323733680406,ZSWIM5
ENSG00000212864.3,0.47703981261961237,0.8719141432457757,RNF208
ENSG00000254233.1,0.0367795690614524,0.49106991772126546,LINC02365
ENSG00000264773.1,0.8367003793731663,0.9715926353890115,MIR4420
ENSG00000221611.1,0.9025928430681941,0.9853595336211016,AC007688.1
ENSG00000261183.5,0.7315303301184131,0.9455112964818361,SPINT1-AS1
ENSG00000134107.5,0.5615724836564335,0.9035268196516303,BHLHE40
ENSG00000145431.11,0.3836361630915168,0.838267046379356,PDGFC
ENSG00000238001.2,0.41752114044723465,0.8508898477243562,SNRPCP1
ENSG00000286388.1,0.5161717655305652,0.8853053511729732,AC026748.7
ENSG00000235217.6,0.8706335961581699,0.9783838026122388,TSPY26P
ENSG00000199436.1,0.6861130064076224,0.9392997169882443,SNORD9
ENSG00000135407.10,0.5167913088456165,0.8857679854753687,AVIL
ENSG00000176919.13,0.5131478918917691,0.8850850032411457,C8G
ENSG00000108679.13,0.22478279835743026,0.7380788439216577,LGALS3BP
ENSG00000204179.10,0.5161143831991122,0.8853053511729732,PTPN20
ENSG00000118276.11,0.16369213554993395,0.6876286734997226,B4GALT6
ENSG00000185436.12,0.6775664349144268,0.9385116734699985,IFNLR1
ENSG00000241741.1,0.6814549118162019,0.9385116734699985,RPL7AP30
ENSG00000107798.18,0.6976261167696063,0.9424803011200346,LIPA
ENSG00000167074.15,0.5057849636868805,0.8808364294943253,TEF
ENSG00000220842.6,0.9516360556909707,0.9901922126434592,RPL21P16
ENSG00000182912.6,0.4723072278581404,0.8699475585648171,TSPEAR-AS2
ENSG00000231563.2,0.6812913999467062,0.9385116734699985,AL139288.1
ENSG00000152270.9,0.09532859255769222,0.6138106142197182,PDE3B
ENSG00000152503.10,0.525728531238149,0.8906645281845703,TRIM36
ENSG00000186166.9,0.9275826870458955,0.9876697076255315,CENATAC
ENSG00000138400.13,0.1858775102176988,0.7068678754077737,MDH1B
ENSG00000065675.15,0.09450194108029472,0.6123586449973578,PRKCQ
ENSG00000137752.24,0.7729760743503047,0.9563961752089646,CASP1
ENSG00000106560.11,0.028919826052192156,0.47069099603465014,GIMAP2
ENSG00000253364.2,0.01229252677296575,0.42500769577816633,COPDA1
ENSG00000261172.1,0.8991365932642351,0.9849234764572464,AC133919.2
ENSG00000232346.1,0.12137154189127158,0.6574794830232176,Z74021.1
ENSG00000177106.16,0.7175518550771479,0.9441033806141912,EPS8L2
ENSG00000244503.1,0.14980885727989696,0.674538134352904,AC108751.5
ENSG00000131398.15,0.4671125196792423,0.8680627299267651,KCNC3
ENSG00000188101.5,0.5344499339638067,0.8938816911342454,ALOX15P2
ENSG00000275832.5,0.2128829684782071,0.7283138590262555,ARHGAP23
ENSG00000259933.6,0.764435681016529,0.9550529641747129,AC009065.2
ENSG00000238406.1,0.8509533059159399,0.9747476639069517,RNU7-171P
ENSG00000117480.16,0.527153275203811,0.8918458699916624,FAAH
ENSG00000107249.23,0.9465001604439532,0.9892711336977343,GLIS3
ENSG00000214199.3,0.4390159678840354,0.8582249401666611,EEF1A1P12
ENSG00000099284.15,0.5880224256000832,0.9076064088245793,MACROH2A2
ENSG00000207342.1,0.7180943503223447,0.9441033806141912,Y_RNA
ENSG00000159640.17,0.9083617780360048,0.9870270815175733,ACE
ENSG00000251957.1,0.2008205130065805,0.7181402209351381,RNU6-1095P
ENSG00000224796.1,0.07470994910586382,0.5697943248310305,RPL32P1
ENSG00000077157.22,0.7861659855656962,0.9608714494139055,PPP1R12B
ENSG00000053438.11,0.1503589235717747,0.674538134352904,NNAT
ENSG00000230082.1,0.8228685605455967,0.9683758068252137,PRRT3-AS1
ENSG00000164764.11,0.7239030164970486,0.9442459796555969,SBSPON
ENSG00000179403.12,0.666777680084478,0.9354155514271939,VWA1
ENSG00000276107.1,0.7004666502597725,0.9431477051501473,AC037198.1
ENSG00000100365.16,0.7258735744558507,0.9442459796555969,NCF4
ENSG00000109062.12,0.4126375897852005,0.849345677191902,SLC9A3R1
ENSG00000168918.14,0.20444645625738936,0.7219515486589062,INPP5D
ENSG00000166106.3,0.6135286746115165,0.9208522890139409,ADAMTS15
ENSG00000262714.1,0.5624081003551076,0.9035268196516303,AC007342.5
ENSG00000209042.1,0.8999018985231015,0.9849234764572464,SNORD12C
ENSG00000213903.9,0.9759031787398067,0.9963079690025646,LTB4R
ENSG00000138083.5,0.9741068982383305,0.9954557710227082,SIX3
ENSG00000119862.13,0.8329898449802328,0.9711053314360562,LGALSL
ENSG00000007908.16,0.21586558170515643,0.7288985188261606,SELE
ENSG00000198554.12,0.03489676585625315,0.4894209537641177,WDHD1
ENSG00000155465.20,0.5815075755243375,0.9070781322354399,SLC7A7
ENSG00000165655.17,0.4373752180040257,0.8582249401666611,ZNF503
ENSG00000230847.4,0.3325702950403254,0.8054859623092716,OCLNP1
ENSG00000108576.10,0.27937416835254925,0.7763294727036097,SLC6A4
ENSG00000238045.9,0.7947917967509346,0.9618528799491365,AC009133.1
ENSG00000110169.11,0.7043242265353606,0.9433377204586122,HPX
ENSG00000010671.16,0.015691083236318053,0.4374080164244873,BTK
ENSG00000168070.12,0.42810147672117826,0.8546819438080139,MAJIN
ENSG00000271524.1,0.48877877851382745,0.8731717629473671,BNIP3P17
ENSG00000112972.15,0.43964548699592354,0.8582249401666611,HMGCS1
ENSG00000127533.4,0.5400334394768518,0.8964298505394434,F2RL3
ENSG00000172020.13,0.029072994246938294,0.4712446403550859,GAP43
ENSG00000005243.10,0.27208443408937155,0.7705023171721327,COPZ2
ENSG00000262198.1,0.03996512914143797,0.4939440179824599,AL157931.1
ENSG00000131018.24,0.019545419297476774,0.4534808673388542,SYNE1
ENSG00000237039.1,0.2818144726173501,0.777282484252833,RPS28P4
ENSG00000130701.4,0.7773475695235534,0.95835711891074,RBBP8NL
ENSG00000203799.13,0.6115080511937634,0.9204621664971776,CCDC162P
ENSG00000256546.2,0.7391523252267953,0.9477677066336684,AC156455.1
ENSG00000273129.1,0.45890090085690005,0.8630304626196099,PACERR
ENSG00000144891.18,0.6497287440207026,0.9303376608044333,AGTR1
ENSG00000183250.12,0.04601520786389526,0.511208278375578,LINC01547
ENSG00000227726.1,0.4409572620148703,0.858229591755151,AP001271.1
ENSG00000277632.2,0.3275615085114303,0.8052370663303848,CCL3
ENSG00000116791.14,0.25445546947912956,0.7572932772190727,CRYZ
ENSG00000238317.2,0.0071457614842975765,0.417071814080062,SNORD11
ENSG00000173557.15,0.2853790195485245,0.778045611914473,FAM166C
ENSG00000133246.12,0.8829685420981112,0.9815642639442714,PRAM1
ENSG00000130827.6,0.28969091151007764,0.7823885012751264,PLXNA3
ENSG00000128965.13,0.3463621380553934,0.8120430559249857,CHAC1
ENSG00000174099.12,0.47245234362657296,0.8699475585648171,MSRB3
ENSG00000253525.1,0.3597356383542345,0.8227144571711338,CPP
ENSG00000168916.15,0.5447915166747179,0.8994501775504316,ZNF608
ENSG00000010932.17,0.6753407930829727,0.9382208983470575,FMO1
ENSG00000125618.17,0.36619603338430773,0.8243058121997366,PAX8
ENSG00000131650.14,0.00988118719634474,0.422343717894382,KREMEN2
ENSG00000278974.1,0.303325851157008,0.7895055882368981,AC093909.6
ENSG00000121797.10,0.4533273444958552,0.8600080546187959,CCRL2
ENSG00000097046.13,0.17203740305314325,0.6927142473482991,CDC7
ENSG00000254815.6,0.9681731671269767,0.9953627866461918,LMNTD2-AS1
ENSG00000137460.9,0.7614009308229072,0.9546135016627755,FHDC1
ENSG00000157368.11,0.2091517258654523,0.7244173771688763,IL34
ENSG00000145555.15,0.6104272353107596,0.9203730677437737,MYO10
ENSG00000118495.20,0.9039194784797604,0.9859353384962637,PLAGL1
ENSG00000171791.14,0.013156478255701919,0.42500769577816633,BCL2
ENSG00000138315.13,0.37175820499246703,0.8287715369958227,OIT3
ENSG00000240731.1,0.896180443615028,0.9849234764572464,AL139287.1
ENSG00000147526.20,0.633375008653986,0.924230011223463,TACC1
ENSG00000173599.15,0.5364277890422955,0.8949892029792359,PC
ENSG00000148908.15,0.474210541115477,0.8708323733680406,RGS10
ENSG00000150551.11,0.3854376298635539,0.8384132201295119,LYPD1
ENSG00000073849.16,0.04858627336834717,0.5163818598736397,ST6GAL1
ENSG00000201579.1,0.45803552662110447,0.862485456247127,RNU6-343P
ENSG00000196189.13,0.23762324962838088,0.7485579798110306,SEMA4A
ENSG00000188706.13,0.7713357957223155,0.9563961752089646,ZDHHC9
ENSG00000151640.13,0.19001127511220262,0.7103139405117631,DPYSL4
ENSG00000253729.8,0.1516043683237986,0.6755326522433247,PRKDC
ENSG00000271930.1,0.14269234124327748,0.6696621171687488,AC016877.3
ENSG00000235947.1,0.8325967523532941,0.9709332612582274,EGOT
ENSG00000174080.12,0.737577373375721,0.9471628153863872,CTSF
ENSG00000262772.2,0.2513269548290794,0.7548790648164689,LINC01977
ENSG00000281490.1,0.28363043688282263,0.778045611914473,CICP14
ENSG00000161653.11,0.5483040975721285,0.9007763667691164,NAGS
ENSG00000147394.18,0.0798240111412389,0.578554488530925,ZNF185
ENSG00000205571.14,0.9671592719756398,0.995099148131809,SMN2
ENSG00000151726.15,0.7517784876369513,0.951355734940969,ACSL1
ENSG00000235559.1,0.5923747326319098,0.9099406358722543,NOP56P1
ENSG00000135119.15,0.9164998810043652,0.9874506284859019,RNFT2
ENSG00000133056.13,0.24417903115919648,0.7504382186229313,PIK3C2B
ENSG00000215458.8,0.5643901410744254,0.9035268196516303,AATBC
ENSG00000265055.2,0.8023714839707428,0.9625337029697594,AC145343.1
ENSG00000149418.11,0.15720345993985507,0.6806689919609344,ST14
ENSG00000243055.1,0.9314187754547121,0.9876697076255315,GK-AS1
ENSG00000211801.3,0.003372607851726035,0.3642012503073679,TRAV21
ENSG00000124839.13,0.16987719162195247,0.6922507070377535,RAB17
ENSG00000167700.9,0.5502826700527145,0.9020993009415549,MFSD3
ENSG00000252933.1,0.21368841807247968,0.7284150309160099,RNU6-1223P
ENSG00000272512.1,0.19304125514354842,0.7127638121862945,AL645608.7
ENSG00000278962.1,0.24079662216372086,0.7485579798110306,AC092645.1
ENSG00000143401.15,0.08484930210776112,0.5949982089294241,ANP32E
ENSG00000135905.20,0.2717761795504588,0.7705023171721327,DOCK10
ENSG00000154589.7,0.7099848524269555,0.9437001604195177,LY96
ENSG00000200344.1,0.7152134142469345,0.9441033806141912,Y_RNA
ENSG00000168824.14,0.07923860641605235,0.5774953971843231,NSG1
ENSG00000224014.1,0.3864004299697106,0.8384132201295119,AL390728.3
ENSG00000060709.15,0.5592790891409001,0.9035268196516303,RIMBP2
ENSG00000171163.16,0.47405666614970754,0.8708323733680406,ZNF692
ENSG00000099250.18,0.5836975482380093,0.9076064088245793,NRP1
ENSG00000277978.1,0.8816429562407638,0.980981260917772,AC010542.5
ENSG00000154118.13,0.559699501409298,0.9035268196516303,JPH3
ENSG00000136295.15,0.0767850580542991,0.571677324061824,TTYH3
ENSG00000184584.13,0.25137186557858143,0.7548790648164689,STING1
ENSG00000116260.17,0.7795134307630209,0.9587857622975424,QSOX1
ENSG00000249264.1,0.9858257559663254,0.9979803538523901,EEF1A1P9
ENSG00000143147.14,0.3034523089840817,0.789574922389502,GPR161
ENSG00000175920.18,0.38381315671399774,0.838267046379356,DOK7
ENSG00000078900.15,0.4051458949315405,0.8462583743948848,TP73
ENSG00000232442.1,0.38215505799974003,0.838267046379356,MHENCR
ENSG00000163737.4,0.14077565372915912,0.6695943601910094,PF4
ENSG00000020181.18,0.09656291581038993,0.6184717927612828,ADGRA2
ENSG00000160401.15,0.25990305889079746,0.7626146086544808,CFAP157
ENSG00000174599.5,0.3861203820133319,0.8384132201295119,TRAM1L1
ENSG00000115267.8,0.7212894930481996,0.9442459796555969,IFIH1
ENSG00000174156.15,0.902446010390983,0.9853595336211016,GSTA3
ENSG00000250067.12,0.24045910586512492,0.7485579798110306,YJEFN3
ENSG00000164045.12,0.1984151855832264,0.7167313718939021,CDC25A
ENSG00000199627.1,0.8391048630048166,0.9721182752827702,RNU6-1010P
ENSG00000073350.14,0.9496329493237885,0.9900147107195209,LLGL2
ENSG00000272734.1,0.7028586789304749,0.9433377204586122,ADIRF-AS1
ENSG00000155926.14,0.1852138275228887,0.7067683164022746,SLA
ENSG00000058404.20,0.8191548651886104,0.9683758068252137,CAMK2B
ENSG00000158560.14,0.6514966633180641,0.9303376608044333,DYNC1I1
ENSG00000237594.2,0.6463266655304523,0.9293662832841079,AP000251.1
ENSG00000115598.10,0.5226568936258891,0.8885054864777095,IL1RL2
ENSG00000113758.13,0.9432963102479359,0.9890606858511628,DBN1
ENSG00000224631.4,0.6148169728483309,0.9208522890139409,RPS27AP16
ENSG00000250510.8,0.9280400782256085,0.9876697076255315,GPR162
ENSG00000038382.20,0.5327555945094629,0.8938816911342454,TRIO
ENSG00000104814.13,0.05033238202869976,0.520898242274711,MAP4K1
ENSG00000172346.15,0.5320798983322884,0.8938816911342454,CSDC2
ENSG00000272507.1,0.702515557201977,0.9433377204586122,RNU6-88P
ENSG00000184908.18,0.756393482375877,0.9527185422919089,CLCNKB
ENSG00000105227.16,0.6459084355947867,0.9289337682826843,PRX
ENSG00000163584.18,0.12167375465690683,0.6574794830232176,RPL22L1
ENSG00000197093.11,0.535107109127386,0.8938816911342454,GAL3ST4
ENSG00000123096.12,0.42137126506282796,0.8523476429387656,SSPN
ENSG00000102890.16,0.30255445603694947,0.7888016439675527,ELMO3
ENSG00000280032.1,0.7764525884565142,0.9580655507024779,AP002800.1
ENSG00000132932.17,0.021200934704729064,0.45446155147114187,ATP8A2
ENSG00000144908.14,0.6888800625158769,0.9398816825207783,ALDH1L1
ENSG00000142875.19,0.37282623714164875,0.8297849003349583,PRKACB
ENSG00000270069.1,0.7084053815244429,0.9436811839781982,MIR222HG
ENSG00000132259.13,0.1559722773871203,0.6806689919609344,CNGA4
ENSG00000276961.1,0.09044932940618573,0.6066204397944746,MIR7848
ENSG00000124507.11,0.5628478819280252,0.9035268196516303,PACSIN1
ENSG00000273619.1,0.34946720809293697,0.8131787406907613,AL121832.2
ENSG00000252026.1,0.19910349666944244,0.7167313718939021,RNU6-1262P
ENSG00000143344.16,0.4735843088414837,0.8708323733680406,RGL1
ENSG00000163040.15,0.11133725787879364,0.6400259903625983,CCDC74A
ENSG00000214530.9,0.6021369141910868,0.9148517643410993,STARD10
ENSG00000143515.19,0.003785805791169908,0.3642012503073679,ATP8B2
ENSG00000145545.12,0.9293874217298541,0.9876697076255315,SRD5A1
ENSG00000260018.1,0.4796856065204287,0.8719141432457757,AC040169.1
ENSG00000202150.1,0.17517637722173635,0.6927142473482991,RNU6-407P
ENSG00000169071.15,0.5198068415619462,0.8877363166357696,ROR2
ENSG00000256452.1,0.5568656523993474,0.9035268196516303,AP003170.3
ENSG00000070031.4,0.00981537494325642,0.422343717894382,SCT
ENSG00000090659.18,0.27558058643743777,0.7718333667520658,CD209
ENSG00000272588.1,0.846714218349727,0.9746438889486686,AC139887.4
ENSG00000127616.19,0.6580135223434351,0.9325338476798936,SMARCA4
ENSG00000196090.12,0.07882846209387476,0.5762783134589181,PTPRT
ENSG00000128710.6,0.07856115974034679,0.5759210134811336,HOXD10
ENSG00000203778.8,0.31015061934749144,0.7955355439635531,FAM229B
ENSG00000174899.12,0.3543818649508914,0.8179639595633617,SLC66A1L
ENSG00000054690.14,0.4021846326941242,0.845005771821153,PLEKHH1
ENSG00000110446.11,0.1845723484818374,0.7067683164022746,SLC15A3
ENSG00000121716.20,0.5827591119596677,0.9074064125198762,PILRB
ENSG00000217027.1,0.31905098986190994,0.8001564140163943,TPT1P4
ENSG00000130822.16,0.2095537210488192,0.7246841902905286,PNCK
ENSG00000175130.7,0.06644930546539837,0.5565737045693097,MARCKSL1
ENSG00000237702.2,0.052570146787688565,0.5267513801271463,TRBV3-1
ENSG00000182901.17,0.41590830141070567,0.8508898477243562,RGS7
ENSG00000258602.1,0.19279159881067684,0.7127638121862945,LINC01629
ENSG00000137310.12,0.07276639608259076,0.5697943248310305,TCF19
ENSG00000157303.11,0.1803841960324657,0.7010646124923545,SUSD3
ENSG00000244509.4,0.4680054290404432,0.8681808029338428,APOBEC3C
ENSG00000153071.15,0.334206608987538,0.8054859623092716,DAB2
ENSG00000127928.13,0.26503305569067037,0.7669445884328739,GNGT1
ENSG00000181690.8,0.5748640741767101,0.9063960057339171,PLAG1
ENSG00000202078.1,0.38314370056471714,0.838267046379356,Y_RNA
ENSG00000277534.1,0.533514665070556,0.8938816911342454,AC007996.1
ENSG00000141968.8,0.7205254454532839,0.9441447156516874,VAV1
ENSG00000139508.15,0.0167266361255537,0.4374080164244873,SLC46A3
ENSG00000256393.1,0.9966024084674127,0.9995597017000601,RPL41P5
ENSG00000166803.14,0.01601533117911986,0.4374080164244873,PCLAF
ENSG00000103490.14,0.38550992655722316,0.8384132201295119,PYCARD
ENSG00000253315.1,0.8788108085927422,0.9798437734620014,LINC01932
ENSG00000196092.14,0.09398644952929211,0.6118788607215643,PAX5
ENSG00000162616.9,0.01206353622378052,0.42500769577816633,DNAJB4
ENSG00000238793.1,0.9650334584137569,0.9943598867954815,SNORD124
ENSG00000138640.15,0.5776931368407328,0.9070406342289169,FAM13A
ENSG00000189129.14,0.5923858740796111,0.9099406358722543,PLAC9
ENSG00000185507.21,0.008704447739105715,0.422343717894382,IRF7
ENSG00000117298.16,0.1451379105858325,0.6702993118382483,ECE1
ENSG00000166341.8,0.12927762000728887,0.6620855760341555,DCHS1
ENSG00000149927.18,0.3860705125673818,0.8384132201295119,DOC2A
ENSG00000249621.1,0.3161537572595167,0.798715180800932,AC113349.1
ENSG00000277563.1,0.13152063643291276,0.664321988623461,AC063961.1
ENSG00000158716.9,0.9556411385438792,0.9914288671218165,DUSP23
ENSG00000180530.11,0.7026030830621914,0.9433377204586122,NRIP1
ENSG00000058091.17,0.919542981923931,0.9874506284859019,CDK14
ENSG00000277744.1,0.038377502859990996,0.49106991772126546,AC011462.4
ENSG00000170921.15,0.4405048365457198,0.8582249401666611,TANC2
ENSG00000179277.9,0.44840851881489263,0.8598988221012636,MEIS3P1
ENSG00000142227.11,0.5881736563115404,0.9076064088245793,EMP3
ENSG00000232472.1,0.08860267015609108,0.6027299826798252,EEF1B2P3
ENSG00000196664.5,0.010571941358165315,0.422343717894382,TLR7
ENSG00000145425.10,0.8271679175749518,0.9697365889343389,RPS3A
ENSG00000275004.4,0.1358436662674646,0.6672073909128985,ZNF280B
ENSG00000160606.11,0.03292670443701817,0.4830720711658676,TLCD1
ENSG00000196358.11,0.49606955576731293,0.8768203004666563,NTNG2
ENSG00000149090.12,0.09862425457116913,0.6244867620898755,PAMR1
ENSG00000212907.2,0.4811048460172147,0.8719141432457757,MT-ND4L
ENSG00000184350.11,0.09366210114727865,0.6102695387767496,MRGPRE
ENSG00000129450.8,0.8680183953013648,0.9781922124326025,SIGLEC9
ENSG00000186765.12,0.41905169171239776,0.8510138334903893,FSCN2
ENSG00000124766.7,0.5101148365628074,0.8832342440599988,SOX4
ENSG00000164935.6,0.34991755646925193,0.8131787406907613,DCSTAMP
ENSG00000287426.1,0.5600826845025131,0.9035268196516303,AP003327.2
ENSG00000165626.17,0.25986888469272373,0.7626146086544808,BEND7
ENSG00000102003.11,0.1830128378161887,0.705100749836532,SYP
ENSG00000211776.2,0.6626109090354,0.9331066559292748,TRAV2
ENSG00000185112.6,0.2279977585214223,0.7420032541115766,FAM43A
ENSG00000235655.3,0.5086033816647698,0.8823488792753093,H3P6
ENSG00000123219.13,0.003929546765258277,0.3642012503073679,CENPK
ENSG00000172575.12,0.8545395149847047,0.9763697188399557,RASGRP1
ENSG00000171714.12,0.6440036197047907,0.9288737868649792,ANO5
ENSG00000283041.1,0.5088111818860457,0.8823488792753093,AC008038.1
ENSG00000233608.4,0.1811124234819685,0.7015667334683501,TWIST2
ENSG00000227857.2,0.9529519026116636,0.9906056725320317,AL358075.2
ENSG00000235836.1,0.1602213643478453,0.6838929581569986,KIF3AP1
ENSG00000204525.17,0.5978868192406521,0.9128131133359503,HLA-C
ENSG00000149256.16,0.7531690631162683,0.9521443645916065,TENM4
ENSG00000105699.16,0.01891398964612025,0.4534808673388542,LSR
ENSG00000212901.4,0.829297785274407,0.9704467870120572,KRTAP3-1
ENSG00000120156.22,0.28980142905760137,0.7823885012751264,TEK
ENSG00000152078.10,0.12207258348840609,0.6574794830232176,TLCD4
ENSG00000198832.10,0.9107943576773803,0.9872860397490922,SELENOM
ENSG00000259802.1,0.2550132004114398,0.7572932772190727,AC012640.2
ENSG00000185130.5,0.581790757286168,0.9070781322354399,H2BC13
ENSG00000001617.12,0.14963099675733774,0.674538134352904,SEMA3F
ENSG00000171680.23,0.5763290091092905,0.9067595794155162,PLEKHG5
ENSG00000106789.13,0.23040687415166777,0.7432429779078834,CORO2A
ENSG00000140067.6,0.4181537162244775,0.8508898477243562,FAM181A
ENSG00000260704.1,0.3454344008128024,0.8117605794501684,LINC00543
ENSG00000229124.7,0.03168899323572869,0.4756355531207096,VIM-AS1
ENSG00000196123.13,0.8455293081607076,0.9744189049162179,KIAA0895L
ENSG00000125967.17,0.9938968351881841,0.9995597017000601,NECAB3
ENSG00000124678.20,0.8315780245282857,0.9709332612582274,TCP11
ENSG00000212283.1,0.920828391431052,0.9874506284859019,SNORD89
ENSG00000282608.2,0.7541773393810471,0.9523535687267055,ADORA3
ENSG00000173530.6,0.677734440497373,0.9385116734699985,TNFRSF10D
ENSG00000150938.10,0.5506311002184422,0.9021317321308777,CRIM1
ENSG00000211626.2,0.5980379685285961,0.9128676825668073,IGKV6D-41
ENSG00000124256.15,0.371694614030585,0.8287715369958227,ZBP1
ENSG00000118308.15,0.02710689222568664,0.4654252977694876,IRAG2
ENSG00000154654.15,0.8367242771516998,0.9715926353890115,NCAM2
ENSG00000166086.13,0.0438813171773183,0.5099223044203635,JAM3
ENSG00000225079.2,0.17619267651125609,0.6927142473482991,FTH1P22
ENSG00000223552.1,0.5505604736949367,0.9021317321308777,CCR5AS
ENSG00000092758.18,0.790677249816872,0.9608714494139055,COL9A3
ENSG00000252874.2,0.48677067777806016,0.8726616319647593,Y_RNA
ENSG00000211694.2,0.3762789376037895,0.8329051780868845,TRGV10
ENSG00000185339.9,0.8493586104839507,0.9747476639069517,TCN2
ENSG00000207523.1,0.5591399320005516,0.9035268196516303,SNORA66
ENSG00000163513.19,0.8096248008038799,0.9656411601867748,TGFBR2
ENSG00000235912.1,0.22293029809081114,0.7356606833117714,AL031729.1
ENSG00000286587.1,0.8391176724010655,0.9721182752827702,AL133335.2
ENSG00000170542.6,0.12821468159977653,0.6620855760341555,SERPINB9
ENSG00000172426.16,0.06308819333313205,0.5538656838192935,RSPH9
ENSG00000250208.6,0.24995404944409522,0.753351605908519,FZD10-AS1
ENSG00000226210.3,0.9324255426938141,0.9876697076255315,WASH8P
ENSG00000075643.6,0.4452220920700021,0.8598988221012636,MOCOS
ENSG00000166750.10,0.917494443926123,0.9874506284859019,SLFN5
ENSG00000227376.1,0.9929685759362381,0.9995597017000601,FTH1P16
ENSG00000168461.13,0.16253243465385986,0.6851092054650051,RAB31
ENSG00000143851.15,0.17612294598120382,0.6927142473482991,PTPN7
ENSG00000276533.1,0.5357029951595411,0.894023499135256,AC018926.2
ENSG00000186998.16,0.15230891371346822,0.6767369910932969,EMID1
ENSG00000016391.11,0.24079861862385105,0.7485579798110306,CHDH
ENSG00000132164.10,0.6279484933175061,0.923570100785026,SLC6A11
ENSG00000064989.13,0.8752121554718455,0.978818292930578,CALCRL
ENSG00000117318.9,0.4478518700884575,0.8598988221012636,ID3
ENSG00000119411.11,0.44951727299478195,0.8598988221012636,BSPRY
ENSG00000198890.9,0.18468246871709107,0.7067683164022746,PRMT6
ENSG00000137098.14,0.9237413680580354,0.9876697076255315,SPAG8
ENSG00000211794.3,0.050658815860659366,0.520911232328412,TRAV12-3
ENSG00000198521.12,0.02018846035686644,0.4534808673388542,ZNF43
ENSG00000252200.1,0.23960704527493012,0.7485579798110306,AC243964.2
ENSG00000119632.4,0.6823923130325078,0.9385116734699985,IFI27L2
ENSG00000160949.17,0.04798551594075176,0.5163818598736397,TONSL
ENSG00000176658.17,0.6941271519631658,0.9421724141802121,MYO1D
ENSG00000262663.1,0.4785313563146527,0.8719141432457757,AC087222.1
ENSG00000167311.14,0.07125934791234313,0.5677538447264091,ART5
ENSG00000206503.13,0.7123315303155391,0.9440985964911512,HLA-A
ENSG00000196700.9,0.04169284268619244,0.4982139846093936,ZNF512B
ENSG00000237254.2,0.23186267312664657,0.7442229010804049,TRBV30
ENSG00000157557.13,0.8161885545009224,0.9678725546419633,ETS2
ENSG00000224861.1,0.47708470596580654,0.8719141432457757,YBX1P1
ENSG00000251988.1,0.8999955908891965,0.9849234764572464,RNU4ATAC18P
ENSG00000072133.11,0.9556397837499851,0.9914288671218165,RPS6KA6
ENSG00000237330.3,0.1872850795503346,0.7074617856939573,RNF223
ENSG00000177694.16,0.19371661345125288,0.7135493882328569,NAALADL2
ENSG00000265321.1,0.6589917674714041,0.9331066559292748,MIR4263
ENSG00000167333.13,0.879528478288668,0.9798437734620014,TRIM68
ENSG00000021355.13,0.16900887575515217,0.6919855240272451,SERPINB1
ENSG00000143867.7,0.552643399928185,0.9028106760495546,OSR1
ENSG00000130518.17,0.8942428877845848,0.9849234764572464,IQCN
ENSG00000180921.7,0.15007831597130075,0.674538134352904,FAM83H
ENSG00000237758.1,0.5004183764415752,0.878981701527965,BANF1P3
ENSG00000242125.3,0.12607684518036733,0.6604422817064276,SNHG3
ENSG00000108813.11,0.7372469636378227,0.9471628153863872,DLX4
ENSG00000175602.4,0.010830663301432831,0.42260216119490046,CCDC85B
ENSG00000234928.1,0.9489870116970273,0.9900147107195209,LINC01659
ENSG00000222808.1,0.917030468789566,0.9874506284859019,RNU4-47P
ENSG00000170214.5,0.9358634303157033,0.9877707876523755,ADRA1B
ENSG00000069020.18,0.033579998531082164,0.48557511711515106,MAST4
ENSG00000141449.15,0.012395549823828672,0.42500769577816633,GREB1L
ENSG00000225756.1,0.4172880620668331,0.8508898477243562,DBH-AS1
ENSG00000223612.3,0.6721250540611733,0.9380611862158953,AC241585.1
ENSG00000243517.1,0.12730924823006348,0.6620750516106523,AC024940.2
ENSG00000167107.13,0.01474734256148486,0.43052179705736865,ACSF2
ENSG00000273151.1,0.036233922265807655,0.4907711046618811,AC073957.3
ENSG00000198712.1,0.176500466904632,0.6928628750449822,MT-CO2
ENSG00000125965.9,0.9263891024283766,0.9876697076255315,GDF5
ENSG00000131386.19,0.36315765797345845,0.8235807736994303,GALNT15
ENSG00000072818.12,0.11664043380374937,0.6537678536470838,ACAP1
ENSG00000234771.3,0.6808073416589817,0.9385116734699985,SLC25A25-AS1
ENSG00000154479.13,0.3405249886246108,0.8074302066897383,CCDC173
ENSG00000181126.13,0.11008517540467891,0.6398043625650331,HLA-V
ENSG00000242207.1,0.5213905287351427,0.888161118877656,HOXB-AS4
ENSG00000198648.11,0.560238545368668,0.9035268196516303,STK39
ENSG00000163519.14,0.10155348970176928,0.6253398336816275,TRAT1
ENSG00000146592.17,0.29573824860719616,0.7849914643776238,CREB5
ENSG00000150722.10,0.15498756630432567,0.6806689919609344,PPP1R1C
ENSG00000106823.12,0.10845998433462999,0.636910524192222,ECM2
ENSG00000198821.11,0.15275214103078952,0.6772810737407764,CD247
ENSG00000185650.10,0.9002147586287149,0.9849234764572464,ZFP36L1
ENSG00000151150.22,0.8543760399658763,0.9763239636131295,ANK3
ENSG00000099860.9,0.79200452446665,0.9608714494139055,GADD45B
ENSG00000177706.9,0.6712513932511157,0.9374291173404529,FAM20C
ENSG00000103067.14,0.5822670842767985,0.9071707992341619,ESRP2
ENSG00000172292.15,0.8634828379738275,0.9767825170272918,CERS6
ENSG00000200164.1,0.6417614668340801,0.928523436766732,Y_RNA
ENSG00000176402.6,0.7224342908061809,0.9442459796555969,GJC3
ENSG00000255815.3,0.26922791867422424,0.7699844721063297,KRT8P11
ENSG00000255974.8,0.1032237806009527,0.627866779535527,CYP2A6
ENSG00000145685.14,0.4555336660087588,0.8607910411202299,LHFPL2
ENSG00000143126.8,0.9976938771178182,0.9995597017000601,CELSR2
ENSG00000135916.16,0.2997150879299072,0.7878478351615926,ITM2C
ENSG00000198804.2,0.39164327212435235,0.8409678168383927,MT-CO1
ENSG00000244459.2,0.1492484277790851,0.674538134352904,AC147067.1
ENSG00000116675.16,0.16084480204701057,0.6838929581569986,DNAJC6
ENSG00000167371.21,0.5682573651184215,0.9041905959309144,PRRT2
ENSG00000004700.16,0.2509342192500048,0.7544089891290904,RECQL
ENSG00000135362.14,0.3910838961380575,0.8409678168383927,PRR5L
ENSG00000268295.1,0.38911171207034534,0.8405196615077124,POLR3GP1
ENSG00000167535.8,0.8701371239347634,0.9783838026122388,CACNB3
ENSG00000259005.1,0.14951147279466004,0.674538134352904,AC005479.1
ENSG00000166313.19,0.6229804159242298,0.9215914833416433,APBB1
ENSG00000136636.13,0.585644060771866,0.9076064088245793,KCTD3
ENSG00000199059.3,0.0871265920100822,0.6015457757754022,MIR135B
ENSG00000114770.17,0.7418929641478913,0.9492677687495665,ABCC5
ENSG00000268601.1,0.23307458318236157,0.744733634506012,AC115522.1
ENSG00000116141.17,0.5736390328870649,0.9060580106138864,MARK1
ENSG00000102038.16,0.4828606267174296,0.8719141432457757,SMARCA1
ENSG00000273604.2,0.17437763252072563,0.6927142473482991,EPOP
ENSG00000284753.2,0.12588190001169766,0.6602956426343027,EEF1AKMT4
ENSG00000139970.17,0.07354216673987639,0.5697943248310305,RTN1
ENSG00000176749.9,0.06647534121204857,0.5565737045693097,CDK5R1
ENSG00000104324.16,0.8471556406229588,0.9746438889486686,CPQ
ENSG00000274605.2,0.2796484485433548,0.7764195254397811,PCCA-DT
ENSG00000136378.15,0.17683551198846814,0.6934897867272102,ADAMTS7
ENSG00000122574.11,0.8508200039530576,0.9747476639069517,WIPF3
ENSG00000121933.19,0.4397414315124676,0.8582249401666611,TMIGD3
ENSG00000142279.13,0.4469253389266251,0.8598988221012636,WTIP
ENSG00000207291.1,0.6159037172985451,0.9208522890139409,RNU6-30P
ENSG00000177732.8,0.48076744606830546,0.8719141432457757,SOX12
ENSG00000054654.19,0.8151242875063881,0.9678725546419633,SYNE2
ENSG00000242516.2,0.433533904203554,0.855072204492913,LINC00960
ENSG00000130147.16,0.5698036802344659,0.9041905959309144,SH3BP4
ENSG00000091622.16,0.5850811038110438,0.9076064088245793,PITPNM3
ENSG00000100298.16,0.3962783477977099,0.8418423607478821,APOBEC3H
ENSG00000153064.12,0.0377483172800913,0.49106991772126546,BANK1
ENSG00000127418.15,0.27997392267866916,0.7766539306487948,FGFRL1
ENSG00000270761.1,0.6603074003635345,0.9331066559292748,AL355353.1
ENSG00000204584.1,0.46588749171425603,0.8675070761440125,AC027801.1
ENSG00000185338.6,0.9732400467387808,0.9954557710227082,SOCS1
ENSG00000100321.15,0.8596465235958834,0.9767825170272918,SYNGR1
ENSG00000100505.13,0.9423450877518192,0.98888717134306,TRIM9
ENSG00000166508.18,0.11903607797698429,0.656774723931987,MCM7
ENSG00000134954.14,0.1312685893333612,0.664321988623461,ETS1
ENSG00000240602.7,0.4404947286428994,0.8582249401666611,AADACP1
ENSG00000266970.1,0.15327487244002183,0.6777493687304476,AC061992.2
ENSG00000213889.10,0.12746583354446292,0.6620855760341555,PPM1N
ENSG00000126947.13,0.5187619538544457,0.8872231470245763,ARMCX1
ENSG00000183273.7,0.4050018725792355,0.8462583743948848,CCDC60
ENSG00000262814.8,0.002364672288117562,0.3436589480009844,MRPL12
ENSG00000108852.15,0.8891895269723287,0.9849234764572464,MPP2
ENSG00000168427.9,0.2916038657220914,0.7837535092972284,KLHL30
ENSG00000144724.20,0.8252826910534886,0.9690644707396778,PTPRG
ENSG00000117016.10,0.7537027033863145,0.9522102513633202,RIMS3
ENSG00000204366.4,0.3829841400581516,0.838267046379356,ZBTB12
ENSG00000111077.18,0.6315081831761751,0.92367383691023,TNS2
ENSG00000278876.1,0.7129392574858824,0.9440985964911512,AC145207.9
ENSG00000180902.18,0.4836011305312212,0.8719141432457757,D2HGDH
ENSG00000149131.17,0.6886641140077661,0.9398816825207783,SERPING1
ENSG00000117154.12,0.8608856082869893,0.9767825170272918,IGSF21
ENSG00000164116.17,0.7836635438434724,0.9600869937334292,GUCY1A1
ENSG00000168575.10,0.19794850542098374,0.7167313718939021,SLC20A2
ENSG00000136237.19,0.12897012159789709,0.6620855760341555,RAPGEF5
ENSG00000266916.7,0.2202382692839195,0.7338183277320148,ZNF793-AS1
ENSG00000180611.7,0.5235804191505248,0.8892715731936122,MB21D2
ENSG00000147234.10,0.6842508071946249,0.9390447601421359,FRMPD3
ENSG00000133116.8,0.05970963776288989,0.5485465594748047,KL
ENSG00000264553.1,0.772688837335231,0.9563961752089646,MIR4257
ENSG00000178878.13,0.6208362361629711,0.920864670733086,APOLD1
ENSG00000237749.4,0.7456152464920021,0.9499217968867156,AL034379.1
ENSG00000106976.21,0.41027523227189433,0.848883749929601,DNM1
ENSG00000105472.13,0.2989143467997569,0.7873501442511079,CLEC11A
ENSG00000248663.6,0.7444285125849828,0.9497408601738444,LINC00992
ENSG00000173801.17,0.10777375983326924,0.6356580952687706,JUP
ENSG00000100852.13,0.7614525543192898,0.9546135016627755,ARHGAP5
ENSG00000110934.13,0.06268698548801158,0.5534296386446361,BIN2
ENSG00000137970.7,0.32449359588680304,0.8045079745352404,RPL7P9
ENSG00000163600.13,0.07194117762445022,0.5684862287806207,ICOS
ENSG00000106665.16,0.20085461074942276,0.7181402209351381,CLIP2
ENSG00000138593.9,0.07319224980771104,0.5697943248310305,SECISBP2L
ENSG00000139910.20,0.3629639589459266,0.8235807736994303,NOVA1
ENSG00000224397.7,0.8577410685353476,0.9767825170272918,PELATON
ENSG00000114113.6,0.20489750531990197,0.7222714121811048,RBP2
ENSG00000124772.12,0.044689083580636245,0.5099223044203635,CPNE5
ENSG00000170545.17,0.1633634827839037,0.6869777505692068,SMAGP
ENSG00000272088.1,0.4292784246122082,0.8548822604941004,AL512413.1
ENSG00000185697.16,0.3737342537988124,0.830403917850732,MYBL1
ENSG00000100994.12,0.5705557639179255,0.9041905959309144,PYGB
ENSG00000211721.2,0.028385748553048536,0.46736965671443764,TRBV6-5
ENSG00000132481.7,0.15687455651116075,0.6806689919609344,TRIM47
ENSG00000224094.1,0.5213475201377126,0.888161118877656,RPS24P8
ENSG00000266074.10,0.03383995620126698,0.48557511711515106,BAHCC1
ENSG00000142185.16,0.5237074432636903,0.8892715731936122,TRPM2
ENSG00000186871.7,0.43334024934234716,0.855072204492913,ERCC6L
ENSG00000267554.1,0.39199875632449865,0.8409678168383927,AC015911.7
ENSG00000131188.12,0.04952040421426868,0.520898242274711,PRR7
ENSG00000227671.4,0.3427738797670518,0.8090139116990226,AL390728.4
ENSG00000197870.12,0.6679324922491683,0.9354155514271939,PRB3
ENSG00000159753.14,0.6100353216637807,0.920283615623019,CARMIL2
ENSG00000151952.16,0.5401950817666783,0.8964298505394434,TMEM132D
ENSG00000276476.3,0.3266471988503052,0.805154585403318,LINC00540
ENSG00000233429.9,0.5250856147548154,0.890338094900448,HOTAIRM1
ENSG00000105366.15,0.0865420414885668,0.5994286761598628,SIGLEC8
ENSG00000225855.7,0.20710379851077185,0.7244173771688763,RUSC1-AS1
ENSG00000223749.11,0.09476182816914742,0.6125251838636291,MIR503HG
ENSG00000274213.1,0.8937595247222666,0.9849234764572464,AC015912.3
ENSG00000114698.15,0.7033871621912569,0.9433377204586122,PLSCR4
ENSG00000163121.10,0.6135031031550933,0.9208522890139409,NEURL3
ENSG00000236591.1,0.37401625973679675,0.8307971397130195,UST-AS2
ENSG00000249001.5,0.15449990333943364,0.6800746997300613,AC093895.1
ENSG00000124587.14,0.14933162386926163,0.674538134352904,PEX6
ENSG00000248905.10,0.8634292024900091,0.9767825170272918,FMN1
ENSG00000114554.11,0.42315240325148984,0.8529907007439563,PLXNA1
ENSG00000227201.2,0.6184981870916971,0.9208522890139409,CNN2P1
ENSG00000105697.9,0.8820664365619989,0.9810384579872625,HAMP
ENSG00000222108.1,0.026317613539869944,0.4654252977694876,RNA5SP317
ENSG00000184363.10,0.11916567367198617,0.656774723931987,PKP3
ENSG00000106004.5,0.729012957451837,0.9449985659619017,HOXA5
ENSG00000238018.2,0.4863985115191528,0.8726616319647593,AC093110.1
ENSG00000091073.19,0.33084961638100513,0.8052370663303848,DTX2
ENSG00000215808.4,0.5350315127736223,0.8938816911342454,LINC01139
ENSG00000130723.21,0.6677531285529472,0.9354155514271939,PRRC2B
ENSG00000178498.16,0.2857424149951383,0.778045611914473,DTX3
ENSG00000278635.1,0.7652249334059094,0.9555564201934101,AC141557.2
ENSG00000104972.15,0.14876950532198382,0.674538134352904,LILRB1
ENSG00000261236.8,0.01696569410479703,0.4374080164244873,BOP1
ENSG00000276952.1,0.364543587399357,0.8235807736994303,AL121772.3
ENSG00000168234.13,0.05401344763170174,0.5307408332506345,TTC39C
ENSG00000266088.6,0.4311813903369903,0.855072204492913,AC004585.1
ENSG00000160951.4,0.5286808197712901,0.8918458699916624,PTGER1
ENSG00000248383.5,0.35608962503285346,0.8195138009921067,PCDHAC1
ENSG00000185811.19,0.0013824303484005214,0.3251137189732896,IKZF1
ENSG00000152518.8,0.5306261007566972,0.8938816911342454,ZFP36L2
ENSG00000186076.5,0.1505481738418458,0.674538134352904,AC012085.1
ENSG00000257660.5,0.8737954003572563,0.9785815682890977,ADCY6-DT
ENSG00000157570.12,0.5317158772773669,0.8938816911342454,TSPAN18
ENSG00000223263.1,0.4068306255860821,0.846432217161211,RNU6-387P
ENSG00000282206.1,0.8758608358190518,0.9789570308156941,AC233280.36
ENSG00000212694.8,0.9275023946940586,0.9876697076255315,LINC01089
ENSG00000007968.7,0.23298889361721367,0.744733634506012,E2F2
ENSG00000104611.12,0.5794623167131192,0.9070406342289169,SH2D4A
ENSG00000234694.1,0.8135332118985094,0.9672399979133037,AL139289.1
ENSG00000280063.1,0.8855474222755116,0.9832509980627874,AC012676.5
ENSG00000057593.14,0.36451623348141193,0.8235807736994303,F7
ENSG00000164976.9,0.4121479583672689,0.8492898390659616,MYORG
ENSG00000079819.19,0.38947073530215215,0.8405766756452997,EPB41L2
ENSG00000164691.18,0.02661851880518433,0.4654252977694876,TAGAP
ENSG00000167978.17,0.5041504691646695,0.8806972250572762,SRRM2
ENSG00000165178.9,0.48748879241641496,0.8726616319647593,NCF1C
ENSG00000060237.18,0.6606700399594324,0.9331066559292748,WNK1
ENSG00000169313.10,0.06573932883188377,0.5565737045693097,P2RY12
ENSG00000075240.17,0.6677810278887313,0.9354155514271939,GRAMD4
ENSG00000227403.2,0.0010797435145225255,0.3251137189732896,LINC01806
ENSG00000132205.11,0.6973415406423837,0.9424247357938722,EMILIN2
ENSG00000152818.18,0.6181535053515964,0.9208522890139409,UTRN
ENSG00000102265.12,0.2314496508401528,0.74419349195278,TIMP1
ENSG00000278709.2,0.012417068815959746,0.42500769577816633,NKILA
ENSG00000244086.1,0.05623707029909158,0.5370653141972119,AC110749.1
ENSG00000233426.3,0.38979526372152196,0.8405890229109156,EIF3FP3
ENSG00000166148.4,0.311046960425063,0.7955355439635531,AVPR1A
ENSG00000252503.1,0.4468440354305502,0.8598988221012636,RNU6-531P
ENSG00000184185.10,0.2242603205368533,0.7375879981066568,KCNJ12
ENSG00000150625.16,0.24693632006966532,0.7521281195487424,GPM6A
ENSG00000177337.8,0.35454851102585117,0.8179639595633617,DLGAP1-AS1
ENSG00000068079.8,0.016146594124424048,0.4374080164244873,IFI35
ENSG00000161996.19,0.6483875773043117,0.9298185784418065,WDR90
ENSG00000271749.1,0.49822059059767154,0.8776853691041558,AC005828.6
ENSG00000276644.5,0.5377857473328197,0.8957433694256903,DACH1
ENSG00000224805.2,0.8979254989953799,0.9849234764572464,LINC00853
ENSG00000114654.7,0.33883746469999754,0.8065126189054084,EFCC1
ENSG00000144218.19,0.6510521183063174,0.9303376608044333,AFF3
ENSG00000275392.1,0.1746777501177808,0.6927142473482991,AL445493.3
ENSG00000113263.13,0.03965514121787053,0.4939440179824599,ITK
ENSG00000207359.1,0.6536312125981972,0.930956497700324,RNU6-925P
ENSG00000173821.19,0.997092154830946,0.9995597017000601,RNF213
ENSG00000200651.1,0.5200397614262893,0.8877363166357696,Y_RNA
ENSG00000207475.1,0.9230706400772557,0.9876697076255315,SNORA80E
ENSG00000218336.9,0.5600898793920226,0.9035268196516303,TENM3
ENSG00000123104.12,0.13298404322243557,0.6644572316236499,ITPR2
ENSG00000110723.12,0.7504986698880637,0.9510551623399823,EXPH5
ENSG00000103196.12,0.7985235380200629,0.961891359147811,CRISPLD2
ENSG00000283063.1,0.22905195848407406,0.7428458350180508,TRBV6-2
ENSG00000268027.5,0.00879651886306892,0.422343717894382,AC243960.1
ENSG00000213398.8,0.6773752309069816,0.9385116734699985,LCAT
ENSG00000163131.11,0.4714744596153728,0.8691674752144012,CTSS
ENSG00000201684.1,0.6152767413590314,0.9208522890139409,RN7SKP239
ENSG00000168487.20,0.1498682559231449,0.674538134352904,BMP1
ENSG00000162643.13,0.9427299188065374,0.98888717134306,DNAI3
ENSG00000177335.11,0.11795702834970928,0.6557466683289438,C8orf31
ENSG00000261834.2,0.45026910715950197,0.8599279006790084,IGHV3OR16-15
ENSG00000281398.4,0.936487481182801,0.9877707876523755,SNHG4
ENSG00000228236.2,0.9065114535938099,0.9866513032422775,TXNP5
ENSG00000153885.14,0.5449998772572191,0.8994501775504316,KCTD15
ENSG00000213626.13,0.3820032419871109,0.838267046379356,LBH
ENSG00000270605.1,0.9038642049876351,0.9859353384962637,AL353622.1
ENSG00000079462.8,0.04725214609530567,0.5134127412278404,PAFAH1B3
ENSG00000179066.8,0.8258537370799293,0.9690703249224508,AC020907.1
ENSG00000176678.6,0.27721745218302296,0.7729256421458272,FOXL1
ENSG00000150054.18,0.00832657541263876,0.422343717894382,MPP7
ENSG00000132718.9,0.0013243859654701302,0.3251137189732896,SYT11
ENSG00000151208.17,0.7956845416084135,0.961891359147811,DLG5
ENSG00000274210.1,0.36556277806234694,0.8235834732193577,RNVU1-27
ENSG00000271267.1,0.6517855778300581,0.9303376608044333,AL353807.4
ENSG00000178429.9,0.8232515096442363,0.9683758068252137,RPS3AP5
ENSG00000068831.19,0.17718584036321383,0.694519324714084,RASGRP2
ENSG00000274341.1,0.4501477886762981,0.8599279006790084,AC005899.6
ENSG00000118508.5,0.9106049358927717,0.9872860397490922,RAB32
ENSG00000272645.3,0.29750109761468563,0.7856471357583823,GTF2IP20
ENSG00000188452.14,0.2752284031611913,0.7718333667520658,CERKL
ENSG00000146733.14,0.21546705280488346,0.7288985188261606,PSPH
ENSG00000275479.1,0.515825338538761,0.8853053511729732,AC087741.2
ENSG00000167363.14,0.6210920892010587,0.920864670733086,FN3K
ENSG00000224566.2,0.9493424090466176,0.9900147107195209,FAM96AP2
ENSG00000265936.1,0.6776528467005241,0.9385116734699985,AC091042.1
ENSG00000208036.1,0.9940582971557849,0.9995597017000601,MIR106B
ENSG00000095637.22,0.4871410747427197,0.8726616319647593,SORBS1
ENSG00000074219.14,0.43024808672324977,0.855072204492913,TEAD2
ENSG00000272081.1,0.20502576406227774,0.7222714121811048,AC008972.2
ENSG00000095752.7,0.30455464377434205,0.7901040446884374,IL11
ENSG00000260231.2,0.18660963618821483,0.7073857182115731,KDM7A-DT
ENSG00000244398.1,0.17930882156720104,0.6983263316896511,AC116533.1
ENSG00000166173.11,0.2034012077906692,0.7219515486589062,LARP6
ENSG00000161929.15,0.012251430940295056,0.42500769577816633,SCIMP
ENSG00000103187.8,0.6130047652833932,0.9208522890139409,COTL1
ENSG00000136274.9,0.40231248251307994,0.845005771821153,NACAD
ENSG00000243964.1,0.8249121691217973,0.9690644707396778,RPL23AP65
ENSG00000249312.1,0.10900720777404876,0.6392614434779952,ARL2BPP4
ENSG00000178685.14,0.5030617477623449,0.8799686919062689,PARP10
ENSG00000242953.1,0.3915268220028133,0.8409678168383927,AC139453.1
ENSG00000064309.14,0.1629379641484453,0.6859176670645036,CDON
ENSG00000109790.16,0.07503619980126523,0.5697943248310305,KLHL5
ENSG00000240225.10,0.32776729277168554,0.8052370663303848,ZNF542P
ENSG00000123700.5,0.18336436633998754,0.7051104218518723,KCNJ2
ENSG00000179820.16,0.2139201159061809,0.7284150309160099,MYADM
ENSG00000233559.2,0.31779859088853707,0.7998049169355165,LINC00513
ENSG00000279662.1,0.5216674630215048,0.8882047498261018,AC131649.2
ENSG00000156587.16,0.903542382513506,0.9857958959561148,UBE2L6
ENSG00000162614.19,0.7104149912361615,0.9437001604195177,NEXN
ENSG00000267519.6,0.20385267376888302,0.7219515486589062,AC020916.1
ENSG00000129596.5,0.09282117814225183,0.6098135540740963,CDO1
ENSG00000226953.8,0.27310391022356656,0.7707710556231608,NCKAP5-AS2
ENSG00000215845.11,0.6624171095419871,0.9331066559292748,TSTD1
ENSG00000172578.12,0.040293436513966274,0.49522309605858,KLHL6
ENSG00000232756.1,0.43532433914340085,0.8566153642682873,AC004990.1
ENSG00000260908.1,0.2811027886419269,0.777282484252833,AC009093.3
ENSG00000119946.11,0.19955950938343622,0.7171811536678694,CNNM1
ENSG00000228526.7,0.15000288168953158,0.674538134352904,MIR34AHG
ENSG00000026025.16,0.3967132378450303,0.8418423607478821,VIM
ENSG00000174791.11,0.09096701240829169,0.607727253504719,RIN1
ENSG00000171462.15,0.9479714795696484,0.98976430879038,DLK2
ENSG00000136840.19,0.03704120061285057,0.49106991772126546,ST6GALNAC4
ENSG00000248367.1,0.4782111163876964,0.8719141432457757,AC008610.1
ENSG00000134198.10,0.3271243966794298,0.805154585403318,TSPAN2
ENSG00000145730.20,0.7896223455649221,0.9608714494139055,PAM
ENSG00000213260.3,0.3345363149647575,0.8054859623092716,YWHAZP5
ENSG00000135838.13,0.3155526595837943,0.798715180800932,NPL
ENSG00000127507.18,0.9554566379044527,0.9914288671218165,ADGRE2
ENSG00000181104.7,0.6097252297461133,0.9202302169989995,F2R
ENSG00000105467.9,0.027213361883761653,0.4654252977694876,SYNGR4
ENSG00000134884.15,0.8630315692355266,0.9767825170272918,ARGLU1
ENSG00000244425.3,0.22708231480807317,0.7408444690626698,RN7SL268P
ENSG00000287978.1,0.9816675613477643,0.9970455072240391,AC245407.2
ENSG00000264610.1,0.3559132469926142,0.8193462699975489,MIR4685
ENSG00000076003.5,0.431397623247914,0.855072204492913,MCM6
ENSG00000233578.1,0.5852764873692942,0.9076064088245793,EIF4EP1
ENSG00000185565.12,0.030938478986595394,0.4756355531207096,LSAMP
ENSG00000263293.2,0.3883920203457083,0.8402414180211534,THCAT158
ENSG00000101670.12,0.8737099362413774,0.9785815682890977,LIPG
ENSG00000164104.12,0.16059053328551565,0.6838929581569986,HMGB2
ENSG00000278342.1,0.38382966956999853,0.838267046379356,AL133373.2
ENSG00000202290.1,0.7428939793725677,0.9497408601738444,RNA5SP37
ENSG00000015285.11,0.5023265728157218,0.8794891790598558,WAS
ENSG00000264961.1,0.7178993371075791,0.9441033806141912,MIR4730
ENSG00000196335.13,0.05482781095151896,0.5327862218998956,STK31
ENSG00000117266.16,0.6094509542731551,0.9199918031108124,CDK18
ENSG00000127415.13,0.2709935808591632,0.7705023171721327,IDUA
ENSG00000255150.2,0.2448643688172395,0.7508183930972546,EID3
ENSG00000273230.1,0.11541142194702572,0.6514989677609411,AC102953.2
ENSG00000013810.20,0.07490903729505938,0.5697943248310305,TACC3
ENSG00000101335.10,0.8109394856397114,0.9657626497863985,MYL9
ENSG00000198157.11,0.5800401949453073,0.9070406342289169,HMGN5
ENSG00000180389.7,0.32688385387075947,0.805154585403318,ATP5F1EP2
ENSG00000133574.10,0.03184844942898814,0.47582071332785353,GIMAP4
ENSG00000126860.12,0.49847523814297234,0.8776853691041558,EVI2A
ENSG00000102007.11,0.3281265936009851,0.8052370663303848,PLP2
ENSG00000235563.1,0.18716027685287884,0.7074617856939573,AL445183.2
ENSG00000182162.11,0.0029868143238863834,0.3474367838520778,P2RY8
ENSG00000275344.1,0.05607669189973335,0.5370653141972119,MIR6503
ENSG00000183876.9,0.627019807881762,0.923570100785026,ARSI
ENSG00000229939.1,0.665600484348311,0.9354155514271939,AL589880.1
ENSG00000210082.2,0.0070228761586583295,0.41704627460330884,MT-RNR2
ENSG00000183186.8,0.8999653041224049,0.9849234764572464,C2CD4C
ENSG00000234017.1,0.9514335848492537,0.9901922126434592,AC022018.1
ENSG00000160856.21,0.01457152451941235,0.43052179705736865,FCRL3
ENSG00000105967.16,0.226122377845242,0.7403261625645133,TFEC
ENSG00000174669.12,0.5750057088208339,0.9063960057339171,SLC29A2
ENSG00000275373.1,0.929086813219954,0.9876697076255315,MIR6124
ENSG00000043462.13,0.11137579750718479,0.6400259903625983,LCP2
ENSG00000166501.14,0.0005000448384379268,0.3251137189732896,PRKCB
ENSG00000104953.20,0.7339949742627905,0.946497911303388,TLE6
ENSG00000226943.3,0.3937596263528105,0.8410443497529722,ALG1L5P
ENSG00000088538.13,0.1613830949574618,0.6840062348190279,DOCK3
ENSG00000025708.14,0.35186969918398703,0.8142509365701718,TYMP
ENSG00000261578.1,0.13701607813707364,0.667794102766811,AP003119.3
ENSG00000272583.1,0.6301146804016688,0.92367383691023,AL592494.2
ENSG00000207185.1,0.6178953318154417,0.9208522890139409,RNU6-1157P
ENSG00000236698.1,0.7842318930320362,0.9603993609835769,EIF1AXP1
ENSG00000244124.1,0.10062660739108303,0.6244867620898755,ATP1B3-AS1
ENSG00000224060.3,0.5237820808481718,0.8892715731936122,ARSLP1
ENSG00000200714.1,0.3634106347741102,0.8235807736994303,Y_RNA
ENSG00000157654.19,0.24205215232322463,0.7493669373294352,PALM2AKAP2
ENSG00000283475.1,0.8357513909608643,0.9715926353890115,MIR1244-4
ENSG00000168994.14,0.34482173224465196,0.8110436818481109,PXDC1
ENSG00000105270.15,0.8499889762927606,0.9747476639069517,CLIP3
ENSG00000254682.1,0.2583443835969248,0.7617430548697861,AP002387.1
ENSG00000274373.1,0.5808910342926686,0.9070781322354399,AC148476.1
ENSG00000211799.3,0.3316117183339302,0.8054859623092716,TRAV19
ENSG00000244694.7,0.7069227156965758,0.9436811839781982,PTCHD4
ENSG00000163354.15,0.39385766633219244,0.8410443497529722,DCST2
ENSG00000102755.12,0.9178770206690624,0.9874506284859019,FLT1
ENSG00000270000.1,0.06874224669972644,0.5642095455736198,AC005479.2
ENSG00000177076.6,0.039804061553636985,0.4939440179824599,ACER2
ENSG00000176463.14,0.5635449223374833,0.9035268196516303,SLCO3A1
ENSG00000010292.13,0.33667581908261995,0.8065126189054084,NCAPD2
ENSG00000223254.1,0.7845305941811518,0.9603993609835769,Y_RNA
ENSG00000262873.2,0.8579917648406941,0.9767825170272918,AC127496.5
ENSG00000225315.2,0.34477347890413157,0.8110436818481109,AL591178.1
ENSG00000112576.13,0.37216518683712374,0.8290611797181917,CCND3
ENSG00000265519.1,0.9715867960560977,0.9954557710227082,AC015922.2
ENSG00000106034.18,0.06415915394066178,0.5541251395773064,CPED1
ENSG00000238105.7,0.2759848159901984,0.7718333667520658,GOLGA2P5
ENSG00000163638.13,0.7287621148577936,0.9449985659619017,ADAMTS9
ENSG00000170153.11,0.19952209754996394,0.7171811536678694,RNF150
ENSG00000102981.10,0.512582485976535,0.8843766412087203,PARD6A
ENSG00000116133.13,0.33186208863926614,0.8054859623092716,DHCR24
ENSG00000196503.5,0.7278689598490882,0.9449275352710138,ARL9
ENSG00000255277.3,0.01311344449995841,0.42500769577816633,ABCC6P2
ENSG00000135960.10,0.9630072121275494,0.9939179342287208,EDAR
ENSG00000284670.1,0.3519499307374737,0.8142509365701718,AC092128.1
ENSG00000178163.8,0.9942851600157043,0.9995597017000601,ZNF518B
ENSG00000133561.15,0.002106659241292449,0.3436589480009844,GIMAP6
ENSG00000224899.1,0.6036383364423442,0.9157612660642391,LINC02830
ENSG00000254548.1,0.07164696747465667,0.5684862287806207,AC105219.1
ENSG00000013573.17,0.5840950871857908,0.9076064088245793,DDX11
ENSG00000252349.1,0.03014967698307605,0.4756355531207096,AC005722.2
ENSG00000137936.18,0.0386489526889623,0.49106991772126546,BCAR3
ENSG00000260563.3,0.8079605897844973,0.9651433907711591,AC132872.1
ENSG00000004478.8,0.0036733240639472667,0.3642012503073679,FKBP4
ENSG00000111602.12,0.2036337662191139,0.7219515486589062,TIMELESS
ENSG00000255031.5,0.9318905503011714,0.9876697076255315,AP002807.1
ENSG00000072071.16,0.15943618675000926,0.6838929581569986,ADGRL1
ENSG00000081803.16,0.24642035390080186,0.7520003855537587,CADPS2
ENSG00000196141.14,0.024775735630153423,0.4600429957364149,SPATS2L
ENSG00000047644.19,0.10641985713451205,0.6324171007519722,WWC3
ENSG00000137962.13,0.5619968864895362,0.9035268196516303,ARHGAP29
ENSG00000223745.8,0.4651134169060084,0.866995014270197,CCDC18-AS1
ENSG00000163545.11,0.9281959172248241,0.9876697076255315,NUAK2
ENSG00000259405.1,0.17353030945211503,0.6927142473482991,ISCA1P4
ENSG00000040608.14,0.8304963501897907,0.9709332612582274,RTN4R
ENSG00000276529.1,0.16872188973911378,0.6918559605165319,AP001505.1
ENSG00000162512.16,0.1857612300632527,0.7067683164022746,SDC3
ENSG00000111817.19,0.6163579162950973,0.9208522890139409,DSE
ENSG00000084734.9,0.6064247973763561,0.9177135500474318,GCKR
ENSG00000187634.12,0.823393588581878,0.9683758068252137,SAMD11
ENSG00000244649.5,0.22187267225199164,0.734906925513331,LINC02086
ENSG00000262410.1,0.7684314296983341,0.9563717850694351,AC024361.1
ENSG00000199226.1,0.1392568274689251,0.6687186348147438,RNU6-50P
ENSG00000112214.10,0.30610357572765223,0.7917852465682568,FHL5
ENSG00000168734.14,0.904308447594774,0.9859517326636337,PKIG
ENSG00000022567.10,0.9467213570776583,0.9892711336977343,SLC45A4
ENSG00000166104.15,0.42999127941214554,0.8550559007103367,AC126323.1
ENSG00000076826.10,0.3690733410828423,0.8267861114969369,CAMSAP3
ENSG00000201440.1,0.8731240534310738,0.9783838026122388,RNA5SP515
ENSG00000254157.1,0.8715290128395176,0.9783838026122388,IGKV2-18
ENSG00000130300.9,0.728605827819792,0.9449985659619017,PLVAP
ENSG00000082014.17,0.3414884792557539,0.8080245608331124,SMARCD3
ENSG00000145103.15,0.5953407415527721,0.9108598192809337,ILDR1
ENSG00000126705.15,0.2139185940009106,0.7284150309160099,AHDC1
ENSG00000126218.12,0.3760220735467944,0.8329051780868845,F10
ENSG00000169432.18,0.5401474923366898,0.8964298505394434,SCN9A
ENSG00000123473.16,0.39921654883568514,0.8430019955902819,STIL
ENSG00000134247.10,0.5338548082859917,0.8938816911342454,PTGFRN
ENSG00000229836.1,0.7584953664737666,0.953847114277821,AL671883.1
ENSG00000186417.14,0.21233657011538046,0.7280373947172343,GLDN
ENSG00000224652.2,0.6563716890272292,0.9325338476798936,LINC00885
ENSG00000256232.1,0.8949272488031738,0.9849234764572464,LINC02387
ENSG00000248347.3,0.9075687986630806,0.9870260433676333,AC120036.1
ENSG00000148053.17,0.14465470308370243,0.6702993118382483,NTRK2
ENSG00000125462.19,0.4653908065989979,0.8670092468948896,MIR9-1HG
ENSG00000230266.1,0.7603665847540327,0.9546114685332002,XXYLT1-AS2
ENSG00000162804.14,0.8998661543197342,0.9849234764572464,SNED1
ENSG00000273373.1,0.2965171850768216,0.7854825845156927,AL355488.1
ENSG00000226660.2,0.034106501567005225,0.4866736317915008,TRBV2
ENSG00000125844.16,0.7627202379252491,0.9548136640021437,RRBP1
ENSG00000146267.12,0.3458517613161135,0.8118568868399018,FAXC
ENSG00000184445.12,0.5496241956505172,0.901589543674977,KNTC1
ENSG00000223825.5,0.7374347573655432,0.9471628153863872,DAZAP2P1
ENSG00000165591.6,0.027840949839442467,0.46736965671443764,FAAH2
ENSG00000180263.14,0.19903077675831382,0.7167313718939021,FGD6
ENSG00000272221.1,0.12264866640233395,0.6575903912309904,AL645933.2
ENSG00000155966.14,0.19285582868728463,0.7127638121862945,AFF2
ENSG00000288638.1,0.9595392291816568,0.9921510199773733,LNCDAT
ENSG00000233830.2,0.4403232024604503,0.8582249401666611,EIF4HP1
ENSG00000252391.1,0.38681266928105584,0.8387303218237806,RNU6-638P
ENSG00000268686.2,0.0808560242491815,0.580900228711195,AC010643.1
ENSG00000116032.5,0.4852295902108602,0.8719141432457757,GRIN3B
ENSG00000110721.12,0.2142273238898096,0.7285202630990516,CHKA
ENSG00000086730.17,0.25836795525993095,0.7617430548697861,LAT2
ENSG00000279794.1,0.6339914084574603,0.924230011223463,AC024580.1
ENSG00000065911.13,0.46831836552043504,0.8685318871154436,MTHFD2
ENSG00000144730.19,0.8154754388704211,0.9678725546419633,IL17RD
ENSG00000273338.1,0.9203013180132957,0.9874506284859019,AC103591.3
ENSG00000230107.1,0.23358399595987905,0.74501992259784,AL022316.1
ENSG00000123329.20,0.03158635758442577,0.4756355531207096,ARHGAP9
ENSG00000207175.1,0.3414950830423634,0.8080245608331124,RNU1-67P
ENSG00000134222.16,0.2621346545866344,0.7643131248871688,PSRC1
ENSG00000126970.16,0.3354397779717742,0.805520506883741,ZC4H2
ENSG00000259023.3,0.2578384625025458,0.7617430548697861,LINC00524
ENSG00000197977.4,0.9533836938870353,0.9906056725320317,ELOVL2
ENSG00000103522.16,0.39310160336624556,0.8410443497529722,IL21R
ENSG00000188672.19,0.833985469034137,0.9714795083596443,RHCE
ENSG00000171724.3,0.8152864665996423,0.9678725546419633,VAT1L
ENSG00000150540.14,0.8698858409716935,0.9783838026122388,HNMT
ENSG00000172935.9,0.21296965308820848,0.7283138590262555,MRGPRF
ENSG00000124762.14,0.5056945440059728,0.8808364294943253,CDKN1A
ENSG00000211716.2,0.11377701379200865,0.648397823555323,TRBV9
ENSG00000155254.13,0.2758895727107028,0.7718333667520658,MARVELD1
ENSG00000100345.22,0.9998690257138448,0.999992258902376,MYH9
ENSG00000222282.1,0.06882170971659751,0.5642095455736198,RNU6-584P
ENSG00000261220.2,0.2583001300414989,0.7617430548697861,AC103706.1
ENSG00000198189.11,0.15775241417617822,0.6811253254004201,HSD17B11
ENSG00000127329.16,0.7066680514958213,0.9436811839781982,PTPRB
ENSG00000143412.10,0.40461643789971435,0.8462583743948848,ANXA9
ENSG00000073060.16,0.8701495269379256,0.9783838026122388,SCARB1
ENSG00000140416.23,0.17827365946028345,0.6964518223796331,TPM1
ENSG00000103710.11,0.4013477422294993,0.8444215855014771,RASL12
ENSG00000027869.12,0.8548114598869865,0.9764661858590349,SH2D2A
ENSG00000167208.15,0.08316046421183804,0.5914355452192538,SNX20
ENSG00000155760.2,0.38968862948025396,0.8405882353937303,FZD7
ENSG00000205084.11,0.6123128359104064,0.9208522890139409,TMEM231
ENSG00000164484.12,0.3099677017016332,0.7955355439635531,TMEM200A
ENSG00000235350.1,0.5306585327640323,0.8938816911342454,AL606490.8
ENSG00000175866.15,0.8284277529386133,0.9703163257590058,BAIAP2
ENSG00000199961.1,0.5740728992614508,0.9061361884493208,SNORD1B
ENSG00000275703.1,0.5802799402254215,0.9070781322354399,U47924.3
ENSG00000182095.14,0.8083690055060933,0.9651433907711591,TNRC18
ENSG00000214826.5,0.2765473620266007,0.7724186559429419,DDX12P
ENSG00000152763.17,0.4704224719724911,0.8686029686938693,DNAI4
ENSG00000269834.6,0.9194335787911947,0.9874506284859019,ZNF528-AS1
ENSG00000228168.1,0.9672967572674437,0.995099148131809,HNRNPA1P21
ENSG00000200579.1,0.6351008042159758,0.9248246246959441,Y_RNA
ENSG00000159618.16,0.05014782841918529,0.520898242274711,ADGRG5
ENSG00000145681.11,0.5044036718044904,0.8806972250572762,HAPLN1
ENSG00000148180.21,0.8334289864925333,0.9713309684921082,GSN
ENSG00000157388.19,0.06018407344306416,0.5485465594748047,CACNA1D
ENSG00000204388.7,0.271289851823059,0.7705023171721327,HSPA1B
ENSG00000100311.17,0.011465455775843784,0.4228685279940024,PDGFB
ENSG00000255571.9,0.2605374417185002,0.7630683561495547,MIR9-3HG
ENSG00000154127.10,0.9716555118129917,0.9954557710227082,UBASH3B
ENSG00000183801.8,0.3969958752415972,0.8418423607478821,OLFML1
ENSG00000207588.1,0.10197615412670598,0.6263245177051079,MIR593
ENSG00000135253.15,0.07840072024851552,0.5758121607852904,KCP
ENSG00000175183.10,0.3803117459800982,0.8365589295613395,CSRP2
ENSG00000128604.20,0.7603554399362333,0.9546114685332002,IRF5
ENSG00000226012.1,0.3379061688670491,0.8065126189054084,AP001434.1
ENSG00000232187.1,0.6321679002911731,0.92367383691023,FTH1P7
ENSG00000184545.11,0.8502362793005598,0.9747476639069517,DUSP8
ENSG00000166503.9,0.3187658381673039,0.8001564140163943,HDGFL3
ENSG00000246451.2,0.4549654310743897,0.8607505064645543,AL049840.2
ENSG00000204228.4,0.8845856359621939,0.9825968797164659,HSD17B8
ENSG00000206838.1,0.084377047393034,0.5948506638849367,SNORA5A
ENSG00000170382.12,0.8751883895623646,0.978818292930578,LRRN2
ENSG00000227775.3,0.3864544374958534,0.8384132201295119,AL031282.1
ENSG00000198736.12,0.9249179979877471,0.9876697076255315,MSRB1
ENSG00000105711.13,0.5906556639548504,0.9094970414410876,SCN1B
ENSG00000152127.9,0.4017948805106588,0.8448278519809751,MGAT5
ENSG00000176293.20,0.6766541417011105,0.9385116734699985,ZNF135
ENSG00000269397.1,0.09522518825003574,0.6138106142197182,AC011503.2
ENSG00000166289.6,0.199160636668468,0.7167313718939021,PLEKHF1
ENSG00000197594.13,0.0029563509299093934,0.3474367838520778,ENPP1
ENSG00000147138.3,0.006678515631664563,0.41653625199180777,GPR174
ENSG00000007171.18,0.057063360987185924,0.5389331767568732,NOS2
ENSG00000138152.10,0.3003890806396419,0.7878478351615926,BTBD16
ENSG00000147862.17,0.8734411292655416,0.978461879689907,NFIB
ENSG00000167680.17,0.37833169039427983,0.8348911733209756,SEMA6B
ENSG00000137166.16,0.7474902586392704,0.9499217968867156,FOXP4
ENSG00000177042.14,0.6338430042773875,0.924230011223463,TMEM80
ENSG00000142046.15,0.799553073077929,0.961891359147811,TMEM91
ENSG00000144712.12,0.8228324873770935,0.9683758068252137,CAND2
ENSG00000267475.1,0.674106777101703,0.9382208983470575,AC008736.1
ENSG00000221990.4,0.3039173072542973,0.7899004875142106,EXOC3-AS1
ENSG00000125735.11,0.9866897735709059,0.9979803538523901,TNFSF14
ENSG00000243232.6,0.5922311130183668,0.9099406358722543,PCDHAC2
ENSG00000223923.2,0.799057812985063,0.961891359147811,TNS1-AS1
ENSG00000146112.12,0.810804678572465,0.9657626497863985,PPP1R18
ENSG00000104081.14,0.993082011191373,0.9995597017000601,BMF
ENSG00000204444.11,0.46953484715268945,0.8686029686938693,APOM
ENSG00000170954.11,0.7193081661241759,0.9441033806141912,ZNF415
ENSG00000167548.16,0.36917933575312023,0.8267861114969369,KMT2D
ENSG00000215146.5,0.9315222047526597,0.9876697076255315,BX322639.1
ENSG00000163534.15,0.030808800506509627,0.4756355531207096,FCRL1
ENSG00000178462.12,0.9123451307937424,0.9874506284859019,TUBAL3
ENSG00000239763.2,0.08455461536230116,0.5949982089294241,AC009120.1
ENSG00000203907.9,0.24311862066522494,0.7497342259110835,OOEP
ENSG00000264281.3,0.6609853951210664,0.9331066559292748,AC016596.2
ENSG00000166016.6,0.10326860684901652,0.627866779535527,ABTB2
ENSG00000272927.1,0.4208122845353285,0.852182583377995,AC107464.2
ENSG00000182963.11,0.30044194862510576,0.7878478351615926,GJC1
ENSG00000224220.1,0.09431449049675193,0.6123586449973578,DTNB-AS1
ENSG00000276903.2,0.2272610926968119,0.7408444690626698,H2AC16
ENSG00000013364.19,0.6007562363252923,0.9144477008935308,MVP
ENSG00000200403.1,0.1845477876009451,0.7067683164022746,RNU6-1099P
ENSG00000244932.2,0.5046099919214525,0.8806972250572762,AL449212.1
ENSG00000117461.15,0.48219933885052035,0.8719141432457757,PIK3R3
ENSG00000279989.1,0.886525460604811,0.9839226032529894,AC011815.3
ENSG00000184905.9,0.8085033520030906,0.9651433907711591,TCEAL2
ENSG00000175643.10,0.3319505370327792,0.8054859623092716,RMI2
ENSG00000158486.13,0.8571989908034138,0.9767825170272918,DNAH3
ENSG00000259842.2,0.07058979700216284,0.5674162817041065,IGHV3OR16-16
ENSG00000104450.13,0.776077108291013,0.9579853193791998,SPAG1
ENSG00000200534.1,0.9266568217803611,0.9876697076255315,SNORA33
ENSG00000150045.12,0.6682722226441306,0.9354155514271939,KLRF1
ENSG00000188573.8,0.7975305433542755,0.961891359147811,FBLL1
ENSG00000099840.14,0.11970605490179635,0.6573633100167535,IZUMO4
ENSG00000115507.10,0.7948966215205442,0.9618528799491365,OTX1
ENSG00000223023.1,0.8439725100052111,0.9737197424360006,Y_RNA
ENSG00000198108.4,0.7170843098294408,0.9441033806141912,CHSY3
ENSG00000197774.13,0.7346741594264692,0.946497911303388,EME2
ENSG00000258682.1,0.7684588565383914,0.9563717850694351,AL132989.1
ENSG00000127603.30,0.33530983172232404,0.805520506883741,MACF1
ENSG00000165244.7,0.08898786813466483,0.6027299826798252,ZNF367
ENSG00000158517.15,0.29872047604451407,0.7873501442511079,NCF1
ENSG00000156381.9,0.9794272699103522,0.9969839627241234,ANKRD9
ENSG00000080200.10,0.3453427608408488,0.8117605794501684,CRYBG3
ENSG00000001561.7,0.24830118536339957,0.7525991292655084,ENPP4
ENSG00000134504.14,0.928901774090314,0.9876697076255315,KCTD1
ENSG00000176533.13,0.0011315648339958618,0.3251137189732896,GNG7
ENSG00000205057.6,0.1643181518165321,0.6876654434879745,CLLU1-AS1
ENSG00000198483.13,0.43658064889769255,0.8582249401666611,ANKRD35
ENSG00000171115.4,0.0032433115375396374,0.3642012503073679,GIMAP8
ENSG00000132464.13,0.32296681022610274,0.8036388314342652,ENAM
ENSG00000183578.8,0.7765054672002004,0.9580655507024779,TNFAIP8L3
ENSG00000149150.9,0.028507990934309328,0.46736965671443764,SLC43A1
ENSG00000256967.1,0.7852196863169777,0.9604279756869173,AC018653.3
ENSG00000123146.20,0.9086050243266183,0.9870270815175733,ADGRE5
ENSG00000120280.6,0.001379820520874979,0.3251137189732896,CXorf21
ENSG00000135333.14,0.4627028614766189,0.8657087137718055,EPHA7
ENSG00000128203.7,0.8045906689300473,0.9631223049692303,ASPHD2
ENSG00000033170.17,0.17531337895527238,0.6927142473482991,FUT8
ENSG00000206601.1,0.8553873120640749,0.9767825170272918,RNU6-431P
ENSG00000141577.14,0.36141404316005443,0.8235807736994303,CEP131
ENSG00000169169.15,0.7134473361248949,0.9440985964911512,CPT1C
ENSG00000148175.13,0.4767817348043284,0.8719141432457757,STOM
ENSG00000224034.1,0.20788570727557745,0.7244173771688763,LINC02561
ENSG00000272144.1,0.9561035529618601,0.9914288671218165,AC025171.4
ENSG00000197728.11,0.10017018262286366,0.6244867620898755,RPS26
ENSG00000100003.18,0.2911795115960514,0.7834115431036621,SEC14L2
ENSG00000138587.6,0.40965819699701445,0.8487156464762662,MNS1
ENSG00000136068.15,0.5662470633646662,0.9041207652835104,FLNB
ENSG00000198795.11,0.5083474492377229,0.8823488792753093,ZNF521
ENSG00000226652.3,0.023452958094629123,0.45446155147114187,PSMD10P2
ENSG00000129810.15,0.05944764129664197,0.5477532167009314,SGO1
ENSG00000072310.17,0.23646003096909643,0.747260698224299,SREBF1
ENSG00000106484.16,0.12512126168637272,0.6582002079982514,MEST
ENSG00000287271.1,0.9350471861077303,0.9877707876523755,AC011455.8
ENSG00000211706.2,0.325098409689328,0.8048602255532347,TRBV6-1
ENSG00000136052.9,0.2309416401024367,0.7432429779078834,SLC41A2
ENSG00000228532.4,0.8979372753431965,0.9849234764572464,SUMO2P21
ENSG00000280693.2,0.19292401539844303,0.7127638121862945,SH3PXD2A-AS1
ENSG00000274963.1,0.33839677316481653,0.8065126189054084,RN7SL600P
ENSG00000272836.1,0.6569607222790709,0.9325338476798936,AL022328.1
ENSG00000110203.9,0.9614844487329148,0.9931237907387512,FOLR3
ENSG00000077044.11,0.596536797008642,0.9119367497274538,DGKD
ENSG00000123989.14,0.16433920181372044,0.6876654434879745,CHPF
ENSG00000134278.15,0.7737348958025999,0.9568836691254875,SPIRE1
ENSG00000115129.14,0.07638837585509792,0.571677324061824,TP53I3
ENSG00000179776.19,0.7292433483604,0.9449985659619017,CDH5
ENSG00000125910.6,0.12826500775006403,0.6620855760341555,S1PR4
ENSG00000228668.1,0.05410029715782274,0.5309346780625035,TRGV5P
ENSG00000243829.1,0.820073034833616,0.9683758068252137,AC011495.1
ENSG00000006025.12,0.9259798021529526,0.9876697076255315,OSBPL7
ENSG00000145247.12,0.23225262607834637,0.7443753129172285,OCIAD2
ENSG00000205189.12,0.8361806447699518,0.9715926353890115,ZBTB10
ENSG00000075426.12,0.33450056361309927,0.8054859623092716,FOSL2
ENSG00000226777.7,0.02694735713759327,0.4654252977694876,FAM30A
ENSG00000198146.4,0.36732910293420373,0.8247440261735882,ZNF770
ENSG00000033327.13,0.02149487361912053,0.45446155147114187,GAB2
ENSG00000139734.19,0.06552815751343119,0.5565737045693097,DIAPH3
ENSG00000127328.22,0.18521066381317827,0.7067683164022746,RAB3IP
ENSG00000207399.1,0.08922842095045201,0.6027299826798252,RNU6-1011P
ENSG00000184785.6,0.9422461497138002,0.98888717134306,SMIM10
ENSG00000237781.3,0.6278055741785236,0.923570100785026,ADAMTSL4-AS2
ENSG00000105223.20,0.7365382125442783,0.9471628153863872,PLD3
ENSG00000274008.1,0.08696554512718002,0.6015457757754022,Metazoa_SRP
ENSG00000130830.15,0.6605256548874703,0.9331066559292748,MPP1
ENSG00000223803.1,0.018243791799349696,0.4534808673388542,RPS20P14
ENSG00000243753.5,0.6958755433070243,0.9424247357938722,HLA-L
ENSG00000162337.12,0.922007199640063,0.9876697076255315,LRP5
ENSG00000142235.12,0.43134821189770434,0.855072204492913,LMTK3
ENSG00000254670.1,0.0970013339024145,0.6202753040970888,RASSF10-DT
ENSG00000154920.15,0.10483978177865103,0.6301253749973149,EME1
ENSG00000121310.17,0.8706896228925755,0.9783838026122388,ECHDC2
ENSG00000186470.14,0.8908036672586906,0.9849234764572464,BTN3A2
ENSG00000197329.12,0.45410340339929356,0.8600496595270013,PELI1
ENSG00000100055.21,0.0727489238766811,0.5697943248310305,CYTH4
ENSG00000129675.16,0.00298285623754505,0.3474367838520778,ARHGEF6
ENSG00000131981.16,0.02347667909871411,0.45446155147114187,LGALS3
ENSG00000141258.13,0.5523479111715588,0.9028106760495546,SGSM2
ENSG00000218208.1,0.7161464881764645,0.9441033806141912,RPS27AP11
ENSG00000116016.14,0.2153061045885022,0.7288985188261606,EPAS1
ENSG00000081985.13,0.90172226055057,0.9849234764572464,IL12RB2
ENSG00000049759.19,0.12724590273213668,0.6620750516106523,NEDD4L
ENSG00000181381.14,0.22465009682962223,0.7379494459810265,DDX60L
ENSG00000149503.13,0.01906298079249234,0.4534808673388542,INCENP
ENSG00000066185.13,0.8722164670906374,0.9783838026122388,ZMYND12
ENSG00000144655.15,0.9303060501543547,0.9876697076255315,CSRNP1
ENSG00000167642.13,0.28566224605686447,0.778045611914473,SPINT2
ENSG00000170779.11,0.0285778790310518,0.46736965671443764,CDCA4
ENSG00000162073.14,0.007832651203340372,0.422343717894382,PAQR4
ENSG00000276368.2,0.6969796546891742,0.9424247357938722,H2AC14
ENSG00000198435.4,0.7384553577660591,0.9476538322181975,NRARP
ENSG00000108557.19,0.9720663896919023,0.9954557710227082,RAI1
ENSG00000273796.1,0.012797296586212566,0.42500769577816633,BX322562.1
ENSG00000268615.1,0.9076646573269487,0.9870260433676333,AL353803.5
ENSG00000101347.10,0.5637849599939212,0.9035268196516303,SAMHD1
ENSG00000272438.1,0.36226474699329614,0.8235807736994303,AL645608.6
ENSG00000078804.13,0.6951121961894724,0.9424247357938722,TP53INP2
ENSG00000116017.11,0.7037271904185528,0.9433377204586122,ARID3A
ENSG00000176928.7,0.48421108436990223,0.8719141432457757,GCNT4
ENSG00000035664.11,0.8260318919258698,0.9691356074063527,DAPK2
ENSG00000034677.13,0.6726952897560865,0.9380611862158953,RNF19A
ENSG00000153714.6,0.9979106257407809,0.9995597017000601,LURAP1L
ENSG00000225978.3,0.2141050182379559,0.7285202630990516,HAR1A
ENSG00000061337.15,0.8664678034393611,0.9777633497436868,LZTS1
ENSG00000171056.8,0.7834331566823761,0.9600869937334292,SOX7
ENSG00000200253.1,0.5710323519981071,0.9044064082612355,RNU6-529P
ENSG00000119782.14,0.7183433468682088,0.9441033806141912,FKBP1B
ENSG00000103154.9,0.955487445203135,0.9914288671218165,NECAB2
ENSG00000169992.10,0.07549721730762758,0.5698151474503798,NLGN2
ENSG00000274225.1,0.4313574935795651,0.855072204492913,AP001065.3
ENSG00000214063.11,0.2819245824679365,0.777282484252833,TSPAN4
ENSG00000130775.16,0.1412664245866554,0.6696621171687488,THEMIS2
ENSG00000132613.15,0.5712843103496266,0.9044064082612355,MTSS2
ENSG00000170776.22,0.45057256607732377,0.8599434754293794,AKAP13
ENSG00000271788.1,0.752619572934552,0.9516017937839363,AC008875.1
ENSG00000233836.7,0.004962398910839581,0.39684372437209603,AC139769.1
ENSG00000133640.20,0.7967522473140798,0.961891359147811,LRRIQ1
ENSG00000146950.13,0.9672269227972056,0.995099148131809,SHROOM2
ENSG00000232533.1,0.0248923390866227,0.4600429957364149,AC093673.1
ENSG00000143847.15,0.26732162320900327,0.7678582761200466,PPFIA4
ENSG00000176435.7,0.4995395032147054,0.8784698689258158,CLEC14A
ENSG00000201544.1,0.31006172099719576,0.7955355439635531,SNORA16B
ENSG00000176619.13,0.02689896745412514,0.4654252977694876,LMNB2
ENSG00000223551.1,0.5854679487590435,0.9076064088245793,TMSB4XP4
ENSG00000254854.1,0.33642796792123536,0.8064076443202944,AP003390.1
ENSG00000115738.10,0.018887814898382572,0.4534808673388542,ID2
ENSG00000104881.16,0.0006817844580198852,0.3251137189732896,PPP1R13L
ENSG00000167799.10,0.6436044488426864,0.9288737868649792,NUDT8
ENSG00000112294.14,0.7589704153164788,0.9539895097971314,ALDH5A1
ENSG00000260912.1,0.07367513711967663,0.5697943248310305,AL158206.1
ENSG00000245849.8,0.8899106034741461,0.9849234764572464,RAD51-AS1
ENSG00000167914.12,0.0666144849659302,0.5565737045693097,GSDMA
ENSG00000189056.14,0.14314999959306715,0.6696621171687488,RELN
ENSG00000224265.1,0.3230810978458866,0.8036388314342652,LINC02633
ENSG00000273032.3,0.4994780075285664,0.8784698689258158,DGCR5
ENSG00000143127.13,0.15044124544439896,0.674538134352904,ITGA10
ENSG00000215105.4,0.9162434273878169,0.9874506284859019,TTC3P1
ENSG00000204397.8,0.5177888434185163,0.8870932968248785,CARD16
ENSG00000197872.11,0.02730311271703094,0.4654252977694876,CYRIA
ENSG00000253209.1,0.5786903691629657,0.9070406342289169,IGHV3-65
ENSG00000201208.1,0.48494975600528856,0.8719141432457757,Y_RNA
ENSG00000005059.16,0.27613476793461844,0.7718333667520658,MCUB
ENSG00000230650.1,0.8716666636340635,0.9783838026122388,AC140479.2
ENSG00000237418.1,0.31039981390131555,0.7955355439635531,AC069257.2
ENSG00000258498.8,0.8946556910391242,0.9849234764572464,DIO3OS
ENSG00000267547.1,0.12928029288668763,0.6620855760341555,AC060766.4
ENSG00000105963.15,0.47000669573448917,0.8686029686938693,ADAP1
ENSG00000196814.15,0.13177353711094247,0.6644572316236499,MVB12B
ENSG00000139278.10,0.2014728786432717,0.7190224570746158,GLIPR1
ENSG00000277572.1,0.380156073845456,0.8364491082385417,AP001347.2
ENSG00000244676.5,0.8074099036010949,0.9651433907711591,AL109761.1
ENSG00000134061.5,0.0203198004232803,0.4534808673388542,CD180
ENSG00000235238.1,0.8665554121895305,0.9777633497436868,SUMO2P1
ENSG00000117984.15,0.19637196438675847,0.7165676690589909,CTSD
ENSG00000268388.6,0.20994878819944646,0.7253337423924395,FENDRR
ENSG00000054793.14,0.7347716784313733,0.946497911303388,ATP9A
ENSG00000266680.1,0.5950787898509007,0.9108598192809337,AL135905.1
ENSG00000146966.13,0.8759995988062135,0.9789710125116061,DENND2A
ENSG00000264349.1,0.9828600504218491,0.9975451906859899,MIR4258
ENSG00000133065.11,0.7411677828298804,0.9489885323039958,SLC41A1
ENSG00000176890.16,0.018460784492867637,0.4534808673388542,TYMS
ENSG00000161835.11,0.7820170060545903,0.9595440264603029,TAMALIN
ENSG00000131370.16,0.1321358934682429,0.6644572316236499,SH3BP5
ENSG00000135740.17,0.5503832144556187,0.9020993009415549,SLC9A5
ENSG00000174776.11,0.7208117776081062,0.9441447156516874,WDR49
ENSG00000258667.2,0.040548350182309796,0.4959602325888798,HIF1A-AS3
ENSG00000185386.15,0.016899147199865044,0.4374080164244873,MAPK11
ENSG00000237854.3,0.6911078531950825,0.9402585343606987,LINC00674
ENSG00000163909.8,0.43804338365048057,0.8582249401666611,HEYL
ENSG00000226251.6,0.4241577813672067,0.8534947979177322,LINC02608
ENSG00000138346.15,0.21471826438656902,0.7286235398102793,DNA2
ENSG00000113749.7,0.16823604475403886,0.690957857971743,HRH2
ENSG00000177875.5,0.5339809709656798,0.8938816911342454,CCDC184
ENSG00000234800.2,0.03429971231882496,0.4866736317915008,PCMTD1P3
ENSG00000231500.7,0.7411948359764964,0.9489885323039958,RPS18
ENSG00000164070.12,0.8198801528336307,0.9683758068252137,HSPA4L
ENSG00000238405.1,0.34293598557861227,0.8090139116990226,RNA5SP311
ENSG00000255443.1,0.8239360420924524,0.9686881826622025,CD44-AS1
ENSG00000260077.1,0.40334388582281067,0.8457251727454523,AC104794.3
ENSG00000111981.5,0.28508220643290316,0.778045611914473,ULBP1
ENSG00000182568.17,0.24586725874316867,0.7514721857258363,SATB1
ENSG00000086506.3,0.03792947386360022,0.49106991772126546,HBQ1
ENSG00000141753.7,0.9975776119892876,0.9995597017000601,IGFBP4
ENSG00000169184.6,0.07899142584238061,0.5765115082089477,MN1
ENSG00000212607.1,0.7707604122034889,0.9563961752089646,SNORA3B
ENSG00000125534.10,0.6970310531289774,0.9424247357938722,PPDPF
ENSG00000140451.13,0.2982669091739535,0.7869550538912515,PIF1
ENSG00000175274.19,0.7580757009195629,0.9536495699513385,TP53I11
ENSG00000288547.3,0.765756787938813,0.9555564201934101,C3orf36
ENSG00000229487.1,0.4330746145721701,0.855072204492913,ALG13-AS1
ENSG00000236305.1,0.6309528457692033,0.92367383691023,SLC12A9-AS1
ENSG00000242294.6,0.2655681949045713,0.7669445884328739,STAG3L5P
ENSG00000175197.12,0.788299070384852,0.9608714494139055,DDIT3
ENSG00000164197.12,0.023730908045178776,0.45446155147114187,RNF180
ENSG00000069431.11,0.7340182599761762,0.946497911303388,ABCC9
ENSG00000188130.14,0.0022913276643300286,0.3436589480009844,MAPK12
ENSG00000135111.16,0.6899387502967881,0.9398816825207783,TBX3
ENSG00000229901.1,0.6810155321610891,0.9385116734699985,FOXO6-AS1
ENSG00000273137.1,0.6712171464500832,0.9374291173404529,AL022328.2
ENSG00000286190.2,0.8580928833131956,0.9767825170272918,AC055839.2
ENSG00000265201.1,0.25917988575922757,0.7623693409077085,MIR4677
ENSG00000072840.13,0.4720862300235543,0.8699475585648171,EVC
ENSG00000168071.22,0.41624053777672076,0.8508898477243562,CCDC88B
ENSG00000116985.12,0.5512933033320424,0.9026557709286804,BMP8B
ENSG00000234705.2,0.29666075754829924,0.7854825845156927,HMGA1P4
ENSG00000060558.4,0.9320999164680934,0.9876697076255315,GNA15
ENSG00000172508.10,0.5688440203805261,0.9041905959309144,CARNS1
ENSG00000132793.12,0.8579797118875732,0.9767825170272918,LPIN3
ENSG00000131067.17,0.10322026403781569,0.627866779535527,GGT7
ENSG00000248712.7,0.053091689879848136,0.5279196495925287,CCDC153
ENSG00000189013.14,0.10223648865330985,0.6263245177051079,KIR2DL4
ENSG00000144749.14,0.0007585683956872664,0.3251137189732896,LRIG1
ENSG00000066923.17,0.3964503510740921,0.8418423607478821,STAG3
ENSG00000163453.11,0.5936916703437467,0.9101015632014577,IGFBP7
ENSG00000119900.9,0.6875270653602696,0.9393841661479239,OGFRL1
ENSG00000258116.1,0.5869683429604854,0.9076064088245793,PPIAP45
ENSG00000099251.14,0.4180630196431877,0.8508898477243562,HSD17B7P2
ENSG00000211793.2,0.020589250776435686,0.4534808673388542,TRAV9-2
ENSG00000228109.1,0.1645529080978485,0.6876654434879745,MELTF-AS1
ENSG00000272864.1,0.45881281499832594,0.8630304626196099,AC135803.1
ENSG00000267904.1,0.07506013735447963,0.5697943248310305,AC024075.1
ENSG00000121413.13,0.8775668034762358,0.9793388001547721,ZSCAN18
ENSG00000147655.12,0.791955112337996,0.9608714494139055,RSPO2
ENSG00000187961.14,0.8577914443765986,0.9767825170272918,KLHL17
ENSG00000197935.7,0.08521976013249363,0.5954825140804678,ZNF311
ENSG00000124343.14,0.7146224960179361,0.9440985964911512,XG
ENSG00000272143.1,0.4179413318381171,0.8508898477243562,FGF14-AS2
ENSG00000126603.9,0.06800662343019998,0.5614855031564736,GLIS2
ENSG00000058056.9,0.18323590555761016,0.7051104218518723,USP13
ENSG00000147065.17,0.27906561699347,0.7758906961048674,MSN
ENSG00000254739.1,0.2819225160356539,0.777282484252833,AC137894.1
ENSG00000148400.12,0.553579548407132,0.903173015394516,NOTCH1
ENSG00000107551.21,0.7621785598942619,0.9546135016627755,RASSF4
ENSG00000088808.18,0.06411943248364761,0.5541251395773064,PPP1R13B
ENSG00000157483.9,0.03574837038802676,0.4907711046618811,MYO1E
ENSG00000117013.17,0.05082633965089267,0.520911232328412,KCNQ4
ENSG00000132692.19,0.04518679439964951,0.5099223044203635,BCAN
ENSG00000003249.15,0.9260740807605199,0.9876697076255315,DBNDD1
ENSG00000169122.11,0.9790612232535139,0.9969839627241234,FAM110B
ENSG00000171310.11,0.33060402079546547,0.8052370663303848,CHST11
ENSG00000196923.14,0.006079883409801361,0.41653625199180777,PDLIM7
ENSG00000105329.11,0.9499154263347737,0.9900147107195209,TGFB1
ENSG00000176909.12,0.8804811028569205,0.9799641935554018,MAMSTR
ENSG00000269352.1,0.350218064767823,0.8131787406907613,PTOV1-AS2
ENSG00000142303.14,0.5008794205055656,0.8792623648910395,ADAMTS10
ENSG00000176222.9,0.8873673631870325,0.9841665511510693,ZNF404
ENSG00000211459.2,0.002389107081235269,0.3436589480009844,MT-RNR1
ENSG00000197562.10,0.8011642260589086,0.9623417940428617,RAB40C
ENSG00000103335.22,0.14062614883388044,0.6695943601910094,PIEZO1
ENSG00000185332.8,0.6316880243377272,0.92367383691023,TMEM105
ENSG00000152784.16,0.8223466218496737,0.9683758068252137,PRDM8
ENSG00000175567.11,0.8656266745323875,0.9774599565383563,UCP2
ENSG00000176845.13,0.04554808220637389,0.5099223044203635,METRNL
ENSG00000133475.17,0.1639185444137995,0.6876654434879745,GGT2
ENSG00000182179.13,0.33260182191383664,0.8054859623092716,UBA7
ENSG00000242242.6,0.6423623915908858,0.9288737868649792,NECTIN3-AS1
ENSG00000276557.1,0.017031816568741098,0.4374080164244873,TRBV18
ENSG00000200152.1,0.44483550143307193,0.8598988221012636,RNU6-216P
ENSG00000214822.8,0.3795928765250337,0.8356748269727293,KRT16P3
ENSG00000162039.17,0.7847644681378173,0.9603993609835769,MEIOB
ENSG00000172197.11,0.6655440483071258,0.9354155514271939,MBOAT1
ENSG00000183723.13,0.418334327418727,0.8508898477243562,CMTM4
ENSG00000140525.19,0.06954756573068455,0.5642095455736198,FANCI
ENSG00000137941.17,0.0345043334296661,0.4870889854952235,TTLL7
ENSG00000127990.19,0.8127248036767105,0.9665694176939978,SGCE
ENSG00000268756.1,0.5042960162020955,0.8806972250572762,AC104534.1
ENSG00000163576.18,0.8223357852624988,0.9683758068252137,EFHB
ENSG00000169891.18,0.810512366000291,0.9657626497863985,REPS2
ENSG00000124713.6,0.3009817697338697,0.7878478351615926,GNMT
ENSG00000221955.11,0.4706049410597043,0.8686029686938693,SLC12A8
ENSG00000010810.17,0.3250656135035907,0.8048602255532347,FYN
ENSG00000051341.14,0.09766611466073931,0.6230152959406838,POLQ
ENSG00000225489.7,0.8989254938861084,0.9849234764572464,AL354707.1
ENSG00000089225.20,0.4167407405639393,0.8508898477243562,TBX5
ENSG00000281780.1,0.24127377084782414,0.7485579798110306,snoZ196
ENSG00000104219.13,0.3279974037393919,0.8052370663303848,ZDHHC2
ENSG00000120756.13,0.3516255107851588,0.8142148098098965,PLS1
ENSG00000035720.8,0.0025725710074518578,0.3436589480009844,STAP1
ENSG00000099814.16,0.5586111026485923,0.9035268196516303,CEP170B
ENSG00000131097.7,0.6876149585330569,0.9393841661479239,HIGD1B
ENSG00000234997.2,0.2594649610279136,0.7623693409077085,AC016745.1
ENSG00000104044.16,0.30306915161713033,0.7893569276560753,OCA2
ENSG00000124374.9,0.009713914065695545,0.422343717894382,PAIP2B
ENSG00000226360.5,0.24777398381869942,0.7525991292655084,RPL10AP6
ENSG00000261235.1,0.407545500849391,0.8470007650338106,AC092142.1
ENSG00000286158.1,0.4950090598020125,0.8768203004666563,AL034548.2
ENSG00000188993.3,0.022638450874271118,0.45446155147114187,LRRC66
ENSG00000182484.15,0.9995494405881976,0.999992258902376,WASH6P
ENSG00000129235.11,0.12449953515133953,0.6582002079982514,TXNDC17
ENSG00000196502.12,0.09544716251457058,0.6138106142197182,SULT1A1
ENSG00000108771.13,0.16790012477421584,0.690957857971743,DHX58
ENSG00000234707.3,0.8980947854343577,0.9849234764572464,SEC61G-DT
ENSG00000099337.5,0.302927858614286,0.7892488015938742,KCNK6
ENSG00000051523.11,0.6491831888639839,0.9303376608044333,CYBA
ENSG00000102760.13,0.7052970011115338,0.9433377204586122,RGCC
ENSG00000186329.9,0.2549008323804369,0.7572932772190727,TMEM212
ENSG00000241749.4,0.09580632162497243,0.615226614378372,RPSAP52
ENSG00000146938.16,0.43313055397501876,0.855072204492913,NLGN4X
ENSG00000166886.13,0.7787376508522853,0.9586338915307505,NAB2
ENSG00000139438.6,0.31326372909036293,0.7968912623852751,FAM222A
ENSG00000134369.15,0.6731208462096828,0.9382208983470575,NAV1
ENSG00000260992.1,0.11547427974726161,0.6514989677609411,DOCK9-DT
ENSG00000266589.1,0.8844106722499563,0.9825968797164659,MIR4512
ENSG00000199836.1,0.1414664830671656,0.6696621171687488,RNU1-47P
ENSG00000165695.10,0.6744835714136992,0.9382208983470575,AK8
ENSG00000110080.20,0.003598904345553159,0.3642012503073679,ST3GAL4
ENSG00000226532.1,0.7993916961127312,0.961891359147811,AL022718.1
ENSG00000234883.6,0.03767398151071859,0.49106991772126546,MIR155HG
ENSG00000182718.18,0.04140046104280588,0.49769848308205356,ANXA2
ENSG00000140545.15,0.5313962713763847,0.8938816911342454,MFGE8
ENSG00000165383.11,0.10509788767225513,0.6301312351699143,LRRC18
ENSG00000255893.1,0.07758550632489226,0.5738024855521106,AP000786.1
ENSG00000056558.11,0.6824231377100077,0.9385116734699985,TRAF1
ENSG00000211724.3,0.0739300166541604,0.5697943248310305,TRBV6-6
ENSG00000100522.10,0.052676546489773456,0.5267513801271463,GNPNAT1
ENSG00000237032.1,0.16159682730583572,0.6840893719357051,RPSAP7
ENSG00000246228.6,0.10034239710750735,0.6244867620898755,CASC8
ENSG00000269246.1,0.15511656650057712,0.6806689919609344,AC011445.1
ENSG00000124126.14,0.015899943374925642,0.4374080164244873,PREX1
ENSG00000168995.13,0.45714176641566895,0.8618222133059921,SIGLEC7
ENSG00000185272.14,0.8424119350363313,0.9729543438307586,RBM11
ENSG00000153208.17,0.04828093976772606,0.5163818598736397,MERTK
ENSG00000130762.15,0.7993351853658041,0.961891359147811,ARHGEF16
ENSG00000141655.17,0.033797491125703814,0.48557511711515106,TNFRSF11A
ENSG00000176383.9,0.6352511061981895,0.9248732284240159,B3GNT4
ENSG00000089041.17,0.11770070289217789,0.6552229627224716,P2RX7
ENSG00000213160.10,0.7693193293599291,0.9563717850694351,KLHL23
ENSG00000196187.12,0.32188264211735734,0.8026770804376723,TMEM63A
ENSG00000185477.5,0.2892804468419775,0.7820260883527144,GPRIN3
ENSG00000164185.6,0.5334091226224047,0.8938816911342454,ZNF474
ENSG00000275070.1,0.5597114899084632,0.9035268196516303,Metazoa_SRP
ENSG00000183793.14,0.0755671415518898,0.5698151474503798,NPIPA5
ENSG00000155957.18,0.5924638000674602,0.9099406358722543,TMBIM4
ENSG00000212391.1,0.7206749116538657,0.9441447156516874,AC073149.1
ENSG00000079482.13,0.0075894275730563196,0.417071814080062,OPHN1
ENSG00000276757.1,0.47958666426463303,0.8719141432457757,RN7SL192P
ENSG00000168952.15,0.14661617777879649,0.6702993118382483,STXBP6
ENSG00000141424.13,0.9969717201319261,0.9995597017000601,SLC39A6
ENSG00000128159.12,0.7425859317060791,0.9497408601738444,TUBGCP6
ENSG00000163251.4,0.5499216261697641,0.9017164309707367,FZD5
ENSG00000255197.6,0.13541185581867135,0.6669675570528997,AC090559.1
ENSG00000258794.3,0.8498871745948333,0.9747476639069517,DUX4L27
ENSG00000139514.13,0.908525391692038,0.9870270815175733,SLC7A1
ENSG00000266936.1,0.5022308132629453,0.8794891790598558,AC011442.1
ENSG00000203761.5,0.8452480572879522,0.9744189049162179,MSTO2P
ENSG00000207696.1,0.013559719215914003,0.42500769577816633,MIR659
ENSG00000103253.19,0.1968395065129212,0.7165676690589909,HAGHL
ENSG00000128683.14,0.6486827965810795,0.9298805583465639,GAD1
ENSG00000206992.1,0.9899261285342893,0.9994021284883507,RNU6-574P
ENSG00000175455.16,0.3289233025788698,0.8052370663303848,CCDC14
ENSG00000137486.17,0.010247679153378052,0.422343717894382,ARRB1
ENSG00000139410.15,0.054483699205648585,0.5320568650823213,SDSL
ENSG00000263718.2,0.4236261454842275,0.8532933055208147,SEPTIN9-DT
ENSG00000183032.12,0.25767864730759993,0.7616734305691761,SLC25A21
ENSG00000265121.1,0.226895373350009,0.7407108556329226,AC068594.1
ENSG00000258245.1,0.42359723014477046,0.8532933055208147,RPL10P13
ENSG00000134901.13,0.012960328319642509,0.42500769577816633,POGLUT2
ENSG00000183048.12,0.5818207227469814,0.9070781322354399,SLC25A10
ENSG00000237015.1,0.7723297946204063,0.9563961752089646,AL031186.1
ENSG00000123191.16,0.22066694546321655,0.7343186952520164,ATP7B
ENSG00000112186.12,0.14319541928645463,0.6696621171687488,CAP2
ENSG00000168421.13,0.006681923811560022,0.41653625199180777,RHOH
ENSG00000234184.6,0.3139207551950085,0.7968912623852751,LINC01781
ENSG00000160326.14,0.4492361730349579,0.8598988221012636,SLC2A6
ENSG00000173013.6,0.3939404950486425,0.8410443497529722,CCDC96
ENSG00000214021.16,0.9113985666558624,0.9872860397490922,TTLL3
ENSG00000171045.16,0.06362858966243722,0.5541251395773064,TSNARE1
ENSG00000152117.17,0.9533598991121405,0.9906056725320317,SMPD4BP
ENSG00000167797.8,0.6168150417668395,0.9208522890139409,CDK2AP2
ENSG00000163704.12,0.2044037557882371,0.7219515486589062,PRRT3
ENSG00000166405.15,0.06949074358283754,0.5642095455736198,RIC3
ENSG00000151090.20,0.24269422269353136,0.7494582623252689,THRB
ENSG00000239552.2,0.4850520277863759,0.8719141432457757,HOXB-AS2
ENSG00000117114.20,0.6758030096572313,0.9383187302771107,ADGRL2
ENSG00000142347.19,0.07107611059332891,0.5677538447264091,MYO1F
ENSG00000187535.14,0.3664354039980786,0.8243754395974977,IFT140
ENSG00000175893.12,0.6247895314384755,0.9227194162954333,ZDHHC21
ENSG00000141447.18,0.023842038646260548,0.45446155147114187,OSBPL1A
ENSG00000211728.2,0.3407515182175568,0.8074302066897383,TRBV5-6
ENSG00000050767.17,0.6919826941234845,0.940357131073342,COL23A1
ENSG00000232888.4,0.8958363649835906,0.9849234764572464,RPS11P5
ENSG00000248794.1,0.6754447302676316,0.9382208983470575,AC026436.1
ENSG00000176834.14,0.5801161275049419,0.9070406342289169,VSIG10
ENSG00000261104.1,0.4830194364035286,0.8719141432457757,AC093904.4
ENSG00000160072.20,0.9653454149585974,0.9943598867954815,ATAD3B
ENSG00000249641.2,0.334821472069897,0.8054859623092716,HOXC13-AS
ENSG00000165071.15,0.20165712145736486,0.7190224570746158,TMEM71
ENSG00000157873.17,0.7851501147706567,0.9604279756869173,TNFRSF14
ENSG00000255310.2,0.03898391685423868,0.49106991772126546,AF131215.5
ENSG00000120675.6,0.6521505651821852,0.9303376608044333,DNAJC15
ENSG00000141510.18,0.5077424864502353,0.8821091736923702,TP53
ENSG00000136158.12,0.5826853291300131,0.9074064125198762,SPRY2
ENSG00000198873.12,0.47523101359598474,0.8713670184386276,GRK5
ENSG00000139344.8,0.4677222951893645,0.8680627299267651,AMDHD1
ENSG00000275494.1,0.11743385520108578,0.6551921917391889,AC133552.5
ENSG00000154133.15,0.34063028548459906,0.8074302066897383,ROBO4
ENSG00000166446.15,0.5819440481282845,0.9070781322354399,CDYL2
ENSG00000234432.4,0.019904733590828474,0.4534808673388542,AC092171.3
ENSG00000074855.11,0.4695776640082022,0.8686029686938693,ANO8
ENSG00000124145.6,0.5618472724946273,0.9035268196516303,SDC4
ENSG00000249602.1,0.6157297565146276,0.9208522890139409,AL589765.4
ENSG00000251495.1,0.2235124356341872,0.7361845454746853,PPIAP11
ENSG00000115232.14,0.007397251621525722,0.417071814080062,ITGA4
ENSG00000110660.15,0.0441656831946086,0.5099223044203635,SLC35F2
ENSG00000164951.16,0.6108180596951511,0.9203730677437737,PDP1
ENSG00000255468.7,0.4561442030190551,0.8611446432295087,AP001107.9
ENSG00000231747.1,0.17389062753458698,0.6927142473482991,AC079922.1
ENSG00000239948.2,0.6521772856081647,0.9303376608044333,RN7SL368P
ENSG00000204475.10,0.027156660726294746,0.4654252977694876,NCR3
ENSG00000113211.5,0.4936735117772161,0.8765690059952913,PCDHB6
ENSG00000174015.10,0.5810021024595615,0.9070781322354399,CBY2
ENSG00000179292.5,0.3626976376873906,0.8235807736994303,TMEM151A
ENSG00000087253.13,0.40483530297585946,0.8462583743948848,LPCAT2
ENSG00000114405.11,0.9964150017975519,0.9995597017000601,C3orf14
ENSG00000135723.14,0.9669008379704868,0.995099148131809,FHOD1
ENSG00000185201.16,0.15381934920034923,0.6785895438788413,IFITM2
ENSG00000231409.3,0.8708157779795106,0.9783838026122388,AC018868.1
ENSG00000207217.1,0.4058163010122059,0.8462583743948848,SNORA80D
ENSG00000119888.11,0.9423145019480517,0.98888717134306,EPCAM
ENSG00000272767.1,0.1755091000762929,0.6927142473482991,JMJD1C-AS1
ENSG00000164403.15,0.6206603957084831,0.920864670733086,SHROOM1
ENSG00000199477.1,0.05535402728866183,0.5365629721360318,SNORA31
ENSG00000073711.11,0.8564351662087952,0.9767825170272918,PPP2R3A
ENSG00000121900.19,0.20614168839906022,0.7237261956897415,TMEM54
ENSG00000167920.10,0.8937061361687899,0.9849234764572464,TMEM99
ENSG00000163297.17,0.872638327059959,0.9783838026122388,ANTXR2
ENSG00000137872.17,0.12346783307644343,0.6575903912309904,SEMA6D
ENSG00000256043.4,0.7217523527937767,0.9442459796555969,CTSO
ENSG00000286156.1,0.9345626966454441,0.9877707876523755,AC026273.1
ENSG00000228192.8,0.8573462351190476,0.9767825170272918,AL512353.1
ENSG00000197989.14,0.7992903723542109,0.961891359147811,SNHG12
ENSG00000133315.12,0.3825303362082798,0.838267046379356,MACROD1
ENSG00000114857.18,0.447209849039754,0.8598988221012636,NKTR
ENSG00000146221.10,0.4469450450922675,0.8598988221012636,TCTE1
ENSG00000237214.3,0.21455772400982365,0.7286235398102793,AL080243.2
ENSG00000198879.12,0.3970515045110272,0.8418423607478821,SFMBT2
ENSG00000121440.15,0.4050912418544136,0.8462583743948848,PDZRN3
ENSG00000235385.2,0.5390156808375692,0.8964298505394434,LINC02154
ENSG00000147408.14,0.23084044718030947,0.7432429779078834,CSGALNACT1
ENSG00000215908.10,0.12210240579172685,0.6574794830232176,CROCCP2
ENSG00000184979.10,0.1297645969294464,0.6620855760341555,USP18
ENSG00000069399.15,0.6106104558535583,0.9203730677437737,BCL3
ENSG00000256006.1,0.3913536088616997,0.8409678168383927,AC084117.1
ENSG00000151948.12,0.4646245275196831,0.866995014270197,GLT1D1
ENSG00000118418.14,0.14408189201402827,0.6700104443450697,HMGN3
ENSG00000181751.10,0.8041672320314022,0.9630526578907482,MACIR
ENSG00000205730.6,0.7968169754220147,0.961891359147811,ITPRIPL2
ENSG00000273555.1,0.5326048205266908,0.8938816911342454,MIR6812
ENSG00000254290.1,0.8788641884693807,0.9798437734620014,AC124067.4
ENSG00000103024.7,0.7339254273949534,0.946497911303388,NME3
ENSG00000199023.3,0.29664799918113754,0.7854825845156927,MIR339
ENSG00000147650.11,0.5662397625741251,0.9041207652835104,LRP12
ENSG00000187688.15,0.7898622929316024,0.9608714494139055,TRPV2
ENSG00000197568.14,0.5014858961469392,0.8794891790598558,HHLA3
ENSG00000116128.11,0.5537786503999245,0.903173015394516,BCL9
ENSG00000107719.9,0.6792419865370578,0.9385116734699985,PALD1
ENSG00000275791.1,0.6866008798119481,0.9392997169882443,TRBV10-3
ENSG00000277749.1,0.11992101850242419,0.6573633100167535,AC023300.2
ENSG00000121380.12,0.9653686076876303,0.9943598867954815,BCL2L14
ENSG00000219747.1,0.841929814484062,0.9729543438307586,AL133260.1
ENSG00000222112.1,0.8432868988278228,0.9732174156734185,RN7SKP16
ENSG00000258810.1,0.013607001595735033,0.42500769577816633,AL133371.2
ENSG00000147799.11,0.3974304615051738,0.8418423607478821,ARHGAP39
ENSG00000149428.19,0.5597613923336936,0.9035268196516303,HYOU1
ENSG00000142405.22,0.40647302003525176,0.846432217161211,NLRP12
ENSG00000163536.13,0.7837271452006008,0.9600869937334292,SERPINI1
ENSG00000268204.1,0.1939692690725531,0.7137639403518107,AC008763.1
ENSG00000181378.14,0.14337571534061927,0.6696621171687488,CFAP65
ENSG00000134780.10,0.4115864394124197,0.8492898390659616,DAGLA
ENSG00000196209.13,0.73684499038132,0.9471628153863872,SIRPB2
ENSG00000236439.4,0.8471337487804516,0.9746438889486686,AC099336.2
ENSG00000261488.1,0.36541350263108374,0.8235807736994303,TBILA
ENSG00000234160.1,0.7129364907854618,0.9440985964911512,AL513165.1
ENSG00000084234.18,0.7309963885898947,0.9454188086569764,APLP2
ENSG00000188176.12,0.46457420569942054,0.866995014270197,SMTNL2
ENSG00000262823.1,0.30210743612195057,0.7888016439675527,AC127521.1
ENSG00000167874.7,0.6922832451871989,0.9405634609121853,TMEM88
ENSG00000236090.2,0.7099096976914392,0.9437001604195177,LDHAP3
ENSG00000197928.10,0.3161330208532169,0.798715180800932,ZNF677
ENSG00000003096.14,0.8172418715772554,0.9678725546419633,KLHL13
ENSG00000270607.1,0.48301707941592953,0.8719141432457757,AC009549.1
ENSG00000259230.1,0.025261129495778762,0.46468728909676743,LINC02323
ENSG00000087250.9,0.4480317616185263,0.8598988221012636,MT3
ENSG00000112874.10,0.7560168243546493,0.9526992322200536,NUDT12
ENSG00000250073.3,0.2946513773339934,0.7841917201970101,AP000866.2
ENSG00000198075.10,0.3807660139064222,0.836860008335593,SULT1C4
ENSG00000261474.1,0.10403336899947478,0.6296128146793003,AC026471.4
ENSG00000141441.16,0.7723484012867725,0.9563961752089646,GAREM1
ENSG00000161921.17,0.7025967834842367,0.9433377204586122,CXCL16
ENSG00000147162.14,0.2215618524258985,0.734906925513331,OGT
ENSG00000159403.18,0.9564739186608753,0.9914288671218165,C1R
ENSG00000135338.14,0.05037764290014588,0.520898242274711,LCA5
ENSG00000256894.1,0.822681876666956,0.9683758068252137,AC022509.3
ENSG00000172638.13,0.7898619238257535,0.9608714494139055,EFEMP2
ENSG00000139537.11,0.2741652234821436,0.7713081423094224,CCDC65
ENSG00000153993.13,0.3381325632329209,0.8065126189054084,SEMA3D
ENSG00000237238.3,0.4634937327483778,0.8663214809762353,BMS1P10
ENSG00000120162.10,0.6290818315287423,0.92367383691023,MOB3B
ENSG00000240036.4,0.48005056179913574,0.8719141432457757,AC104563.1
ENSG00000212747.5,0.11030567999642973,0.6400259903625983,RTL8B
ENSG00000163945.19,0.1923133561163087,0.7127638121862945,UVSSA
ENSG00000100417.12,0.7427409377744114,0.9497408601738444,PMM1
ENSG00000229932.3,0.9745186816726152,0.9954557710227082,YWHAZP3
ENSG00000286013.1,0.8889008806082889,0.9849234764572464,AC005050.2
ENSG00000111057.11,0.027316635043693523,0.4654252977694876,KRT18
ENSG00000254780.1,0.6807474554031356,0.9385116734699985,AC023232.1
ENSG00000163535.18,0.006123703222598122,0.41653625199180777,SGO2
ENSG00000146858.8,0.6704799702682095,0.9371791067011022,ZC3HAV1L
ENSG00000286714.1,0.04532560223727403,0.5099223044203635,AC093001.2
ENSG00000228695.10,0.99434337109542,0.9995597017000601,CES1P1
ENSG00000241494.1,0.3116625684233729,0.7955355439635531,AL355032.1
ENSG00000212802.4,0.5225767991750645,0.8885054864777095,RPL15P3
ENSG00000174951.11,0.030391127531359877,0.4756355531207096,FUT1
ENSG00000117586.11,0.8832837459867666,0.9815642639442714,TNFSF4
ENSG00000234753.5,0.9233509028052146,0.9876697076255315,FOXP4-AS1
ENSG00000257108.2,0.9304560840464441,0.9876697076255315,NHLRC4
ENSG00000158163.15,0.7991831291534692,0.961891359147811,DZIP1L
ENSG00000181826.10,0.20011148260766737,0.7181402209351381,RELL1
ENSG00000164930.12,0.31889659184169494,0.8001564140163943,FZD6
ENSG00000134909.18,0.2696110165029733,0.7699844721063297,ARHGAP32
ENSG00000059377.18,0.6515569481284148,0.9303376608044333,TBXAS1
ENSG00000104447.13,0.6309801130344914,0.92367383691023,TRPS1
ENSG00000161395.14,0.4862320413906024,0.8726616319647593,PGAP3
ENSG00000090975.13,0.6878172555356499,0.939498271677947,PITPNM2
ENSG00000161011.20,0.12042509833714099,0.6573930488935716,SQSTM1
ENSG00000233016.7,0.4331674673187862,0.855072204492913,SNHG7
ENSG00000137812.20,0.0022384115327732743,0.3436589480009844,KNL1
ENSG00000259291.2,0.4278936102607773,0.8546819438080139,ZNF710-AS1
ENSG00000281383.1,0.8698220377909451,0.9783838026122388,FP671120.7
ENSG00000136040.9,0.030689556116948895,0.4756355531207096,PLXNC1
ENSG00000112096.19,0.9393784127127534,0.9885797730536688,SOD2
ENSG00000146067.16,0.9280159867733223,0.9876697076255315,FAM193B
ENSG00000112699.11,0.9689586355922428,0.9954060607128111,GMDS
ENSG00000255399.4,0.24556933093009198,0.7514207433642052,TBX5-AS1
ENSG00000204379.11,0.16824081345810077,0.690957857971743,XAGE1A
ENSG00000123416.15,0.21279150710969125,0.7283138590262555,TUBA1B
ENSG00000286358.1,0.6742995750109073,0.9382208983470575,AC096647.1
ENSG00000184588.18,3.1316589868589815e-05,0.10556255151291748,PDE4B
ENSG00000135917.16,0.4909596280588018,0.8743233514074497,SLC19A3
ENSG00000119711.13,0.14270536602459702,0.6696621171687488,ALDH6A1
ENSG00000207200.1,0.04646296261233741,0.5119748664284771,RNU6-45P
ENSG00000189159.16,0.15984784270867983,0.6838929581569986,JPT1
ENSG00000197208.6,0.5718424399112976,0.904835707081089,SLC22A4
ENSG00000282870.1,0.6000855936687515,0.9144477008935308,FRG1DP
ENSG00000279136.1,0.20360035679855734,0.7219515486589062,AL031258.1
ENSG00000168496.4,0.19646539486714518,0.7165676690589909,FEN1
ENSG00000275491.1,0.12292477252394016,0.6575903912309904,LINC01730
ENSG00000253686.2,0.1071906241020924,0.6345083777054531,LINC01484
ENSG00000162627.17,0.3281126357163964,0.8052370663303848,SNX7
ENSG00000171223.6,0.9580044003486334,0.9915960002124418,JUNB
ENSG00000187372.11,0.1639513386746918,0.6876654434879745,PCDHB13
ENSG00000163590.14,0.9054308251983714,0.9864753819765635,PPM1L
ENSG00000260317.1,0.9140869670880717,0.9874506284859019,AC009812.4
ENSG00000131477.11,0.5286073830612634,0.8918458699916624,RAMP2
ENSG00000130193.8,0.7886550108418504,0.9608714494139055,THEM6
ENSG00000261620.1,0.47247720753406497,0.8699475585648171,HMGN2P41
ENSG00000229896.2,0.829302708887616,0.9704467870120572,AL157373.2
ENSG00000117020.18,0.14076522442571182,0.6695943601910094,AKT3
ENSG00000196800.6,0.39151271433289847,0.8409678168383927,SPINK14
ENSG00000224660.2,0.07063016714671123,0.5674162817041065,SH3BP5-AS1
ENSG00000117643.14,0.006270626159091728,0.41653625199180777,MAN1C1
ENSG00000203709.12,0.05080435020916553,0.520911232328412,MIR29B2CHG
ENSG00000166145.14,0.3567891001473299,0.8197889158997473,SPINT1
ENSG00000169660.17,0.9428033561646204,0.98888717134306,HEXD
ENSG00000143013.13,0.09868087087323478,0.6244867620898755,LMO4
ENSG00000223313.1,0.8312781049510712,0.9709332612582274,RNU6-516P
ENSG00000173269.14,0.5350920332160586,0.8938816911342454,MMRN2
ENSG00000228393.4,0.33913524896093467,0.8065126189054084,LINC01004
ENSG00000119969.15,0.12627293349812027,0.6610317034878433,HELLS
ENSG00000072110.15,0.2556394348683628,0.7579115179193215,ACTN1
ENSG00000118407.15,0.60602801503356,0.9177001484507809,FILIP1
ENSG00000118946.12,0.6552762948842888,0.9322365993767491,PCDH17
ENSG00000233966.1,0.02678656333342425,0.4654252977694876,UBE2SP1
ENSG00000270716.1,0.47762367698056496,0.8719141432457757,BNIP3P15
ENSG00000171608.16,0.0022395501580165173,0.3436589480009844,PIK3CD
ENSG00000250244.5,0.8665473075965239,0.9777633497436868,AC010307.4
ENSG00000159625.15,0.590782946249421,0.9095159799207707,DRC7
ENSG00000057657.17,0.2486201640716398,0.7525991292655084,PRDM1
ENSG00000079156.17,0.8682537956370798,0.9781922124326025,OSBPL6
ENSG00000111348.9,0.28067567072351096,0.7770958680902693,ARHGDIB
ENSG00000252768.1,0.24155399942166972,0.7485579798110306,RNU6-856P
ENSG00000249096.7,0.28164739278651774,0.777282484252833,LINC02362
ENSG00000230037.1,0.8918176030167245,0.9849234764572464,UBBP1
ENSG00000198752.11,0.3600874850439648,0.8232057822825901,CDC42BPB
ENSG00000162105.19,0.851008409698427,0.9747476639069517,SHANK2
ENSG00000109586.12,0.34232007017218047,0.8090139116990226,GALNT7
ENSG00000275325.4,0.7240394372715773,0.9442459796555969,PDCD6IPP1
ENSG00000163508.13,0.006773128323267804,0.41653625199180777,EOMES
ENSG00000166348.18,0.03112542256885764,0.4756355531207096,USP54
ENSG00000262098.1,0.9443543213680725,0.9892711336977343,AC127496.2
ENSG00000162881.6,0.9297367345328063,0.9876697076255315,OXER1
ENSG00000188191.15,0.13430203962286438,0.6652029639429288,PRKAR1B
ENSG00000268521.1,0.49990489418475637,0.8785264858923402,VN1R83P
ENSG00000196793.14,0.5276387539524898,0.8918458699916624,ZNF239
ENSG00000197081.16,0.19516293530644085,0.7156879083328452,IGF2R
ENSG00000132563.16,0.2137236964601692,0.7284150309160099,REEP2
ENSG00000229167.2,0.615597156401937,0.9208522890139409,AC114488.1
ENSG00000188306.6,0.8450447686323692,0.9744189049162179,LRRIQ4
ENSG00000130545.16,0.9821835545524567,0.9973768814818703,CRB3
ENSG00000236397.3,0.8159252007456654,0.9678725546419633,DDX11L2
ENSG00000235772.1,0.3165308933173475,0.798715180800932,AP001625.2
ENSG00000262185.3,0.5123527269788086,0.8843766412087203,LINC02861
ENSG00000261159.1,0.917377709144116,0.9874506284859019,AC112484.3
ENSG00000139112.11,0.3684216134039261,0.8260246491000725,GABARAPL1
ENSG00000111788.10,0.9266808690599113,0.9876697076255315,AC009533.1
ENSG00000255644.1,0.7334455947972942,0.946497911303388,AC010185.1
ENSG00000151025.11,0.2082607212905555,0.7244173771688763,GPR158
ENSG00000048052.22,0.7541433289096919,0.9523535687267055,HDAC9
ENSG00000254528.7,0.3461555505953916,0.8120430559249857,AP000757.1
ENSG00000181754.7,0.1661511382375952,0.6888131569493595,AMIGO1
ENSG00000241431.1,0.16610519719933486,0.6888131569493595,RPL37P6
ENSG00000213654.10,0.28855706396687464,0.7820239526025639,GPSM3
ENSG00000235043.3,0.21568204042153136,0.7288985188261606,TECRP1
ENSG00000273001.1,0.04331641674066183,0.5083573537368472,AL731533.2
ENSG00000146830.11,0.8293578103920995,0.9704467870120572,GIGYF1
ENSG00000182107.7,0.036030642963015475,0.4907711046618811,TMEM30B
ENSG00000276575.1,0.173598918040767,0.6927142473482991,MIR6895
ENSG00000198892.7,0.22951731626436345,0.7430266615775709,SHISA4
ENSG00000103241.7,0.7664677392360654,0.9555564201934101,FOXF1
ENSG00000227359.1,0.36155665445204765,0.8235807736994303,AC017074.1
ENSG00000127152.18,0.12030299551645385,0.6573930488935716,BCL11B
ENSG00000139117.14,0.3486599760361214,0.8131787406907613,CPNE8
ENSG00000138758.12,0.9729666342501605,0.9954557710227082,SEPTIN11
ENSG00000219430.2,0.9215114077722519,0.9875565960545337,MBL3P
ENSG00000187720.14,0.33751535831759105,0.8065126189054084,THSD4
ENSG00000117834.13,0.9580773222887465,0.9915960002124418,SLC5A9
ENSG00000274370.1,0.49758274471315234,0.8772374019153003,AC130371.2
ENSG00000091482.8,0.8378764870641331,0.9720487404827665,SMPX
ENSG00000286519.1,0.8287942411947777,0.9704467870120572,AC009236.1
ENSG00000257702.3,0.6794282194335912,0.9385116734699985,LBX2-AS1
ENSG00000237512.6,0.4750765879157298,0.8713012236345878,UNC5B-AS1
ENSG00000188313.13,0.0936574520182523,0.6102695387767496,PLSCR1
ENSG00000158423.17,0.6292290925021495,0.92367383691023,RIBC1
ENSG00000167815.12,0.5023428711747697,0.8794891790598558,PRDX2
ENSG00000230204.1,0.45504511406935033,0.8607505064645543,FTH1P5
ENSG00000224376.1,0.22658878903727647,0.7404427847421226,AC017104.1
ENSG00000227473.1,0.2698838457717179,0.7699844721063297,TSSK5P
ENSG00000137767.14,0.9454787658920567,0.9892711336977343,SQOR
ENSG00000187546.14,0.568265741970408,0.9041905959309144,AGMO
ENSG00000169914.6,0.7831012692766548,0.9599485249062929,OTUD3
ENSG00000172819.17,0.5612681798530785,0.9035268196516303,RARG
ENSG00000260807.7,0.5272898148770524,0.8918458699916624,CEROX1
ENSG00000177679.16,0.8411131326654335,0.9729543438307586,SRRM3
ENSG00000119138.4,0.7917333506752647,0.9608714494139055,KLF9
ENSG00000084207.18,0.21842028012867692,0.7318699959742615,GSTP1
ENSG00000099260.11,0.27313163955900377,0.7707710556231608,PALMD
ENSG00000211727.3,0.01457389545737681,0.43052179705736865,TRBV7-6
ENSG00000084628.10,0.33662135794909226,0.8065126189054084,NKAIN1
ENSG00000240087.3,0.38866220497474846,0.8402414180211534,RPSAP12
ENSG00000143554.14,0.7269557665204349,0.9445171013759265,SLC27A3
ENSG00000266651.1,0.12282234614264624,0.6575903912309904,AC093484.4
ENSG00000230638.4,0.6282902869825631,0.923570100785026,AL445933.1
ENSG00000140368.13,0.008830616874253702,0.422343717894382,PSTPIP1
ENSG00000124813.23,0.637071866217272,0.9258200370712146,RUNX2
ENSG00000184194.6,0.2502310811755943,0.7534555965355731,GPR173
ENSG00000230290.1,0.14672952367518005,0.6702993118382483,ARMC2-AS1
ENSG00000235997.3,0.18971729760826592,0.7103139405117631,LINC01936
ENSG00000230479.1,0.023294086153328016,0.45446155147114187,AP000695.1
ENSG00000105639.20,0.6876072097993533,0.9393841661479239,JAK3
ENSG00000261305.2,0.11507959899898244,0.6510814215316996,AC005586.1
ENSG00000184232.9,0.8563977377328553,0.9767825170272918,OAF
ENSG00000141576.16,0.8246982456884577,0.9690644707396778,RNF157
ENSG00000237523.2,0.09043909949823846,0.6066204397944746,LINC00857
ENSG00000164465.19,0.5391205617765635,0.8964298505394434,DCBLD1
ENSG00000111058.8,0.03789087347963819,0.49106991772126546,ACSS3
ENSG00000101849.17,0.9925943908671355,0.9995597017000601,TBL1X
ENSG00000212371.1,0.5537416915550566,0.903173015394516,AF111168.1
ENSG00000269376.1,0.6101096435306083,0.920283615623019,AL356740.3
ENSG00000105851.11,0.00019997783807696625,0.24447380633376592,PIK3CG
ENSG00000180448.10,0.03915327149227548,0.49106991772126546,ARHGAP45
ENSG00000225111.1,0.6824959407872502,0.9385116734699985,AC083900.1
ENSG00000135185.12,0.6163606981358498,0.9208522890139409,TMEM243
ENSG00000167077.13,0.05154751571477593,0.5241276364465433,MEI1
ENSG00000072952.19,0.4768357701512853,0.8719141432457757,IRAG1
ENSG00000136720.7,0.06623586987534122,0.5565737045693097,HS6ST1
ENSG00000111291.8,0.4161563436076059,0.8508898477243562,GPRC5D
ENSG00000164619.10,0.8226956372647466,0.9683758068252137,BMPER
ENSG00000054392.13,0.9307009100076431,0.9876697076255315,HHAT
ENSG00000260884.1,0.06842354424740829,0.5637814947885412,AC009120.3
ENSG00000170011.14,0.2946328738452927,0.7841917201970101,MYRIP
ENSG00000217624.2,0.2891377915017145,0.7820260883527144,YWHAZP10
ENSG00000243514.2,0.14517786863914295,0.6702993118382483,RPL32P33
ENSG00000139190.17,0.22996409237722093,0.7430266615775709,VAMP1
ENSG00000125850.11,0.23597764744641872,0.7469320493402049,OVOL2
ENSG00000138435.16,0.16023988333462613,0.6838929581569986,CHRNA1
ENSG00000206728.1,0.04809675819865613,0.5163818598736397,Y_RNA
ENSG00000108309.14,0.48657366608357255,0.8726616319647593,RUNDC3A
ENSG00000050438.17,0.15634578936486168,0.6806689919609344,SLC4A8
ENSG00000277452.1,0.6540234206979394,0.930956497700324,RN7SL473P
ENSG00000165698.16,0.5220359706550015,0.8882134927685656,SPACA9
ENSG00000118137.10,0.4040935105125031,0.8462583743948848,APOA1
ENSG00000244187.8,0.6432318033020736,0.9288737868649792,TMEM141
ENSG00000100077.15,0.14199367571830984,0.6696621171687488,GRK3
ENSG00000262136.1,0.5534449791812401,0.903173015394516,AC092115.3
ENSG00000111145.8,0.6733030524099882,0.9382208983470575,ELK3
ENSG00000260289.2,0.8558287194247789,0.9767825170272918,AC093515.1
ENSG00000214193.11,0.06696069979744544,0.5575359319976773,SH3D21
ENSG00000252620.1,0.064946625156202,0.5565737045693097,RNU6ATAC24P
ENSG00000134830.6,0.4168414620144909,0.8508898477243562,C5AR2
ENSG00000180891.13,0.7581527853145164,0.9536495699513385,CUEDC1
ENSG00000227077.3,0.27044155707703355,0.7699844721063297,AC107983.1
ENSG00000235587.2,0.056001286582119086,0.5370653141972119,GAPDHP65
ENSG00000196975.16,0.9206459154696754,0.9874506284859019,ANXA4
ENSG00000005448.17,0.6682315037097217,0.9354155514271939,WDR54
ENSG00000117595.12,0.3267648009227109,0.805154585403318,IRF6
ENSG00000141540.11,0.15682040343011988,0.6806689919609344,TTYH2
ENSG00000100906.11,0.6519504009625725,0.9303376608044333,NFKBIA
ENSG00000214784.4,0.33873008980833724,0.8065126189054084,RPS3AP21
ENSG00000117477.12,0.06888105681022191,0.5642095455736198,CCDC181
ENSG00000274258.1,0.9141555034984085,0.9874506284859019,MIR6728
ENSG00000079263.19,0.1847292190392697,0.7067683164022746,SP140
ENSG00000174837.15,0.8322179423943611,0.9709332612582274,ADGRE1
ENSG00000162571.14,0.02925644112779254,0.4713957596537879,TTLL10
ENSG00000163995.21,0.5160666317362935,0.8853053511729732,ABLIM2
ENSG00000226862.1,0.7177062159253776,0.9441033806141912,AC104463.2
ENSG00000200737.1,0.7196079654135903,0.9441033806141912,Y_RNA
ENSG00000242798.1,0.39267995768070807,0.8410443497529722,AC073842.2
ENSG00000138193.16,0.8171296541256532,0.9678725546419633,PLCE1
ENSG00000222009.8,0.19244094466418868,0.7127638121862945,BTBD19
ENSG00000275413.1,0.8503146313999097,0.9747476639069517,AC002553.2
ENSG00000230099.2,0.21614203971234433,0.7290761339550719,TRBV5-4
ENSG00000189060.5,0.15290682552698157,0.6775871091979968,H1-0
ENSG00000167555.14,0.8403046385021828,0.9726182279937213,ZNF528
ENSG00000087086.15,0.7799719457656827,0.9589162754612226,FTL
ENSG00000285715.1,0.21196469331575357,0.7276690192202778,AC063960.1
ENSG00000162148.11,0.548134296953299,0.9007763667691164,PPP1R32
ENSG00000101680.15,0.09309311928668151,0.6102695387767496,LAMA1
ENSG00000131019.11,0.11754781598058504,0.6552229627224716,ULBP3
ENSG00000156011.17,0.789538681243704,0.9608714494139055,PSD3
ENSG00000204161.14,0.029824985251298158,0.4737261713609808,TMEM273
ENSG00000121621.7,0.002882728195777753,0.3474367838520778,KIF18A
ENSG00000287828.1,0.19694116472426393,0.7165676690589909,AL354743.2
ENSG00000254533.1,0.023513631309621308,0.45446155147114187,AF186192.1
ENSG00000228037.1,0.17465862655083453,0.6927142473482991,AL139246.3
ENSG00000111640.15,0.01621400057796643,0.4374080164244873,GAPDH
ENSG00000139626.16,0.020841142098377813,0.4534808673388542,ITGB7
ENSG00000226084.5,0.5830958582859342,0.9076064088245793,AC113935.1
ENSG00000007314.12,0.17146858424740447,0.6927142473482991,SCN4A
ENSG00000272711.1,0.01562500360173709,0.4374080164244873,AC019069.1
ENSG00000119699.8,0.7693847690472542,0.9563717850694351,TGFB3
ENSG00000167037.19,0.282440462925986,0.7775820184358199,SGSM1
ENSG00000281097.1,0.30282193382495093,0.7892327830495426,LINC01395
ENSG00000124496.12,0.7780276535441318,0.9586338915307505,TRERF1
ENSG00000102144.15,0.3408122145330386,0.8074302066897383,PGK1
ENSG00000087589.16,0.001501223130643778,0.33924887016571464,CASS4
ENSG00000206013.2,0.7243750758188447,0.9442459796555969,IFITM5
ENSG00000124615.20,0.16087543393578574,0.6838929581569986,MOCS1
ENSG00000105429.13,0.08896535770681348,0.6027299826798252,MEGF8
ENSG00000174125.8,0.6348986867662149,0.924700536240243,TLR1
ENSG00000009790.15,0.016990684381030515,0.4374080164244873,TRAF3IP3
ENSG00000170624.13,0.7912046894887255,0.9608714494139055,SGCD
ENSG00000135503.13,0.4414837179332123,0.858229591755151,ACVR1B
ENSG00000278730.1,0.3854120509134459,0.8384132201295119,AC005332.6
ENSG00000117519.16,0.21059969363896752,0.7258577676184021,CNN3
ENSG00000140859.16,0.8914483783254239,0.9849234764572464,KIFC3
ENSG00000092470.12,0.10479650445746347,0.6301253749973149,WDR76
ENSG00000199562.1,0.9972105171534784,0.9995597017000601,RNU6-37P
ENSG00000255366.1,0.5087662287282669,0.8823488792753093,AC120036.4
ENSG00000196535.17,0.23313983040737302,0.744733634506012,MYO18A
ENSG00000275710.1,0.9914610217466573,0.9995597017000601,AC007485.1
ENSG00000185989.11,0.2851368071359073,0.778045611914473,RASA3
ENSG00000237074.2,0.555762635161186,0.9035268196516303,AL596218.1
ENSG00000268836.1,0.840094796070029,0.9726182279937213,Z69706.1
ENSG00000243680.1,0.8504785651619946,0.9747476639069517,RPL37P23
ENSG00000151458.12,0.952432966068706,0.9906056725320317,ANKRD50
ENSG00000267123.7,0.009989364118395246,0.422343717894382,SCAT1
ENSG00000184408.10,0.11650412438923557,0.6537678536470838,KCND2
ENSG00000077585.14,0.6973466471051244,0.9424247357938722,GPR137B
ENSG00000201900.1,0.5930839658129214,0.9101015632014577,RNY1P13
ENSG00000021645.20,0.7076800375250656,0.9436811839781982,NRXN3
ENSG00000150093.20,0.21821781877319768,0.7318699959742615,ITGB1
ENSG00000099219.14,0.46504584600434695,0.866995014270197,ERMP1
ENSG00000106683.15,0.04075526563625435,0.4959602325888798,LIMK1
ENSG00000225950.8,0.24865521375334618,0.7525991292655084,NTF4
ENSG00000089486.17,0.41412058669678886,0.8496407464850337,CDIP1
ENSG00000227591.5,0.14068445903329155,0.6695943601910094,HSD11B1-AS1
ENSG00000233762.3,0.22627125322531277,0.7404427847421226,RPS15P4
ENSG00000171316.12,0.41282082995547054,0.849345677191902,CHD7
ENSG00000115257.15,0.7866689580006927,0.9608714494139055,PCSK4
ENSG00000168016.15,0.6570587981532032,0.9325338476798936,TRANK1
ENSG00000172116.23,0.4279266916334262,0.8546819438080139,CD8B
ENSG00000075340.23,0.2410045688790472,0.7485579798110306,ADD2
ENSG00000183580.10,0.3547475058364915,0.8180911869290519,FBXL7
ENSG00000125347.14,0.9068728655930708,0.9867076157965874,IRF1
ENSG00000200834.1,0.08653879380386523,0.5994286761598628,Y_RNA
ENSG00000165886.5,0.9682003992676957,0.9953627866461918,UBTD1
ENSG00000107819.13,0.057310367741628405,0.539030926083568,SFXN3
ENSG00000164056.11,0.11085750223838933,0.6400259903625983,SPRY1
ENSG00000238390.1,0.8566769853649012,0.9767825170272918,AP000254.1
ENSG00000006555.11,0.42244513546352813,0.8524339340603335,TTC22
ENSG00000269887.1,0.04408774825027938,0.5099223044203635,AL391001.1
ENSG00000253978.2,0.21204514403321623,0.7276690192202778,CTB-178M22.2
ENSG00000183199.6,0.3987259196914781,0.8428343303324465,HSP90AB3P
ENSG00000203883.7,0.042124994715336234,0.5003133756731375,SOX18
ENSG00000138792.10,0.9637756242258345,0.9940562284321645,ENPEP
ENSG00000162063.13,0.26421115655345045,0.7666581982163585,CCNF
ENSG00000157657.14,0.99015813477161,0.9995087858656757,ZNF618
ENSG00000225193.5,0.1984888992631152,0.7167313718939021,RPS12P26
ENSG00000166068.13,0.2119334443720292,0.7276690192202778,SPRED1
ENSG00000165246.14,0.3617515607477676,0.8235807736994303,NLGN4Y
ENSG00000279716.1,0.9095731426397429,0.9872860397490922,AC006128.1
ENSG00000095209.12,0.4685588971771498,0.8685318871154436,TMEM38B
ENSG00000082556.14,0.9928909331450292,0.9995597017000601,OPRK1
ENSG00000172752.14,0.4029692145797482,0.8452629242444467,COL6A5
ENSG00000259887.1,0.3617378265379809,0.8235807736994303,FIGNL2-DT
ENSG00000106537.8,0.3228860202128141,0.8036388314342652,TSPAN13
ENSG00000199933.1,0.36700855456726533,0.8247440261735882,RNY1P16
ENSG00000259261.2,0.561446791883772,0.9035268196516303,IGHV4OR15-8
ENSG00000155011.9,0.42004805644378873,0.8517252310869954,DKK2
ENSG00000130755.13,0.14626861068172878,0.6702993118382483,GMFG
ENSG00000102098.19,0.15749330605185358,0.6806689919609344,SCML2
ENSG00000196724.13,0.7347854246643322,0.946497911303388,ZNF418
ENSG00000244699.1,0.3992269880507201,0.8430019955902819,AC139453.2
ENSG00000120053.12,0.15679736740108322,0.6806689919609344,GOT1
ENSG00000241464.3,0.7960218341847776,0.961891359147811,RPL39P38
ENSG00000066056.14,0.7355539450710236,0.9468237112305609,TIE1
ENSG00000049768.16,0.8066689343639234,0.9647340899332679,FOXP3
ENSG00000260095.1,0.6042523757332043,0.9161920528146128,AC106820.3
ENSG00000120992.18,0.25497431184379643,0.7572932772190727,LYPLA1
ENSG00000143839.15,0.6197469933595667,0.9208522890139409,REN
ENSG00000266274.2,0.11112718288521344,0.6400259903625983,RN7SL138P
ENSG00000287238.1,0.6476387980046341,0.9298185784418065,AP002954.2
ENSG00000198580.7,0.6177581274964414,0.9208522890139409,AC073343.1
ENSG00000028137.19,0.9151568999537724,0.9874506284859019,TNFRSF1B
ENSG00000204267.16,0.27307861555573076,0.7707710556231608,TAP2
ENSG00000212240.1,0.8158630612528367,0.9678725546419633,RNU6-930P
ENSG00000252782.1,0.75600715585773,0.9526992322200536,RNU6-341P
ENSG00000277559.1,0.708785840715157,0.9436811839781982,AC018553.1
ENSG00000215267.8,0.1700433784796909,0.6922507070377535,AKR1C7P
ENSG00000255717.7,0.6006271831375569,0.9144477008935308,SNHG1
ENSG00000276900.1,0.27614265839549257,0.7718333667520658,AC023157.2
ENSG00000070882.13,0.05137060498327948,0.5236359348166761,OSBPL3
ENSG00000183379.9,0.6598346625187972,0.9331066559292748,SYNDIG1L
ENSG00000222383.1,0.39727442739655405,0.8418423607478821,RNA5SP203
ENSG00000204580.13,0.14739184566666994,0.6715838129166816,DDR1
ENSG00000135446.17,0.5347011704869362,0.8938816911342454,CDK4
ENSG00000232956.9,0.23997685708359068,0.7485579798110306,SNHG15
ENSG00000162711.18,0.42393499772802967,0.8533834951389262,NLRP3
ENSG00000171940.13,0.869072097490938,0.9783838026122388,ZNF217
ENSG00000179242.16,0.1297272696716681,0.6620855760341555,CDH4
ENSG00000212978.6,0.6708986549596865,0.9372674603905192,AC016747.1
ENSG00000076344.16,0.6904603081281883,0.9398816825207783,RGS11
ENSG00000249572.1,0.23749521005742982,0.7485579798110306,AC034231.1
ENSG00000103647.13,0.501904328089243,0.8794891790598558,CORO2B
ENSG00000242477.1,0.6746484526185885,0.9382208983470575,AC091429.1
ENSG00000219451.3,0.6238955124408526,0.9220775952305588,RPL23P8
ENSG00000249574.1,0.4246062779278468,0.8535654857564274,AC226118.1
ENSG00000126264.10,0.8076395266584253,0.9651433907711591,HCST
ENSG00000107201.10,0.6482448528672811,0.9298185784418065,DDX58
ENSG00000086967.10,0.27577848070054234,0.7718333667520658,MYBPC2
ENSG00000225171.2,0.9399242979478353,0.9886703719105554,DUTP6
ENSG00000136108.15,0.9202360257152895,0.9874506284859019,CKAP2
ENSG00000232134.1,0.6010954143126882,0.9144477008935308,RPS15AP12
ENSG00000115306.16,0.8054704458977525,0.9638028302315457,SPTBN1
ENSG00000123080.12,0.8408979842529107,0.9729543438307586,CDKN2C
ENSG00000159263.16,0.3106125952154828,0.7955355439635531,SIM2
ENSG00000072195.15,0.2811771597459478,0.777282484252833,SPEG
ENSG00000263167.1,0.11660364691161199,0.6537678536470838,AC115099.1
ENSG00000197134.13,0.20757810272261465,0.7244173771688763,ZNF257
ENSG00000207457.1,0.6021732517891378,0.9148517643410993,RNU6-476P
ENSG00000109881.17,0.0015558672380656027,0.33924887016571464,CCDC34
ENSG00000072832.15,0.3499272105824729,0.8131787406907613,CRMP1
ENSG00000170989.10,0.10761534446146358,0.6356580952687706,S1PR1
ENSG00000177595.18,0.35569811260292494,0.8193080485630914,PIDD1
ENSG00000244716.3,0.4120236232923782,0.8492898390659616,BX679664.3
ENSG00000182983.15,0.10040406307068718,0.6244867620898755,ZNF662
ENSG00000268087.1,0.05990326764589041,0.5485465594748047,AC008764.2
ENSG00000137124.8,0.7533624308589868,0.9522102513633202,ALDH1B1
ENSG00000110881.12,0.48855450658428756,0.8731283658115034,ASIC1
ENSG00000104936.19,0.9985318075763254,0.9997957718897131,DMPK
ENSG00000124074.12,0.5423702698780302,0.8982723690819134,ENKD1
ENSG00000140481.15,0.5028160929363195,0.8797335313263187,CCDC33
ENSG00000101493.11,0.013657551672451909,0.42500769577816633,ZNF516
ENSG00000186188.11,0.9056357120279193,0.9864753819765635,FFAR4
ENSG00000259366.1,0.4060009079261093,0.8462583743948848,AC108449.2
ENSG00000207186.1,0.5336755151658215,0.8938816911342454,RNA5SP122
ENSG00000197077.13,0.6901325701728644,0.9398816825207783,KIAA1671
ENSG00000116771.6,0.05320589362848079,0.5279196495925287,AGMAT
ENSG00000132819.17,0.038205830134714534,0.49106991772126546,RBM38
ENSG00000237609.1,0.8278912204542352,0.9701658598211853,AF064858.2
ENSG00000182685.7,0.3851866953970412,0.8384132201295119,BRICD5
ENSG00000078070.13,0.26350739441540216,0.7654507827544474,MCCC1
ENSG00000279425.1,0.0331819398415721,0.4833685895890153,AC092279.2
ENSG00000140479.18,0.8565166326544594,0.9767825170272918,PCSK6
ENSG00000237004.4,0.16719259214765955,0.6901446234957983,ZNRF2P1
ENSG00000169689.15,0.20849715265831675,0.7244173771688763,CENPX
ENSG00000135862.6,0.7367880616348965,0.9471628153863872,LAMC1
ENSG00000164674.16,0.8871412458294559,0.9841665511510693,SYTL3
ENSG00000148200.17,0.5639706693354724,0.9035268196516303,NR6A1
ENSG00000101082.14,0.10230231060366617,0.6263245177051079,SLA2
ENSG00000197321.15,0.8423023860739653,0.9729543438307586,SVIL
ENSG00000254558.1,0.4508394415790793,0.8599434754293794,AP005435.1
ENSG00000260430.2,0.5241660033626513,0.8895261669503244,AC099518.1
ENSG00000131149.19,0.10921518457997115,0.6392614434779952,GSE1
ENSG00000202343.1,0.2654773616283559,0.7669445884328739,AL078581.1
ENSG00000154252.12,0.8139400404605711,0.9672875180353241,GAL3ST2
ENSG00000167291.16,0.6498301710866367,0.9303376608044333,TBC1D16
ENSG00000179163.12,0.34478291191451205,0.8110436818481109,FUCA1
ENSG00000128928.10,0.33080764950008196,0.8052370663303848,IVD
ENSG00000149639.15,0.41137918535252704,0.8492898390659616,SOGA1
ENSG00000132016.11,0.4773136426145448,0.8719141432457757,C19orf57
ENSG00000131069.20,0.5586062521216276,0.9035268196516303,ACSS2
ENSG00000254838.5,0.011539977602224225,0.4228685279940024,GVINP1
ENSG00000172183.15,0.11987784955862188,0.6573633100167535,ISG20
ENSG00000268942.2,0.9626577577041909,0.9936869194101723,CKS1BP3
ENSG00000206739.1,0.7172608797841495,0.9441033806141912,Y_RNA
ENSG00000153956.16,0.444855128674287,0.8598988221012636,CACNA2D1
ENSG00000101439.9,0.7088500321477369,0.9436811839781982,CST3
ENSG00000237729.2,0.3582710522438387,0.8217656272131119,AC002075.2
ENSG00000263612.1,0.9254268280204738,0.9876697076255315,AF186192.3
ENSG00000263563.6,0.6348564456208753,0.924700536240243,UBBP4
ENSG00000135604.10,0.3906692036898064,0.8409678168383927,STX11
ENSG00000214748.2,0.11679786555165685,0.6537678536470838,AL355309.1
ENSG00000136869.16,0.1357247027171851,0.6672073909128985,TLR4
ENSG00000188282.12,0.7574198544791346,0.953555793240483,RUFY4
ENSG00000143768.13,0.8094324037752397,0.9656411601867748,LEFTY2
ENSG00000136205.17,0.21595890740515494,0.7288985188261606,TNS3
ENSG00000201448.1,0.7485516001397476,0.9505607893892123,SNORA63C
ENSG00000223764.2,0.9010279935003229,0.9849234764572464,LINC02593
ENSG00000272360.1,0.6575689381836127,0.9325338476798936,AC116036.2
ENSG00000204172.12,0.9478507737958861,0.98976430879038,AGAP9
ENSG00000169926.11,0.6900730229968424,0.9398816825207783,KLF13
ENSG00000106327.13,0.3789732560799398,0.8356278413605698,TFR2
ENSG00000005020.13,0.08648184016470147,0.5994286761598628,SKAP2
ENSG00000277678.1,0.8165525861141141,0.9678725546419633,RNU1-153P
ENSG00000157827.20,0.1632588519740285,0.6869029356992369,FMNL2
ENSG00000173137.12,0.6014609072642246,0.9144477008935308,ADCK5
ENSG00000106991.14,0.747753037916332,0.9500042611497247,ENG
ENSG00000066629.18,0.45290854512996537,0.8600080546187959,EML1
ENSG00000132436.11,0.17592897891410153,0.6927142473482991,FIGNL1
ENSG00000198794.12,0.2111787524960373,0.7269144480084396,SCAMP5
ENSG00000166866.13,0.9379196369789059,0.9881385626669079,MYO1A
ENSG00000134291.12,0.2767391883960425,0.7726816026165536,TMEM106C
ENSG00000185561.10,0.48748314089445477,0.8726616319647593,TLCD2
ENSG00000230409.3,0.7849534600200789,0.9603993609835769,TCEA1P2
ENSG00000128917.8,0.9587772369815416,0.9917520523766176,DLL4
ENSG00000242136.1,0.5118684024637328,0.8841403000224862,AC093904.2
ENSG00000265688.2,0.06019448971227945,0.5485465594748047,MAFG-DT
ENSG00000251144.1,0.3576443009865524,0.8214188213715534,AC113346.1
ENSG00000142530.11,0.7144897082601208,0.9440985964911512,FAM71E1
ENSG00000186827.11,0.9647029561835582,0.9943598867954815,TNFRSF4
ENSG00000174871.11,0.08583894473958928,0.5971733094900187,CNIH2
ENSG00000231345.3,0.41010068415854517,0.848883749929601,BEND3P1
ENSG00000065882.16,0.4308000102884134,0.855072204492913,TBC1D1
ENSG00000184860.10,0.0919705408621808,0.6097852055808355,SDR42E1
ENSG00000165102.15,0.03020678548313642,0.4756355531207096,HGSNAT
ENSG00000271926.1,0.666158515555757,0.9354155514271939,AC008972.1
ENSG00000259760.1,0.6147837913137363,0.9208522890139409,AC015660.2
ENSG00000172673.11,0.06304148481172346,0.5538656838192935,THEMIS
ENSG00000099139.14,0.9781144049418592,0.9969839627241234,PCSK5
ENSG00000262580.5,0.5290632803672041,0.8923007564402098,AC087741.1
ENSG00000224409.1,0.9210380198443723,0.9874506284859019,AC114489.1
ENSG00000057704.13,0.6417529597534498,0.928523436766732,TMCC3
ENSG00000076258.10,0.7704875381875894,0.9563961752089646,FMO4
ENSG00000100399.16,0.5936079315876921,0.9101015632014577,CHADL
ENSG00000223813.3,0.008427769954331052,0.422343717894382,AC007255.1
ENSG00000143578.16,0.41899063739923326,0.8510138334903893,CREB3L4
ENSG00000271662.1,0.4901068921264302,0.8737714206490308,AC233280.2
ENSG00000185900.11,0.24008620215202275,0.7485579798110306,POMK
ENSG00000261730.1,0.9180256366639793,0.9874506284859019,AL034346.1
ENSG00000276641.1,0.0355875485740715,0.4907711046618811,MIR6769A
ENSG00000147592.9,0.3988903680938374,0.8428343303324465,LACTB2
ENSG00000261786.1,0.7241240630479757,0.9442459796555969,AC006058.1
ENSG00000117090.15,0.0110868424563753,0.42260216119490046,SLAMF1
ENSG00000269688.1,0.18309442985641428,0.705100749836532,AC008982.2
ENSG00000119686.10,0.8158538773896893,0.9678725546419633,FLVCR2
ENSG00000213757.3,0.22167243807466694,0.734906925513331,RPS3AP20
ENSG00000160801.14,0.8764865236069105,0.9791001838342976,PTH1R
ENSG00000184845.4,0.7752975348873448,0.9576432923337443,DRD1
ENSG00000188681.11,0.5823784220620827,0.9071707992341619,TEKT4P2
ENSG00000164087.8,0.0012377456413304713,0.3251137189732896,POC1A
ENSG00000232320.6,0.7902535094264197,0.9608714494139055,MXRA7P1
ENSG00000139116.19,0.3589697281497106,0.8219822448404712,KIF21A
ENSG00000206828.1,0.9050679369521829,0.9864753819765635,RNVU1-30
ENSG00000258512.1,0.46728909305689914,0.8680627299267651,LINC00239
ENSG00000107404.20,0.15412423694333013,0.6787988386535309,DVL1
ENSG00000131584.19,0.5439398815066874,0.8994501775504316,ACAP3
ENSG00000252061.1,0.9100684380295619,0.9872860397490922,RNU6-415P
ENSG00000274211.6,0.4310232082337927,0.855072204492913,SOCS7
ENSG00000174004.6,0.17322066293094318,0.6927142473482991,NRROS
ENSG00000178562.18,0.013646668622104459,0.42500769577816633,CD28
ENSG00000120327.6,0.39146781277635,0.8409678168383927,PCDHB14
ENSG00000202227.1,0.9824033188722039,0.9974085807058314,RNU6-282P
ENSG00000225697.13,0.7077893606268939,0.9436811839781982,SLC26A6
ENSG00000127084.19,0.22179772746473106,0.734906925513331,FGD3
ENSG00000152229.18,0.32584585926553894,0.805154585403318,PSTPIP2
ENSG00000258708.1,0.6368163988412003,0.9258200370712146,SLC25A21-AS1
ENSG00000197442.10,0.9005164676951932,0.9849234764572464,MAP3K5
ENSG00000100218.12,0.9532153775890093,0.9906056725320317,RSPH14
ENSG00000215841.3,0.15353868672678822,0.6781077677324929,AP002761.1
ENSG00000197959.14,0.6322491673163924,0.92367383691023,DNM3
ENSG00000116761.12,0.8298905752793951,0.9706992283944051,CTH
ENSG00000164880.16,0.9891699469886638,0.9990212309346693,INTS1
ENSG00000158555.15,0.9711442444660449,0.9954557710227082,GDPD5
ENSG00000179772.8,0.4137907232495688,0.849345677191902,FOXS1
ENSG00000214176.9,0.8410484030773698,0.9729543438307586,PLEKHM1P1
ENSG00000168913.7,0.7159355268618283,0.9441033806141912,ENHO
ENSG00000185551.15,0.4980373464354557,0.8776853691041558,NR2F2
ENSG00000108798.9,0.3293305395227791,0.8052370663303848,ABI3
ENSG00000213950.2,0.3717106314980454,0.8287715369958227,RPS10P2
ENSG00000219992.2,0.8356115381985879,0.9715926353890115,AL391422.1
ENSG00000275342.5,0.06319951797507431,0.5541251395773064,PRAG1
ENSG00000243970.3,0.1405833530063077,0.6695943601910094,PPIEL
ENSG00000166689.16,0.8481386250985757,0.9746438889486686,PLEKHA7
ENSG00000107331.17,0.723205023967134,0.9442459796555969,ABCA2
ENSG00000285668.1,0.11513158388477097,0.6510814215316996,AC126544.2
ENSG00000234084.1,0.6539192611110121,0.930956497700324,AL049552.1
ENSG00000070729.14,0.3880217067156685,0.8402414180211534,CNGB1
ENSG00000167646.14,0.43684649297406075,0.8582249401666611,DNAAF3
ENSG00000143772.9,0.08174062838488298,0.5851297470809271,ITPKB
ENSG00000171298.13,0.2219586150507393,0.734906925513331,GAA
ENSG00000251188.1,0.44532728027701074,0.8598988221012636,AC079140.3
ENSG00000082512.15,0.8991534510841998,0.9849234764572464,TRAF5
ENSG00000163346.17,0.8303832170072741,0.9709332612582274,PBXIP1
ENSG00000279965.1,0.4516214803141474,0.8600080546187959,AL390755.2
ENSG00000263154.1,0.700073720969296,0.9431477051501473,AC110285.3
ENSG00000162706.13,0.07485837160340818,0.5697943248310305,CADM3
ENSG00000127337.7,0.4930862500287493,0.8762777438165371,YEATS4
ENSG00000064932.16,0.6439874469752911,0.9288737868649792,SBNO2
ENSG00000054219.11,0.9391302454811239,0.9885797730536688,LY75
ENSG00000125107.18,0.2146600685632309,0.7286235398102793,CNOT1
ENSG00000164946.20,0.6506632432047061,0.9303376608044333,FREM1
ENSG00000112312.10,0.2043882299548758,0.7219515486589062,GMNN
ENSG00000228665.2,0.7788556120393768,0.9586338915307505,BX679664.1
ENSG00000109501.14,0.9898649499669128,0.9994021284883507,WFS1
ENSG00000114450.11,0.3893352085886095,0.8405196615077124,GNB4
ENSG00000254719.1,0.5797176080845157,0.9070406342289169,AC080023.2
ENSG00000163463.13,0.947846521189004,0.98976430879038,KRTCAP2
ENSG00000015133.19,0.06654901604069396,0.5565737045693097,CCDC88C
ENSG00000272153.1,0.7263666300000224,0.9442459796555969,AL365330.1
ENSG00000112319.19,0.9536614660343136,0.9906056725320317,EYA4
ENSG00000238278.3,0.7052114399903984,0.9433377204586122,ALG1L6P
ENSG00000196498.13,0.49204440764682855,0.8750160216920895,NCOR2
ENSG00000188760.11,0.23621151463152493,0.7470744025331316,TMEM198
ENSG00000128011.5,0.5959192974702927,0.9112162464701363,LRFN1
ENSG00000244245.1,0.6963969986310327,0.9424247357938722,AC133134.1
ENSG00000235579.1,0.20546211903436992,0.7223134940274961,RPL38P5
ENSG00000205890.3,0.7069099845974015,0.9436811839781982,AC108134.1
ENSG00000137507.11,0.19064431045593844,0.7103139405117631,LRRC32
ENSG00000173559.14,0.42892607063559807,0.8548822604941004,NABP1
ENSG00000137216.19,0.43233840404290824,0.855072204492913,TMEM63B
ENSG00000270571.2,0.5327779690433233,0.8938816911342454,AC007681.1
ENSG00000065413.20,0.05842744695464946,0.5430800298604903,ANKRD44
ENSG00000279017.1,0.43869734705695784,0.8582249401666611,AC098476.1
ENSG00000136842.14,0.266961549616006,0.7678582761200466,TMOD1
ENSG00000252274.1,0.4245467258452529,0.8535654857564274,AC080037.1
ENSG00000167550.11,0.9708843761433783,0.9954557710227082,RHEBL1
ENSG00000186480.13,0.18605293523230107,0.7068678754077737,INSIG1
ENSG00000153317.15,0.45346605944356455,0.8600080546187959,ASAP1
ENSG00000207034.1,0.797243895995727,0.961891359147811,Y_RNA
ENSG00000198576.4,0.6274929839311496,0.923570100785026,ARC
ENSG00000197355.11,0.8494831047427114,0.9747476639069517,UAP1L1
ENSG00000100068.13,0.4783760040592725,0.8719141432457757,LRP5L
ENSG00000141519.15,0.14693933080910337,0.6702993118382483,CCDC40
ENSG00000138413.14,0.665921077423771,0.9354155514271939,IDH1
ENSG00000177380.14,0.14930751287461744,0.674538134352904,PPFIA3
ENSG00000156218.13,0.39672026853136544,0.8418423607478821,ADAMTSL3
ENSG00000164543.7,0.1684544564222707,0.6911992083279329,STK17A
ENSG00000137101.13,0.8778564298921996,0.9793856643790266,CD72
ENSG00000279812.1,0.27106092588330505,0.7705023171721327,AC120057.4
ENSG00000187091.14,0.4247607440314244,0.8535654857564274,PLCD1
ENSG00000269836.1,0.11827406255215324,0.6560533450884047,AC020913.3
ENSG00000198947.16,0.11052553202726667,0.6400259903625983,DMD
ENSG00000188112.9,0.6073378767315611,0.9179946738238202,C6orf132
ENSG00000177025.3,0.961379308053248,0.9931237907387512,C19orf18
ENSG00000161647.19,0.5748962641720229,0.9063960057339171,MPP3
ENSG00000244879.8,0.7593788751760641,0.954058336654786,GABPB1-AS1
ENSG00000172893.16,0.5388598240760127,0.8964298505394434,DHCR7
ENSG00000263427.1,0.17737521246255816,0.6949172514011069,AC129492.2
ENSG00000212242.1,0.8614749060499534,0.9767825170272918,RNA5SP219
ENSG00000136810.13,0.12429818003597937,0.6582002079982514,TXN
ENSG00000286456.1,0.08013108243212425,0.578554488530925,AC016769.5
ENSG00000232545.1,0.36947369003894304,0.8271497146862344,AC253536.3
ENSG00000138031.14,0.9624413743941261,0.9935932225864706,ADCY3
ENSG00000226386.1,0.9167673948724275,0.9874506284859019,PARD3-AS1
ENSG00000140939.14,0.035903884014321395,0.4907711046618811,NOL3
ENSG00000183908.7,0.1188878508493384,0.656774723931987,LRRC55
ENSG00000229097.1,0.1346707774740285,0.6666119210385265,CALM2P2
ENSG00000222046.2,0.477364440436566,0.8719141432457757,DCDC2B
ENSG00000171105.14,0.11677237432659011,0.6537678536470838,INSR
ENSG00000237429.1,0.14683170442830137,0.6702993118382483,BX293535.1
ENSG00000167676.4,0.4531023413509184,0.8600080546187959,PLIN4
ENSG00000166710.21,0.8253839133611832,0.9690644707396778,B2M
ENSG00000273443.1,0.7194355076618453,0.9441033806141912,AL645608.8
ENSG00000173698.18,0.9450095047143988,0.9892711336977343,ADGRG2
ENSG00000124613.8,0.49342620153793004,0.876488042704924,ZNF391
ENSG00000160972.9,0.24241564917604885,0.7494582623252689,PPP1R16A
ENSG00000128322.7,0.422777377539991,0.8526693157423071,IGLL1
ENSG00000182287.15,0.3502911517885642,0.8131787406907613,AP1S2
ENSG00000233799.1,0.9227441653287818,0.9876697076255315,AC139887.1
ENSG00000206936.1,0.6616798979070546,0.9331066559292748,RNU4-52P
ENSG00000143552.9,0.0876467521031657,0.6015457757754022,NUP210L
ENSG00000108984.15,0.8125635633840004,0.9665229753936004,MAP2K6
ENSG00000106077.18,0.34905037172908604,0.8131787406907613,ABHD11
ENSG00000180096.12,0.04069788467717418,0.4959602325888798,SEPTIN1
ENSG00000100413.17,0.6184826880171338,0.9208522890139409,POLR3H
ENSG00000196839.13,0.009538941696012363,0.422343717894382,ADA
ENSG00000272172.1,0.6949565137685858,0.9424247357938722,AC138696.2
ENSG00000083307.12,0.7669252871911443,0.9557868318389714,GRHL2
ENSG00000241547.1,0.7434845967318937,0.9497408601738444,ACTG1P20
ENSG00000271869.1,0.03837812237280508,0.49106991772126546,AC026979.2
ENSG00000182890.5,0.3255460779040613,0.8049607615570882,GLUD2
ENSG00000238832.1,0.5219686837661364,0.8882134927685656,AC004839.1
ENSG00000260302.3,0.7519243852260789,0.951355734940969,LINC01882
ENSG00000067082.15,0.6844692391173774,0.9390447601421359,KLF6
ENSG00000072954.7,0.15516382155849023,0.6806689919609344,TMEM38A
ENSG00000105509.11,0.2740068914122587,0.7713081423094224,HAS1
ENSG00000058453.17,0.9277032345277408,0.9876697076255315,CROCC
ENSG00000147852.16,0.8193463275821516,0.9683758068252137,VLDLR
ENSG00000028277.21,0.04870048893372127,0.5163818598736397,POU2F2
ENSG00000243870.3,0.9026006090503252,0.9853595336211016,RN7SL236P
ENSG00000069974.16,0.2951010369069784,0.7841917201970101,RAB27A
ENSG00000178187.8,0.929398537653925,0.9876697076255315,ZNF454
ENSG00000128567.17,0.3979908570872298,0.8421903904654863,PODXL
ENSG00000253954.3,0.14221013419108977,0.6696621171687488,HMGN1P38
ENSG00000149115.14,0.29113011842392916,0.7834115431036621,TNKS1BP1
ENSG00000227854.1,0.9499626083692169,0.9900147107195209,AL590135.1
ENSG00000178718.7,0.3543822859348269,0.8179639595633617,RPP25
ENSG00000158062.20,0.633989699013074,0.924230011223463,UBXN11
ENSG00000113645.15,0.3019169995810641,0.7888016439675527,WWC1
ENSG00000175857.8,0.11813388146254675,0.6557466683289438,GAPT
ENSG00000227939.1,0.5706345707821903,0.9041905959309144,RPL3P2
ENSG00000231439.4,0.20777209294331908,0.7244173771688763,WASIR2
ENSG00000134709.12,0.6965695954461614,0.9424247357938722,HOOK1
ENSG00000185038.14,0.9033903704821549,0.985766013314091,MROH2A
ENSG00000185164.14,0.5789681525235513,0.9070406342289169,NOMO2
ENSG00000145779.8,0.06266771491017668,0.5534296386446361,TNFAIP8
ENSG00000213145.10,0.6673805570653839,0.9354155514271939,CRIP1
ENSG00000185480.12,0.12533342902427783,0.6582917819269838,PARPBP
ENSG00000260425.1,0.7506469290229443,0.9510839674149429,AL031709.1
ENSG00000258386.1,0.9529345110526248,0.9906056725320317,AL352984.1
ENSG00000272990.1,0.33806543115289395,0.8065126189054084,AC084036.1
ENSG00000075826.17,0.5700795014282437,0.9041905959309144,SEC31B
ENSG00000154736.6,0.42738888339590897,0.8546819438080139,ADAMTS5
ENSG00000240322.3,0.39363661069168676,0.8410443497529722,RN7SL481P
ENSG00000156042.18,0.3155254718633178,0.798715180800932,CFAP70
ENSG00000273355.1,0.1049146800090346,0.6301253749973149,AP000894.4
ENSG00000277443.3,0.07873463641004082,0.5762783134589181,MARCKS
ENSG00000173531.15,0.7658776199127756,0.9555564201934101,MST1
ENSG00000132357.14,0.7070326449603275,0.9436811839781982,CARD6
ENSG00000134324.12,0.34327408256496994,0.8094443453027175,LPIN1
ENSG00000240950.1,0.8014277196298911,0.9623417940428617,AC021074.1
ENSG00000167553.16,0.041721619878486604,0.4982139846093936,TUBA1C
ENSG00000165175.16,0.8332204183896487,0.9712309916684528,MID1IP1
ENSG00000231982.1,0.0026067682528519674,0.3436589480009844,AC112907.2
ENSG00000096996.16,0.34033915334526327,0.8074302066897383,IL12RB1
ENSG00000163293.12,0.08232338391086767,0.5877057461506889,NIPAL1
ENSG00000156206.14,0.3115285005783165,0.7955355439635531,CFAP161
ENSG00000120306.11,0.4339140112306641,0.855072204492913,CYSTM1
ENSG00000174672.16,0.9371321532154726,0.9878543291079629,BRSK2
ENSG00000173442.13,0.4897806925764677,0.8737714206490308,EHBP1L1
ENSG00000185527.12,0.6869212607223177,0.9392997169882443,PDE6G
ENSG00000280206.1,0.21568885338470517,0.7288985188261606,AC026401.3
ENSG00000270728.1,0.270131048492211,0.7699844721063297,AL035413.1
ENSG00000206914.1,0.44861279787999686,0.8598988221012636,Y_RNA
ENSG00000104365.16,0.9493680993196852,0.9900147107195209,IKBKB
ENSG00000104413.18,0.6822256826550634,0.9385116734699985,ESRP1
ENSG00000173334.4,0.43705915275755436,0.8582249401666611,TRIB1
ENSG00000203485.14,0.0842456533650127,0.5948506638849367,INF2
ENSG00000119927.14,0.31640948003973257,0.798715180800932,GPAM
ENSG00000252311.1,0.7163914323444136,0.9441033806141912,RNU1-103P
ENSG00000204382.11,0.19041431547763607,0.7103139405117631,XAGE1B
ENSG00000201388.1,0.10701272120570848,0.6345083777054531,SNORA68B
ENSG00000196689.12,0.33922471341318505,0.8065126189054084,TRPV1
ENSG00000184986.11,0.09436037232097462,0.6123586449973578,TMEM121
ENSG00000237172.4,0.14585130233350424,0.6702993118382483,B3GNT9
ENSG00000104689.10,0.7172038555158706,0.9441033806141912,TNFRSF10A
ENSG00000182836.10,0.8397389126645958,0.9726182279937213,PLCXD3
ENSG00000141506.14,0.008160867323164525,0.422343717894382,PIK3R5
ENSG00000134253.10,0.9331763613395485,0.9877707876523755,TRIM45
ENSG00000185222.10,0.5274983374340334,0.8918458699916624,TCEAL9
ENSG00000273188.1,0.5016287056141857,0.8794891790598558,AL022328.3
ENSG00000245910.8,0.3814559001549147,0.8374512308621752,SNHG6
ENSG00000214223.4,0.8242363076666798,0.9687532234239877,HNRNPA1P10
ENSG00000186767.7,0.6004154273950881,0.9144477008935308,SPIN4
ENSG00000139835.14,0.30215883198133586,0.7888016439675527,GRTP1
ENSG00000265205.1,0.47553078792557757,0.8715126349609172,AC010761.3
ENSG00000220785.7,0.021092312852693154,0.45446155147114187,MTMR9LP
ENSG00000134352.20,0.27893037322412273,0.7757873601275705,IL6ST
ENSG00000177721.4,0.08892551590243593,0.6027299826798252,ANXA2R
ENSG00000173083.15,0.5051157947140437,0.8806972250572762,HPSE
ENSG00000154447.15,0.7556018511739931,0.9526315975113622,SH3RF1
ENSG00000102034.17,0.5934537555698488,0.9101015632014577,ELF4
ENSG00000124134.9,0.37630138608162755,0.8329051780868845,KCNS1
ENSG00000132970.14,0.09936915635982516,0.6244867620898755,WASF3
ENSG00000265975.1,0.4334062366613586,0.855072204492913,AC002091.1
ENSG00000176046.9,0.14057885467304734,0.6695943601910094,NUPR1
ENSG00000234664.1,0.28413227057361234,0.778045611914473,HMGN2P5
ENSG00000277369.1,0.0671280890656885,0.5583419395474196,AC010654.1
ENSG00000260671.2,0.7000622071359927,0.9431477051501473,AC010536.2
ENSG00000176986.16,0.3768373832736682,0.8335524892882314,SEC24C
ENSG00000232237.3,0.40715050794812724,0.8466247418164264,ASCL5
ENSG00000132405.19,0.3735664224560772,0.8302642319830206,TBC1D14
ENSG00000154122.14,0.7475680386371435,0.9499217968867156,ANKH
ENSG00000260604.2,0.6194359617248621,0.9208522890139409,AL590004.3
ENSG00000207561.1,0.2812386360746868,0.777282484252833,MIR635
ENSG00000149922.11,0.4690327683506855,0.8686029686938693,TBX6
ENSG00000213949.10,0.980938833844734,0.9970455072240391,ITGA1
ENSG00000110344.10,0.9299636833899926,0.9876697076255315,UBE4A
ENSG00000047634.15,0.6213217127310341,0.920864670733086,SCML1
ENSG00000271856.1,0.041401466734259325,0.49769848308205356,LINC01215
ENSG00000257464.1,0.2924841798255422,0.7841917201970101,AC125611.1
ENSG00000163931.16,0.48376388950757687,0.8719141432457757,TKT
ENSG00000274180.1,0.8948314547897225,0.9849234764572464,NATD1
ENSG00000273682.1,0.65299947864911,0.9309411815746655,AC109583.3
ENSG00000130787.14,0.6053149779156002,0.9172493247724899,HIP1R
ENSG00000162763.4,0.24492259228461144,0.7508183930972546,LRRC52
ENSG00000214212.9,0.5706138924251456,0.9041905959309144,C19orf38
ENSG00000162065.14,0.6650869218647504,0.9352600092355868,TBC1D24
ENSG00000226944.1,0.9062613351038326,0.9865850757874092,RNF207-AS1
ENSG00000158669.11,0.7932620467511107,0.9610848717057168,GPAT4
ENSG00000163393.13,0.5274319160996022,0.8918458699916624,SLC22A15
ENSG00000196428.12,0.0387321037452176,0.49106991772126546,TSC22D2
ENSG00000260404.3,0.42538893368144604,0.8539009644360753,AC110079.1
ENSG00000239672.8,0.175279096419586,0.6927142473482991,NME1
ENSG00000246705.4,0.22671964913342865,0.7404427847421226,H2AJ
ENSG00000175305.17,0.5261163718528474,0.8907808016759335,CCNE2
ENSG00000183831.7,0.7179352978712387,0.9441033806141912,ANKRD45
ENSG00000213928.9,0.6145751742683823,0.9208522890139409,IRF9
ENSG00000270225.1,0.07504195307582814,0.5697943248310305,MTCO2P22
ENSG00000107317.13,0.6595388541969989,0.9331066559292748,PTGDS
ENSG00000162909.18,0.42494827849668915,0.8535654857564274,CAPN2
ENSG00000143367.16,0.48793413348441217,0.873005880086338,TUFT1
ENSG00000239122.1,0.09238173396861374,0.6097852055808355,RNU2-11P
ENSG00000142733.17,0.9496328808559176,0.9900147107195209,MAP3K6
ENSG00000144057.15,0.4754537502925059,0.8715126349609172,ST6GAL2
ENSG00000242085.1,0.30674874537950625,0.7924175623618206,RPS20P33
ENSG00000205871.5,0.9711908620404588,0.9954557710227082,RPS3AP47
ENSG00000174804.4,0.3595242122652922,0.8226313332422508,FZD4
ENSG00000211792.2,0.11007757203563082,0.6398043625650331,TRAV14DV4
ENSG00000147324.11,0.02708959940078551,0.4654252977694876,MFHAS1
ENSG00000224594.2,0.44795308466302997,0.8598988221012636,RPL29P19
ENSG00000235957.1,0.7023805420783282,0.9433377204586122,COX7CP1
ENSG00000173221.14,0.35366318026812626,0.8172584738302304,GLRX
ENSG00000219023.1,0.5489007086067724,0.9011632638189228,AL033519.3
ENSG00000010626.15,0.5071213605966332,0.8815308045340889,LRRC23
ENSG00000181588.16,0.12488983795997924,0.6582002079982514,MEX3D
ENSG00000268117.1,0.4996955830561499,0.8785264858923402,VN1R84P
ENSG00000247516.8,0.35233193679463715,0.8148963801302865,MIR4458HG
ENSG00000112029.10,0.22571593899856557,0.7396077371494009,FBXO5
ENSG00000135378.4,0.6679791054274041,0.9354155514271939,PRRG4
ENSG00000262179.3,0.5875793767041722,0.9076064088245793,MYMX
ENSG00000140459.18,0.8644562110586664,0.9770556622605978,CYP11A1
ENSG00000152217.20,0.11308299684686332,0.6458386318113277,SETBP1
ENSG00000259985.1,0.42830861440553614,0.8546819438080139,AC017100.1
ENSG00000223784.2,0.4115588995585776,0.8492898390659616,LINP1
ENSG00000206924.1,0.9720402879049218,0.9954557710227082,RNU6-689P
ENSG00000133624.13,0.845638842778137,0.9744189049162179,ZNF767P
ENSG00000138182.15,0.04328275532244442,0.5083573537368472,KIF20B
ENSG00000230777.1,0.9528461164451981,0.9906056725320317,RPS29P5
ENSG00000140022.13,0.4391538174511639,0.8582249401666611,STON2
ENSG00000179981.11,0.33721131964829887,0.8065126189054084,TSHZ1
ENSG00000266094.8,0.06793162728440756,0.5614829381605683,RASSF5
ENSG00000100934.15,0.3382883231739411,0.8065126189054084,SEC23A
ENSG00000109743.11,0.9052602524359603,0.9864753819765635,BST1
ENSG00000108854.16,0.55685088907853,0.9035268196516303,SMURF2
ENSG00000112992.18,0.09083954177465155,0.6073886521026997,NNT
ENSG00000142192.21,0.6763819905340264,0.9385116734699985,APP
ENSG00000260219.2,0.9273856440211672,0.9876697076255315,CD2BP2-DT
ENSG00000084774.14,0.8527502179592508,0.9753114841031917,CAD
ENSG00000100307.13,0.6315963151872456,0.92367383691023,CBX7
ENSG00000270060.1,0.3847510607834651,0.8384132201295119,AC090589.3
ENSG00000269837.1,0.25514368948025645,0.7572932772190727,IPO5P1
ENSG00000280734.3,0.49953172753500574,0.8784698689258158,LINC01232
ENSG00000087903.13,0.3755761590032738,0.8323921035908926,RFX2
ENSG00000274525.1,0.5873550667011483,0.9076064088245793,AC008443.5
ENSG00000010319.7,0.7299546445040732,0.9449985659619017,SEMA3G
ENSG00000165895.19,0.5926399498007102,0.9099406358722543,ARHGAP42
ENSG00000109099.16,0.10386141717868555,0.6295534326879569,PMP22
ENSG00000211778.2,0.41713817328317304,0.8508898477243562,TRAV4
ENSG00000211796.1,0.15252038243692603,0.6767369910932969,TRAV16
ENSG00000201136.1,0.2977494962206164,0.7858520237254173,RNU6-353P
ENSG00000253930.1,0.31901629602435705,0.8001564140163943,TNFRSF10A-AS1
ENSG00000010295.20,0.9994664422908391,0.999992258902376,IFFO1
ENSG00000276953.1,0.04448353241492375,0.5099223044203635,TRBV12-4
ENSG00000226396.1,0.8201786538960114,0.9683758068252137,AL031727.1
ENSG00000105875.14,0.19201229083928484,0.7127251152223102,WDR91
ENSG00000128944.13,0.1783832354160729,0.6964518223796331,KNSTRN
ENSG00000127377.10,0.2947643512894703,0.7841917201970101,CRYGN
ENSG00000014257.16,0.924017851391746,0.9876697076255315,ACP3
ENSG00000153044.10,0.03718099248288921,0.49106991772126546,CENPH
ENSG00000139192.12,0.592417935228277,0.9099406358722543,TAPBPL
ENSG00000135722.9,0.21011034508020163,0.7253337423924395,FBXL8
ENSG00000156110.15,0.23222059537241502,0.7443753129172285,ADK
ENSG00000239472.3,0.9631485518396079,0.9939341219897324,RN7SL221P
ENSG00000107186.17,0.14326837015538574,0.6696621171687488,MPDZ
ENSG00000256745.1,0.0782118213526267,0.5758121607852904,ARPC3P3
ENSG00000005981.13,0.7662347530981661,0.9555564201934101,ASB4
ENSG00000232725.1,0.04031904852866315,0.49522309605858,U52111.1
ENSG00000258661.1,0.2802165509808303,0.7766539306487948,AL079303.1
ENSG00000175556.17,0.44988518020819623,0.8599279006790084,LONRF3
ENSG00000174233.11,0.9500297422998809,0.9900147107195209,ADCY6
ENSG00000227470.1,0.17879013044094877,0.6973520373707617,RPL39P16
ENSG00000265706.1,0.2540768078257653,0.7572932772190727,SNORD53B
ENSG00000106392.11,0.020868146107628688,0.4534808673388542,C1GALT1
ENSG00000174844.14,0.3345962849173768,0.8054859623092716,DNAH12
ENSG00000105514.8,0.6220089994736556,0.9212978468663946,RAB3D
ENSG00000225398.3,0.22265138059645231,0.7356606833117714,PGM5P4
ENSG00000095397.16,0.8122579009780975,0.9663047069840203,WHRN
ENSG00000171451.14,0.19870255846212564,0.7167313718939021,DSEL
ENSG00000204577.11,0.22092403261470892,0.7345561572014913,LILRB3
ENSG00000260708.1,0.9961200197067672,0.9995597017000601,AL118516.1
ENSG00000244349.1,0.3914228078408971,0.8409678168383927,AL662791.1
ENSG00000256340.8,0.28285617955328424,0.7778985111598209,ABCC6P1
ENSG00000183828.15,0.9425404485514977,0.98888717134306,NUDT14
ENSG00000198520.12,0.7237688176235249,0.9442459796555969,ARMH1
ENSG00000230978.2,0.6396067692528127,0.9271192128989826,LINC00160
ENSG00000268080.2,0.4835910390541479,0.8719141432457757,AC016885.3
ENSG00000249936.3,0.001145788741983091,0.3251137189732896,RAC1P2
ENSG00000137338.5,0.48250159236509516,0.8719141432457757,PGBD1
ENSG00000172123.13,0.9728109891843975,0.9954557710227082,SLFN12
ENSG00000165802.23,0.37430313050289177,0.8310779063852092,NSMF
ENSG00000198315.11,0.7278671218357338,0.9449275352710138,ZKSCAN8
ENSG00000153093.20,0.7831286765133133,0.9599485249062929,ACOXL
ENSG00000196705.8,0.7198939045286383,0.9441033806141912,ZNF431
ENSG00000214460.3,0.7778555083628775,0.9586338915307505,TPT1P6
ENSG00000206603.1,0.3696652103268705,0.8271497146862344,SNORA22B
ENSG00000204876.4,0.3112798064509872,0.7955355439635531,AC021218.1
ENSG00000226499.1,0.7203114920362382,0.9441033806141912,AL136380.1
ENSG00000259972.3,0.23488661852050047,0.7461003716470628,AC009120.2
ENSG00000166226.13,0.07687099038343265,0.571677324061824,CCT2
ENSG00000271533.1,0.3972965865551855,0.8418423607478821,Z83843.1
ENSG00000113569.16,0.8272797094979669,0.9697365889343389,NUP155
ENSG00000271971.1,0.1276625633639738,0.6620855760341555,AC120053.1
ENSG00000262766.1,0.9868434300242377,0.9979803538523901,AC135050.5
ENSG00000204387.14,0.3325277897807382,0.8054859623092716,SNHG32
ENSG00000124224.17,0.17602254860042002,0.6927142473482991,PPP4R1L
ENSG00000271351.1,0.4623713545837811,0.8657087137718055,IGKV1OR2-9
ENSG00000137843.12,0.6666280585434865,0.9354155514271939,PAK6
ENSG00000105926.16,0.6688209550773385,0.9358524243166014,MPP6
ENSG00000173662.21,0.5649566858520977,0.9035459161481156,TAS1R1
ENSG00000286830.1,0.5239552709893227,0.8893747196406744,AC105052.5
ENSG00000204052.4,0.5647192379288644,0.9035459161481156,LRRC73
ENSG00000105538.10,0.16594390562953035,0.688767821647704,RASIP1
ENSG00000278383.1,0.4786170124681115,0.8719141432457757,AL031673.1
ENSG00000229228.1,0.22159152042705818,0.734906925513331,LINC00582
ENSG00000236675.1,0.0660233231022618,0.5565737045693097,MTX1P1
ENSG00000233377.1,0.28344700192108496,0.778045611914473,MTND4P20
ENSG00000188396.4,0.12599419795856245,0.6604422817064276,TCTEX1D4
ENSG00000220472.1,0.39131847413864607,0.8409678168383927,AL139095.2
ENSG00000109943.9,0.1481347040866068,0.6741918925920943,CRTAM
ENSG00000230299.1,0.7639457360488737,0.955025138659946,SNRPEP11
ENSG00000260296.1,0.7040727054850682,0.9433377204586122,AC095057.3
ENSG00000121210.16,0.7133087568924831,0.9440985964911512,TMEM131L
ENSG00000250325.1,0.6747309823170985,0.9382208983470575,IGBP1P4
ENSG00000196776.17,0.5728951544298614,0.9055956577818153,CD47
ENSG00000215068.8,0.5676575511057604,0.9041905959309144,AC025171.2
ENSG00000116191.17,0.11515333865017037,0.6510814215316996,RALGPS2
ENSG00000005102.14,0.024808112516389785,0.4600429957364149,MEOX1
ENSG00000104763.20,0.35157800867864,0.8142148098098965,ASAH1
ENSG00000133119.13,0.6284986755108397,0.923570100785026,RFC3
ENSG00000111801.16,0.4184700768867974,0.8509250149549017,BTN3A3
ENSG00000130038.10,0.879867463401608,0.9798437734620014,CRACR2A
ENSG00000081189.16,0.08504263913482117,0.5954825140804678,MEF2C
ENSG00000186352.9,0.17240603853825892,0.6927142473482991,ANKRD37
ENSG00000171621.14,0.8233110013289555,0.9683758068252137,SPSB1
ENSG00000240403.5,0.014211018801428549,0.4296923179804599,KIR3DL2
ENSG00000180758.12,0.5594715355230724,0.9035268196516303,GPR157
ENSG00000171444.18,0.27574517838730006,0.7718333667520658,MCC
ENSG00000113205.5,0.4897490196934353,0.8737714206490308,PCDHB3
ENSG00000042493.16,0.03512750674227024,0.48965141101612325,CAPG
ENSG00000178796.13,0.00920235390780443,0.422343717894382,RIIAD1
ENSG00000078674.18,0.07378714042469793,0.5697943248310305,PCM1
ENSG00000279140.1,0.5874423769934687,0.9076064088245793,AL590326.1
ENSG00000233820.2,0.7361777992452627,0.9471628153863872,AL589843.2
ENSG00000071054.16,0.3311542725777961,0.8054828708764966,MAP4K4
ENSG00000110237.5,0.8474853448012606,0.9746438889486686,ARHGEF17
ENSG00000162783.11,0.8959527253832336,0.9849234764572464,IER5
ENSG00000166881.10,0.8234254964230578,0.9683758068252137,NEMP1
ENSG00000162522.11,0.7920204614638007,0.9608714494139055,KIAA1522
ENSG00000196411.10,0.43419816395730915,0.8553623342892931,EPHB4
ENSG00000137441.8,0.6960776126445647,0.9424247357938722,FGFBP2
ENSG00000065923.10,0.2860667870877929,0.7786530028638933,SLC9A7
ENSG00000221241.1,0.09115328919633654,0.608457820711411,SNORD88A
ENSG00000207736.1,0.41901716468842054,0.8510138334903893,MIR657
ENSG00000124422.12,0.5889171559638098,0.9078804723589428,USP22
ENSG00000198771.11,0.009269049421901945,0.422343717894382,RCSD1
ENSG00000145604.17,0.788908812220046,0.9608714494139055,SKP2
ENSG00000129993.15,0.030311637666521254,0.4756355531207096,CBFA2T3
ENSG00000232504.5,0.47769624455931037,0.8719141432457757,ST3GAL5-AS1
ENSG00000207336.1,0.4691041047749971,0.8686029686938693,RNU6-658P
ENSG00000090565.17,0.9646621226784318,0.9943598867954815,RAB11FIP3
ENSG00000271601.4,0.9015432564932194,0.9849234764572464,LIX1L
ENSG00000165410.15,0.801767904711044,0.9623417940428617,CFL2
ENSG00000269365.2,0.7051401388435639,0.9433377204586122,AC120349.1
ENSG00000145850.9,0.7965582609592275,0.961891359147811,TIMD4
ENSG00000110318.15,0.36239001609940746,0.8235807736994303,CEP126
ENSG00000070778.13,0.06947208800295598,0.5642095455736198,PTPN21
ENSG00000005108.16,0.39729341190671086,0.8418423607478821,THSD7A
ENSG00000267013.6,0.10066000273888638,0.6244867620898755,LINC01929
ENSG00000272954.1,0.5876068139272222,0.9076064088245793,AP000553.2
ENSG00000262692.1,0.6586508680505839,0.9328430378299228,AC116914.2
ENSG00000235499.1,0.12079430658264702,0.6574794830232176,AC073046.1
ENSG00000156140.10,0.4404859958250973,0.8582249401666611,ADAMTS3
ENSG00000132646.11,0.06112405704748312,0.5494219218699903,PCNA
ENSG00000184227.8,0.33369899145991894,0.8054859623092716,ACOT1
ENSG00000216866.5,0.46271083860304085,0.8657087137718055,RPS2P55
ENSG00000237264.4,0.4949973347951232,0.8768203004666563,FTH1P11
ENSG00000179909.15,0.10087372947048763,0.624832576438181,ZNF154
ENSG00000198680.4,0.22280402707078137,0.7356606833117714,TUSC1
ENSG00000254352.1,0.048449274800495636,0.5163818598736397,AC100854.1
ENSG00000267023.5,0.3402576658106122,0.8074302066897383,LRRC37A16P
ENSG00000286699.1,0.7880766214321568,0.9608714494139055,AC084198.2
ENSG00000124243.17,0.923520151382619,0.9876697076255315,BCAS4
ENSG00000116981.3,0.07704273419088552,0.571677324061824,NT5C1A
ENSG00000184221.13,0.9697346932669914,0.9954557710227082,OLIG1
ENSG00000234478.1,0.310610912710157,0.7955355439635531,ACBD3-AS1
ENSG00000258701.1,0.712151916017438,0.9440985964911512,LINC00638
ENSG00000286989.1,0.5125878031332307,0.8843766412087203,AL691432.4
ENSG00000109861.17,0.3288213001682189,0.8052370663303848,CTSC
ENSG00000237082.1,0.7465807799926278,0.9499217968867156,COX5BP6
ENSG00000177788.6,0.9906718185389229,0.9995597017000601,AL162595.1
ENSG00000120278.16,0.2407689081522612,0.7485579798110306,PLEKHG1
ENSG00000142949.17,0.9363971713191063,0.9877707876523755,PTPRF
ENSG00000266389.1,0.5883260826036432,0.9076064088245793,AC002091.2
ENSG00000172349.17,0.0021879075336212507,0.3436589480009844,IL16
ENSG00000185973.12,0.5159234564530961,0.8853053511729732,TMLHE
ENSG00000250509.2,0.6176426173526495,0.9208522890139409,AC034213.1
ENSG00000007944.15,0.038975445128603875,0.49106991772126546,MYLIP
ENSG00000101096.20,0.07025358695340357,0.5670468089810431,NFATC2
ENSG00000223511.7,0.47810199408054244,0.8719141432457757,AL683807.1
ENSG00000225507.1,0.36450932030778627,0.8235807736994303,AC069282.1
ENSG00000211795.3,0.03737121181140113,0.49106991772126546,TRAV8-6
ENSG00000154134.15,0.7548576329967874,0.9525510472880607,ROBO3
ENSG00000144488.15,0.6477171798254648,0.9298185784418065,ESPNL
ENSG00000286369.1,0.7136881294395903,0.9440985964911512,AP002813.1
ENSG00000267015.1,0.032281473165245204,0.4763174572319437,AC023090.1
ENSG00000232093.1,0.6848929325709237,0.9390447601421359,DCST1-AS1
ENSG00000152213.4,0.7866301697567147,0.9608714494139055,ARL11
ENSG00000070018.9,0.34203875197331285,0.8090139116990226,LRP6
ENSG00000086991.13,0.061004092954465496,0.5493930815422854,NOX4
ENSG00000267074.1,0.04990847902116156,0.520898242274711,AC015911.3
ENSG00000198835.4,0.23430053261186518,0.7458016953560779,GJC2
ENSG00000183765.23,0.47384420460655374,0.8708323733680406,CHEK2
ENSG00000008710.20,0.2457554314896585,0.7514207433642052,PKD1
ENSG00000151327.13,0.666702076452407,0.9354155514271939,FAM177A1
ENSG00000103222.20,0.594083371033477,0.9102423513279659,ABCC1
ENSG00000100941.9,0.973337476826101,0.9954557710227082,PNN
ENSG00000106348.18,0.7385194738389151,0.9476538322181975,IMPDH1
ENSG00000258427.3,0.15070484207000295,0.674538134352904,RBM8B
ENSG00000171867.17,0.5278625344208472,0.8918458699916624,PRNP
ENSG00000198468.9,0.45147732033404964,0.8600080546187959,FLVCR1-DT
ENSG00000100362.13,0.1272157911233152,0.6620750516106523,PVALB
ENSG00000253161.5,0.041061195930942346,0.49678863018942077,LINC01605
ENSG00000161642.18,0.9679180424099346,0.9953627866461918,ZNF385A
ENSG00000246016.2,0.580081093880217,0.9070406342289169,LINC01513
ENSG00000197180.2,0.24160158311726435,0.7485579798110306,CH17-340M24.3
ENSG00000274414.1,0.10297965202403633,0.6275570473883878,AL121772.1
ENSG00000181222.19,0.9767429216845528,0.9969079368419114,POLR2A
ENSG00000145349.17,0.9801691255561042,0.9970455072240391,CAMK2D
ENSG00000241657.1,0.16681140200824968,0.6901446234957983,TRBV11-2
ENSG00000181036.14,0.023522506351421026,0.45446155147114187,FCRL6
ENSG00000219607.4,0.0006866118901626887,0.3251137189732896,PPP1R3G
ENSG00000211581.1,0.4767175269343247,0.8719141432457757,MIR765
ENSG00000178202.13,0.23695691624566254,0.7479366350770913,POGLUT3
ENSG00000280208.1,0.8061638630517565,0.9642758440555562,GGT4P
ENSG00000273084.1,0.011112673770991061,0.42260216119490046,AC092171.5
ENSG00000115841.21,0.09866925740390117,0.6244867620898755,RMDN2
ENSG00000114670.14,0.16443284805137037,0.6876654434879745,NEK11
ENSG00000235501.6,0.4610365546167122,0.8648756117804991,AC105942.1
ENSG00000228403.1,0.4796599653336271,0.8719141432457757,AC035139.1
ENSG00000152454.4,0.6285539758272216,0.923570100785026,ZNF256
ENSG00000177602.5,0.08205828140240323,0.5868725188906054,HASPIN
ENSG00000250397.2,0.23906043173353927,0.7485579798110306,AP006623.1
ENSG00000181885.18,0.723450515749518,0.9442459796555969,CLDN7
ENSG00000087301.9,0.22536249759945848,0.7390619220612423,TXNDC16
ENSG00000146192.15,0.08481950597740819,0.5949982089294241,FGD2
ENSG00000269680.1,0.8911629224267238,0.9849234764572464,AC008760.1
ENSG00000265137.3,0.5459695133629273,0.8994501775504316,MIR3192
ENSG00000119547.6,0.1603637489732616,0.6838929581569986,ONECUT2
ENSG00000148426.13,0.28006973566580406,0.7766539306487948,PROSER2
ENSG00000164695.5,0.28489465244583556,0.778045611914473,CHMP4C
ENSG00000128656.15,0.7985117151884891,0.961891359147811,CHN1
ENSG00000272236.1,0.9485999122015578,0.9900147107195209,AL645939.4
ENSG00000153976.3,0.629398469174541,0.92367383691023,HS3ST3A1
ENSG00000090020.11,0.5700223939200928,0.9041905959309144,SLC9A1
ENSG00000077092.19,0.5573789683388779,0.9035268196516303,RARB
ENSG00000205609.13,0.23074160524636553,0.7432429779078834,EIF3CL
ENSG00000115604.11,0.088316282198918,0.6027299826798252,IL18R1
ENSG00000182916.8,0.2653136609134574,0.7669445884328739,TCEAL7
ENSG00000258515.1,0.4769513905285152,0.8719141432457757,AL355075.2
ENSG00000169299.14,0.5079443585034125,0.8822661123763709,PGM2
ENSG00000243289.1,0.25707040196614084,0.7601595811409996,AGAP13P
ENSG00000158158.12,0.7187904179693057,0.9441033806141912,CNNM4
ENSG00000133030.22,0.8901516092639618,0.9849234764572464,MPRIP
ENSG00000157330.10,0.2009614965868373,0.7181402209351381,C1orf158
ENSG00000257718.1,0.5557477817576941,0.9035268196516303,CPNE8-AS1
ENSG00000110719.10,0.1364205208702026,0.6672073909128985,TCIRG1
ENSG00000133657.16,0.8363551414812914,0.9715926353890115,ATP13A3
ENSG00000279207.1,0.8115461834093259,0.9660391739304391,AC015813.6
ENSG00000100304.13,0.009292786982306105,0.422343717894382,TTLL12
ENSG00000005961.19,0.6116436871344396,0.9204911653792651,ITGA2B
ENSG00000253341.1,0.934280194841651,0.9877707876523755,PCBP2P2
ENSG00000135473.15,0.6106931221672901,0.9203730677437737,PAN2
ENSG00000187513.9,0.29700298567870664,0.7854825845156927,GJA4
ENSG00000251050.1,0.722629010075527,0.9442459796555969,RBX1P2
ENSG00000253822.1,0.7190761892072948,0.9441033806141912,IGLV3-24
ENSG00000067167.8,0.7721387581882506,0.9563961752089646,TRAM1
ENSG00000071894.17,0.8644014769093614,0.9770556622605978,CPSF1
ENSG00000261143.1,0.3824113008118717,0.838267046379356,ADAMTS7P3
ENSG00000196476.12,0.49377675056261094,0.8765690059952913,C20orf96
ENSG00000155754.15,0.19955216585302427,0.7171811536678694,C2CD6
ENSG00000286064.1,0.7103862398501815,0.9437001604195177,AL035413.2
ENSG00000180229.12,0.7511512386679429,0.9512658177815286,HERC2P3
ENSG00000086205.18,0.4521887524444228,0.8600080546187959,FOLH1
ENSG00000287562.1,0.6708848959319202,0.9372674603905192,AL109615.4
ENSG00000287804.1,0.5306532011398768,0.8938816911342454,Z98745.2
ENSG00000272732.1,0.5061507087482253,0.8810175956212942,AC004982.1
ENSG00000149679.11,0.9737763929457993,0.9954557710227082,CABLES2
ENSG00000213453.3,0.813879429079027,0.9672875180353241,FTH1P3
ENSG00000115902.11,0.2952367816367505,0.7841917201970101,SLC1A4
ENSG00000128692.8,0.5752590854182926,0.9065982244706933,EIF2S2P4
ENSG00000161281.11,0.7607386825965946,0.9546114685332002,COX7A1
ENSG00000255156.1,0.3882789791683089,0.8402414180211534,RNY1P9
ENSG00000241886.1,0.17630422633251433,0.6927142473482991,AC112496.1
ENSG00000222872.1,0.9134214134239539,0.9874506284859019,RNU4-78P
ENSG00000223374.1,0.925484261286341,0.9876697076255315,AC005104.1
ENSG00000151718.16,0.5665988939937914,0.9041905959309144,WWC2
ENSG00000142675.18,0.6933737265575488,0.9415598587244998,CNKSR1
ENSG00000269001.2,0.9219360802948544,0.9876697076255315,AC092070.2
ENSG00000096070.19,0.6880062281635191,0.9395941410175132,BRPF3
ENSG00000256443.1,0.7593682332953641,0.954058336654786,AP003559.1
ENSG00000115353.11,0.7524368684104193,0.9516017937839363,TACR1
ENSG00000140682.19,0.4449027314863886,0.8598988221012636,TGFB1I1
ENSG00000106829.20,0.9031747777530699,0.9856667345511565,TLE4
ENSG00000154548.9,0.7473305145332295,0.9499217968867156,SRSF12
ENSG00000124177.15,0.09595648588894383,0.6155845931723809,CHD6
ENSG00000164916.11,0.914369872102412,0.9874506284859019,FOXK1
ENSG00000239569.3,0.8588695933389577,0.9767825170272918,KMT2E-AS1
ENSG00000158528.12,0.30055229443360965,0.7878478351615926,PPP1R9A
ENSG00000200742.1,0.13798803832303744,0.667794102766811,Y_RNA
ENSG00000229539.1,0.2019124151883832,0.719102748374656,PANK2-AS1
ENSG00000155849.15,0.013720026290224329,0.42500769577816633,ELMO1
ENSG00000113790.11,0.7729254116058378,0.9563961752089646,EHHADH
ENSG00000272420.1,0.024688847185767557,0.4600429957364149,AL513477.2
ENSG00000061938.20,0.9842529774963961,0.9977497183130197,TNK2
ENSG00000179967.11,0.017004164207145542,0.4374080164244873,PPP1R14BP3
ENSG00000286529.1,0.3938113042701148,0.8410443497529722,AC090398.2
ENSG00000240665.1,0.3381945352190524,0.8065126189054084,LSP1P2
ENSG00000164430.16,0.816836978796321,0.9678725546419633,CGAS
ENSG00000280399.1,0.29940343817076376,0.7878478351615926,AC022497.1
ENSG00000165801.10,0.37467764532199554,0.8310993198252902,ARHGEF40
ENSG00000252164.1,0.48002000931192523,0.8719141432457757,RNA5SP282
ENSG00000159259.8,0.1892823586749505,0.7103139405117631,CHAF1B
ENSG00000169871.13,0.7157654574709971,0.9441033806141912,TRIM56
ENSG00000163564.15,0.05214518694635622,0.5253539650933472,PYHIN1
ENSG00000240875.6,0.7493637647243603,0.9506764040047618,LINC00886
ENSG00000260259.1,0.7511385975040148,0.9512658177815286,LINC02166
ENSG00000106100.11,0.6237426623014731,0.9220340980759956,NOD1
ENSG00000137177.20,0.7434486352214373,0.9497408601738444,KIF13A
ENSG00000200893.1,0.780072640068374,0.9589162754612226,RNU6-944P
ENSG00000131368.8,0.8324018925844805,0.9709332612582274,MRPS25
ENSG00000167747.15,0.27705459025655765,0.7729256421458272,C19orf48
ENSG00000261207.1,0.3635738169038806,0.8235807736994303,AL031717.1
ENSG00000252892.1,0.4826774707755618,0.8719141432457757,RNU6-548P
ENSG00000037280.16,0.9963551437923205,0.9995597017000601,FLT4
ENSG00000135596.18,0.19050748877619622,0.7103139405117631,MICAL1
ENSG00000164778.4,0.679560962282947,0.9385116734699985,EN2
ENSG00000279453.1,0.46785530295100086,0.8681058987432364,Z99129.4
ENSG00000171962.18,0.18672836657721426,0.7073857182115731,DRC3
ENSG00000006432.15,0.8185787534541055,0.9683758068252137,MAP3K9
ENSG00000273117.1,0.8172466235718929,0.9678725546419633,AC144652.1
ENSG00000172974.11,0.22044440031720056,0.7341958764248658,VDAC2P5
ENSG00000164938.14,0.4013938257251016,0.8444215855014771,TP53INP1
ENSG00000226002.1,0.1503015621701448,0.674538134352904,GTF2IP14
ENSG00000198840.2,0.5637724062615017,0.9035268196516303,MT-ND3
ENSG00000122884.12,0.0620757023790556,0.5511255495908903,P4HA1
ENSG00000123965.13,0.044403092235376154,0.5099223044203635,PMS2P5
ENSG00000109272.4,0.3123243139286594,0.7959477258037949,PF4V1
ENSG00000182487.12,0.9343360768301759,0.9877707876523755,NCF1B
ENSG00000185008.17,0.36465008584746006,0.8235807736994303,ROBO2
ENSG00000169738.8,0.9135240938145082,0.9874506284859019,DCXR
ENSG00000186479.5,0.048486168559140834,0.5163818598736397,RGS7BP
ENSG00000177156.11,0.3481884071469762,0.8131787406907613,TALDO1
ENSG00000089847.12,0.6122824429252234,0.9208522890139409,ANKRD24
ENSG00000254332.1,0.25464725699951435,0.7572932772190727,AF201337.1
ENSG00000196684.12,0.8518990245817427,0.9747476639069517,HSH2D
ENSG00000198056.15,0.7171272867608829,0.9441033806141912,PRIM1
ENSG00000124171.9,0.7349999726311853,0.946497911303388,PARD6B
ENSG00000187566.6,0.7958404857406779,0.961891359147811,NHLRC1
ENSG00000253552.8,0.23659443253713447,0.747260698224299,HOXA-AS2
ENSG00000157870.17,0.32347941814945347,0.803871252768513,PRXL2B
ENSG00000064115.11,0.9337550273559991,0.9877707876523755,TM7SF3
ENSG00000230383.1,0.6125872745353842,0.9208522890139409,AC009245.1
ENSG00000111412.6,0.7687657207800215,0.9563717850694351,SPRING1
ENSG00000267107.8,0.9935377166823387,0.9995597017000601,PCAT19
ENSG00000128595.17,0.7942046507126606,0.9616039778259828,CALU
ENSG00000130590.14,0.4600667804642321,0.8641624708971649,SAMD10
ENSG00000154822.18,0.06187077327372039,0.5511236673368562,PLCL2
ENSG00000223177.1,0.6901357281770915,0.9398816825207783,RNA5SP39
ENSG00000268751.1,0.2897786438901542,0.7823885012751264,SCGB1B2P
ENSG00000121671.12,0.17003864349722303,0.6922507070377535,CRY2
ENSG00000144214.10,0.5676845508036847,0.9041905959309144,LYG1
ENSG00000272330.1,0.8104615073661174,0.9657626497863985,AC002044.1
ENSG00000100644.17,0.25188677589045355,0.754992192987301,HIF1A
ENSG00000265791.1,0.5737603761270489,0.9060580106138864,AC127024.4
ENSG00000035403.18,0.3010324069072023,0.7878478351615926,VCL
ENSG00000254577.1,0.6576215419334263,0.9325338476798936,AC087276.1
ENSG00000154342.6,0.5837368597794503,0.9076064088245793,WNT3A
ENSG00000179041.4,0.32014549831251016,0.8011233444011248,RRS1
ENSG00000258088.1,0.5045214136079708,0.8806972250572762,AC078820.1
ENSG00000184922.14,0.5451484399220106,0.8994501775504316,FMNL1
ENSG00000160233.8,0.32231127562387446,0.8029865165936526,LRRC3
ENSG00000111052.7,0.6903823217893903,0.9398816825207783,LIN7A
ENSG00000136492.9,0.1097845940649228,0.6397722282574139,BRIP1
ENSG00000174059.17,0.24257253665449396,0.7494582623252689,CD34
ENSG00000172244.9,0.5517049196815047,0.9028106760495546,C5orf34
ENSG00000171858.18,0.7768888635127265,0.9580902573098949,RPS21
ENSG00000006062.17,0.12288647926336517,0.6575903912309904,MAP3K14
ENSG00000185946.16,0.5085483499528246,0.8823488792753093,RNPC3
ENSG00000232759.1,0.44755745477983055,0.8598988221012636,AC002480.1
ENSG00000232926.1,0.6874293486839738,0.9393841661479239,AC000078.1
ENSG00000204588.5,0.31022708357836176,0.7955355439635531,LINC01123
ENSG00000267102.1,0.3509985347022875,0.8139304248142649,AC060766.1
ENSG00000160298.18,0.5163907097637531,0.8853053511729732,C21orf58
ENSG00000173193.15,0.6615947368818029,0.9331066559292748,PARP14
ENSG00000266010.2,0.20761767995904926,0.7244173771688763,GATA6-AS1
ENSG00000251611.1,0.954293063183853,0.9910014611768776,FAM160A1-DT
ENSG00000261061.1,0.05644923756835845,0.537968035139416,AC092718.4
ENSG00000115109.14,0.023869801198298454,0.45446155147114187,EPB41L5
ENSG00000206647.1,0.007798935449338379,0.422343717894382,AC007240.1
ENSG00000212175.1,0.6498579629710797,0.9303376608044333,AC015982.1
ENSG00000116852.15,0.27596537147297473,0.7718333667520658,KIF21B
ENSG00000231993.1,0.9354151433387613,0.9877707876523755,EP300-AS1
ENSG00000081853.15,0.8829420258530037,0.9815642639442714,PCDHGA2
ENSG00000241081.1,0.018190716319762025,0.4534808673388542,RPL22P2
ENSG00000162458.13,0.6438559846568517,0.9288737868649792,FBLIM1
ENSG00000253739.1,0.5640390151003029,0.9035268196516303,RNU6-323P
ENSG00000131730.16,0.04133056362616246,0.49769848308205356,CKMT2
ENSG00000198964.14,0.8985086299949161,0.9849234764572464,SGMS1
ENSG00000143418.20,0.6595065995862471,0.9331066559292748,CERS2
ENSG00000137496.18,0.3955667035655318,0.8418423607478821,IL18BP
ENSG00000197299.12,0.29486995328230603,0.7841917201970101,BLM
ENSG00000139865.16,0.31845571859085514,0.8001564140163943,TTC6
ENSG00000268041.2,0.7807403163935944,0.9591284440008568,ERFL
ENSG00000251442.6,0.8484215366288785,0.9746438889486686,LINC01094
ENSG00000274849.1,0.6437246648783941,0.9288737868649792,AC023043.4
ENSG00000061918.14,0.8475734180617349,0.9746438889486686,GUCY1B1
ENSG00000106785.15,0.6691986128720999,0.936215250763762,TRIM14
ENSG00000149582.16,0.039628935411391474,0.4939440179824599,TMEM25
ENSG00000252614.1,0.46736836318754915,0.8680627299267651,RNU6-807P
ENSG00000130844.19,0.9287412236051735,0.9876697076255315,ZNF331
ENSG00000115935.18,0.05947595837541519,0.5477532167009314,WIPF1
ENSG00000237506.3,0.8175789007605744,0.9681211235054107,RPSAP15
ENSG00000106952.7,0.0012117077844708804,0.3251137189732896,TNFSF8
ENSG00000176956.13,0.0018088006378904776,0.3436589480009844,LY6H
ENSG00000188486.3,0.00024028018880143678,0.24447380633376592,H2AX
ENSG00000269235.2,0.7487178622604249,0.9506193082632362,ZNF350-AS1
ENSG00000111218.12,0.011617078707468245,0.42346125611093927,PRMT8
ENSG00000204136.11,0.31084161729140375,0.7955355439635531,GGTA1
ENSG00000273812.3,0.9168508657375591,0.9874506284859019,BX640514.2
ENSG00000007384.15,0.762264127192717,0.9546135016627755,RHBDF1
ENSG00000273720.1,0.7330811782919899,0.9464129460240966,AC091812.2
ENSG00000135525.18,0.607536605983871,0.9179946738238202,MAP7
ENSG00000102181.21,0.32661402274830564,0.805154585403318,CD99L2
ENSG00000104290.11,0.24123768236099635,0.7485579798110306,FZD3
ENSG00000170004.17,0.02167644373664861,0.45446155147114187,CHD3
ENSG00000151276.23,0.25010130431299255,0.753351605908519,MAGI1
ENSG00000187266.14,0.15070258285960997,0.674538134352904,EPOR
ENSG00000166387.13,0.808140586183721,0.9651433907711591,PPFIBP2
ENSG00000188522.15,0.4261419188085862,0.8540295924990163,FAM83G
ENSG00000237424.1,0.10105066600430736,0.6253398336816275,FOXD2-AS1
ENSG00000132677.13,0.6214466612960303,0.9208773118867741,RHBG
ENSG00000113555.6,0.48488618491305635,0.8719141432457757,PCDH12
ENSG00000116539.14,0.03355291737845413,0.48557511711515106,ASH1L
ENSG00000152804.11,0.09460205615509118,0.6123586449973578,HHEX
ENSG00000069493.15,0.300657640266643,0.7878478351615926,CLEC2D
ENSG00000052126.14,0.5494840818341407,0.901589543674977,PLEKHA5
ENSG00000152760.10,0.8645275069736946,0.9770556622605978,TCTEX1D1
ENSG00000277149.5,0.5976020204084459,0.912730639395792,TYW1B
ENSG00000248124.8,0.8959257897582351,0.9849234764572464,RRN3P1
ENSG00000149177.13,0.708111352775593,0.9436811839781982,PTPRJ
ENSG00000112877.8,0.3792412206692397,0.8356278413605698,CEP72
ENSG00000267565.1,0.4291746912367571,0.8548822604941004,AC011477.2
ENSG00000140563.15,0.18620879821576147,0.7068678754077737,MCTP2
ENSG00000228589.3,0.1799958373776694,0.6999838120242698,SPCS2P4
ENSG00000249279.6,0.23889095927201073,0.7485579798110306,LINC02057
ENSG00000253910.2,0.2744075619161702,0.7713446392170954,PCDHGB2
ENSG00000163132.8,0.17607121699174183,0.6927142473482991,MSX1
ENSG00000287168.1,0.9273198009517348,0.9876697076255315,AL512625.3
ENSG00000255650.6,0.49598976858118327,0.8768203004666563,FAM222A-AS1
ENSG00000153707.17,0.7048835599195831,0.9433377204586122,PTPRD
ENSG00000230062.5,0.03657731434854353,0.49106991772126546,ANKRD66
ENSG00000244363.3,0.6680371977509083,0.9354155514271939,RPL7P23
ENSG00000115295.20,0.5427544914434962,0.898646098741068,CLIP4
ENSG00000253846.2,0.79328990232195,0.9610848717057168,PCDHGA10
ENSG00000222032.1,0.7926534143139345,0.9609245482591051,AC112721.2
ENSG00000106261.17,0.7039631005928584,0.9433377204586122,ZKSCAN1
ENSG00000134470.21,0.33001001202625013,0.8052370663303848,IL15RA
ENSG00000201183.1,0.06469935494148082,0.5562738017251232,RNVU1-3
ENSG00000138964.17,0.17676498698697102,0.6934897867272102,PARVG
ENSG00000140534.14,0.5244943163914428,0.8895261669503244,TICRR
ENSG00000187741.15,0.31606052836762544,0.798715180800932,FANCA
ENSG00000141542.11,0.4786741085957592,0.8719141432457757,RAB40B
ENSG00000259015.1,0.2524564447039169,0.7561266480908682,AL442663.4
ENSG00000011105.14,0.8425420646826152,0.9729543438307586,TSPAN9
ENSG00000171729.14,0.013703967800690638,0.42500769577816633,TMEM51
ENSG00000233922.3,0.9959274802417294,0.9995597017000601,LINC01694
ENSG00000178573.7,0.7316177728048676,0.9455112964818361,MAF
ENSG00000160588.10,0.6881569649111814,0.9396377684183401,MPZL3
ENSG00000137343.18,0.16483012253722523,0.6880244165010297,ATAT1
ENSG00000143355.16,0.6798492765582544,0.9385116734699985,LHX9
ENSG00000205309.14,0.6140740668559838,0.9208522890139409,NT5M
ENSG00000278418.1,0.051617626901625434,0.5241276364465433,MIR6512
ENSG00000250571.7,0.9514627549338598,0.9901922126434592,GLI4
ENSG00000164733.22,0.41042922170974405,0.8489788555763796,CTSB
ENSG00000252643.1,0.6503338964047636,0.9303376608044333,RNU6-1136P
ENSG00000122644.13,0.9392355487692935,0.9885797730536688,ARL4A
ENSG00000175772.11,0.5812051079961424,0.9070781322354399,LINC01106
ENSG00000255398.3,0.6467838334167831,0.9296537868743945,HCAR3
ENSG00000272660.1,0.9305214899458376,0.9876697076255315,AC090425.2
ENSG00000167984.18,0.013754989901290844,0.42500769577816633,NLRC3
ENSG00000163820.15,0.11482148560652054,0.650767218447436,FYCO1
ENSG00000105355.9,0.04178253000127412,0.4982139846093936,PLIN3
ENSG00000214182.5,0.7997475299521208,0.961891359147811,PTMAP5
ENSG00000236212.2,0.07072479835771497,0.5674162817041065,AC009262.1
ENSG00000064225.12,0.08004900546731528,0.578554488530925,ST3GAL6
ENSG00000176601.13,0.10025163965205124,0.6244867620898755,MAP3K19
ENSG00000213983.12,0.7904500479112221,0.9608714494139055,AP1G2
ENSG00000043143.20,0.696528608590196,0.9424247357938722,JADE2
ENSG00000183439.9,0.5092636023229541,0.8826194334738314,TRIM61
ENSG00000221968.9,0.5936624487519795,0.9101015632014577,FADS3
ENSG00000252581.1,0.8520181683778338,0.9747476639069517,RNU6-1098P
ENSG00000168890.14,0.579875259353736,0.9070406342289169,TMEM150A
ENSG00000270558.1,0.7994849833056006,0.961891359147811,AC025449.1
ENSG00000186088.16,0.9977784452318229,0.9995597017000601,GSAP
ENSG00000221676.1,0.6378453636767956,0.9258940903840456,RNU6ATAC
ENSG00000162437.14,0.26705673865022705,0.7678582761200466,RAVER2
ENSG00000225218.1,0.279419722981944,0.7763294727036097,AP001628.1
ENSG00000126838.10,0.19319413569246718,0.7127638121862945,PZP
ENSG00000259725.1,0.01592887646655732,0.4374080164244873,AC106738.2
ENSG00000160789.22,0.44833810603207924,0.8598988221012636,LMNA
ENSG00000100427.16,0.4414770845688363,0.858229591755151,MLC1
ENSG00000259969.1,0.7173987457561104,0.9441033806141912,AL049838.1
ENSG00000173597.9,0.3563677664663719,0.8197611815933764,SULT1B1
ENSG00000070961.16,0.20099043253918117,0.7181402209351381,ATP2B1
ENSG00000110031.13,0.07695839996724195,0.571677324061824,LPXN
ENSG00000160888.7,0.567488479362316,0.9041905959309144,IER2
ENSG00000143537.14,0.4170204435728724,0.8508898477243562,ADAM15
ENSG00000187098.17,0.8220828919006107,0.9683758068252137,MITF
ENSG00000114529.13,0.7825252305307766,0.9595440264603029,C3orf52
ENSG00000238363.1,0.8688148226303529,0.9783838026122388,SNORA13
ENSG00000167994.13,0.8114327091718262,0.9660391739304391,RAB3IL1
ENSG00000269951.1,0.6156331227917762,0.9208522890139409,AC090181.2
ENSG00000235552.4,0.39721580011649316,0.8418423607478821,RPL6P27
ENSG00000165476.14,0.7406356690988343,0.948733302440774,REEP3
ENSG00000279495.1,0.3670609683207512,0.8247440261735882,AL928654.4
ENSG00000199471.1,0.10784490061323516,0.6356580952687706,Y_RNA
ENSG00000134243.12,0.3670707705451973,0.8247440261735882,SORT1
ENSG00000188613.7,0.42138503532032423,0.8523476429387656,NANOS1
ENSG00000203635.2,0.6670713052199766,0.9354155514271939,AC144450.1
ENSG00000159335.18,0.1619222558905905,0.6841907286829972,PTMS
ENSG00000239719.1,0.6971308685845611,0.9424247357938722,AC004890.1
ENSG00000161267.12,0.5978456394964887,0.9128131133359503,BDH1
ENSG00000135424.18,0.20750930840018283,0.7244173771688763,ITGA7
ENSG00000168081.9,0.60577624249416,0.9177001484507809,PNOC
ENSG00000105245.9,0.092721097246046,0.6098135540740963,NUMBL
ENSG00000196586.16,0.11454164540349096,0.650767218447436,MYO6
ENSG00000196890.4,0.7006240095401094,0.9431477051501473,H2BU1
ENSG00000100376.12,0.7711967552409156,0.9563961752089646,FAM118A
ENSG00000255624.3,0.5796734286427961,0.9070406342289169,C10orf88B
ENSG00000047365.12,0.7890259396304135,0.9608714494139055,ARAP2
ENSG00000170579.17,0.9120240436476086,0.9874506284859019,DLGAP1
ENSG00000092445.12,0.060822753184229666,0.5493930815422854,TYRO3
ENSG00000108786.11,0.34868109527199986,0.8131787406907613,HSD17B1
ENSG00000151376.17,0.9952261726513801,0.9995597017000601,ME3
ENSG00000114948.13,0.02077546472780668,0.4534808673388542,ADAM23
